ORDERNUMBER,QUANTITYORDERED,PRICEEACH,ORDERLINENUMBER,SALES,ORDERDATE,STATUS,QTR_ID,MONTH_ID,YEAR_ID,PRODUCTLINE,MSRP,PRODUCTCODE,CUSTOMERNAME,PHONE,ADDRESSLINE1,ADDRESSLINE2,CITY,STATE,POSTALCODE,COUNTRY,TERRITORY,CONTACTLASTNAME,CONTACTFIRSTNAME,DEALSIZE,customer_acquisition_cohort,acquisition_quartile,product_prefix,deal_complexity_score_x,deal_complexity_score_y,total_sales,order_count,clv_b2b,territory_performance_index,customer_value_score,customer_tier
10121,34,81.35,5,2765.9,2003-05-07,Shipped,2,5,2003,Motorcycles,95,S10_1678,Reims Collectables,26.47.1555,59 rue de l'Abbaye,,Reims,,51100,France,EMEA,Henriot,Paul,Small,10121,Growth,S1,5,5,135042.94,41,71024.02463976944,1.0,0.07987576822974221,Bronze
10134,41,94.74,2,3884.34,2003-07-01,Shipped,3,7,2003,Motorcycles,95,S10_1678,Lyon Souveniers,+33 1 46 62 7555,27 rue du Colonel Pierre Avia,,Paris,,75508,France,EMEA,Da Cunha,Daniel,Medium,10134,Growth,S1,7,7,78570.34,20,45811.77971246006,1.0,0.042184142256092155,Bronze
10180,29,86.13,9,2497.77,2003-11-11,Shipped,4,11,2003,Motorcycles,95,S10_1678,Daedalus Designs Imports,20.16.1555,"184, chausse de Tournai",,Lille,,59000,France,EMEA,Rance,Martine,Small,10180,Scale,S1,14,14,69052.41,20,244700.2878640777,1.0,0.047883188318364044,Bronze
10188,48,100.0,1,5512.32,2003-11-18,Shipped,4,11,2003,Motorcycles,95,S10_1678,Herkku Gifts,+47 2267 3215,"Drammen 121, PR 744 Sentrum",,Bergen,,N 5804,Norway,EMEA,Oeztan,Veysel,Medium,10181,Scale,S1,8,8,111640.28,29,137201.01750841748,1.0,0.06343619416528738,Bronze
10211,41,100.0,14,4708.44,2004-01-15,Shipped,1,1,2004,Motorcycles,95,S10_1678,Auto Canal Petit,(1) 47.55.6555,"25, rue Lauriston",,Paris,,75016,France,EMEA,Perrier,Dominique,Medium,10211,Recent,S1,15,15,93170.66,27,75740.06881959911,1.0,0.054664607831659315,Bronze
10223,37,100.0,1,3965.66,2004-02-20,Shipped,1,2,2004,Motorcycles,95,S10_1678,"Australian Collectors, Co.",03 9520 4555,636 St Kilda Road,Level 3,Melbourne,Victoria,3004,Australia,APAC,Ferguson,Peter,Medium,10120,Growth,S1,15,15,200995.41,55,126270.78253012049,0.14445278660885533,0.11271325808083006,Bronze
10275,45,92.83,1,4177.35,2004-07-23,Shipped,3,7,2004,Motorcycles,95,S10_1678,La Rochelle Gifts,40.67.8555,"67, rue des Cinquante Otages",,Nantes,,44000,France,EMEA,Labrune,Janine,Medium,10275,Recent,S1,18,18,180124.9,53,210049.803514377,1.0,0.1091008571092068,Bronze
10299,23,100.0,9,2597.39,2004-09-30,Shipped,3,9,2004,Motorcycles,95,S10_1678,"Toys of Finland, Co.",90-224 8555,Keskuskatu 45,,Helsinki,,21240,Finland,EMEA,Karttunen,Matti,Small,10155,Scale,S1,11,11,111250.38,30,82365.9,1.0,0.06236245706238509,Bronze
10309,41,100.0,5,4394.38,2004-10-15,Shipped,4,10,2004,Motorcycles,95,S10_1678,Baane Mini Imports,07-98 9555,Erling Skakkes gate 78,,Stavern,,4110,Norway,EMEA,Bergulfsen,Jonas,Medium,10103,Early,S1,6,6,116599.19,32,65778.52295208655,1.0,0.06520234066938801,Bronze
10341,41,100.0,9,7737.93,2004-11-24,Shipped,4,11,2004,Motorcycles,95,S10_1678,Salzburg Collectables,6562-9555,Geislweg 14,,Salzburg,,5020,Austria,EMEA,Pipps,Georg,Large,10119,Growth,S1,10,10,149798.63,40,72804.92669773634,1.0,0.08202203553143256,Bronze
10361,20,72.55,13,1451.0,2004-12-17,Shipped,4,12,2004,Motorcycles,95,S10_1678,Souveniers And Things Co.,+61 2 9495 8555,"Monitor Money Building, 815 Pacific Hwy",Level 6,Chatswood,NSW,2067,Australia,APAC,Huxley,Adrian,Small,10139,Growth,S1,14,14,151570.98,46,80882.175,0.14445278660885533,0.08967658031400969,Bronze
10375,21,34.91,12,733.11,2005-02-03,Shipped,1,2,2005,Motorcycles,95,S10_1678,La Rochelle Gifts,40.67.8555,"67, rue des Cinquante Otages",,Nantes,,44000,France,EMEA,Labrune,Janine,Small,10275,Recent,S1,15,15,180124.9,53,210049.803514377,1.0,0.1091008571092068,Bronze
10403,24,100.0,7,2434.56,2005-04-08,Shipped,2,4,2005,Motorcycles,95,S10_1678,"UK Collectables, Ltd.",(171) 555-2282,Berkeley Gardens 12  Brewery,,Liverpool,,WX1 6LT,UK,EMEA,Devon,Elizabeth,Small,10253,Recent,S1,9,9,118008.27,29,78172.44745916517,1.0,0.06252151573536294,Bronze
10417,66,100.0,2,7516.08,2005-05-13,Disputed,2,5,2005,Motorcycles,95,S10_1678,Euro Shopping Channel,(91) 555 94 44,"C/ Moralzarzal, 86",,Madrid,,28034,Spain,EMEA,Freyre,Diego,Large,10104,Early,S1,6,6,912294.11,259,390830.2231807512,1.0,0.5152993396387399,Gold
10103,26,100.0,11,5404.62,2003-01-29,Shipped,1,1,2003,Classic Cars,214,S10_1949,Baane Mini Imports,07-98 9555,Erling Skakkes gate 78,,Stavern,,4110,Norway,EMEA,Bergulfsen,Jonas,Medium,10103,Early,S1,16,16,116599.19,32,65778.52295208655,1.0,0.06520234066938801,Bronze
10112,29,100.0,1,7209.11,2003-03-24,Shipped,1,3,2003,Classic Cars,214,S10_1949,"Volvo Model Replicas, Co",0921-12 3555,Berguvsvgen  8,,Lule,,S-958 22,Sweden,EMEA,Berglund,Christina,Large,10112,Early,S1,2,2,75754.88,19,45552.76968698518,1.0,0.040398475567936076,Bronze
10126,38,100.0,11,7329.06,2003-05-28,Shipped,2,5,2003,Classic Cars,214,S10_1949,"Corrida Auto Replicas, Ltd",(91) 555 22 82,"C/ Araquil, 67",,Madrid,,28023,Spain,EMEA,Sommer,Mart¡n,Large,10126,Growth,S1,17,17,120615.28,32,84016.36870229007,1.0,0.0667967122594898,Bronze
10150,45,100.0,8,10993.5,2003-09-19,Shipped,3,9,2003,Classic Cars,214,S10_1949,"Dragon Souveniers, Ltd.",+65 221 7555,"Bronz Sok., Bronz Apt. 3/6 Tesvikiye",,Singapore,,79903,Singapore,Japan,Natividad,Eric,Large,10117,Growth,S1,11,11,172989.68,43,91908.63639010189,0.09121179679999217,0.09132888493134783,Bronze
10174,34,100.0,4,8014.82,2003-11-06,Shipped,4,11,2003,Classic Cars,214,S10_1949,"Australian Gift Network, Co",61-7-3844-6555,31 Duncan St. West End,,South Brisbane,Queensland,4101,Australia,APAC,Calaghan,Tony,Large,10152,Scale,S1,5,5,59469.12,15,43674.504627766604,0.14445278660885533,0.032121457634630854,Bronze
10194,42,100.0,11,7290.36,2003-11-25,Shipped,4,11,2003,Classic Cars,214,S10_1949,"Saveley & Henriot, Co.",78.32.5555,"2, rue du Commerce",,Lyon,,69004,France,EMEA,Saveley,Mary,Large,10194,Scale,S1,11,11,142874.25,41,526758.5984848485,1.0,0.09943267580879472,Bronze
10258,32,100.0,6,7680.64,2004-06-15,Shipped,2,6,2004,Classic Cars,214,S10_1949,"Tokyo Collectables, Ltd",+81 3 3584 0555,2-2-8 Roppongi,,Minato-ku,Tokyo,106-0032,Japan,Japan,Shimamura,Akiko,Large,10258,Recent,S1,6,6,120562.74,32,141042.94903846155,0.09121179679999217,0.06901754192631648,Bronze
10270,21,100.0,9,4905.39,2004-07-19,Shipped,3,7,2004,Classic Cars,214,S10_1949,Souveniers And Things Co.,+61 2 9495 8555,"Monitor Money Building, 815 Pacific Hwy",Level 6,Chatswood,NSW,2067,Australia,APAC,Huxley,Adrian,Medium,10139,Growth,S1,11,11,151570.98,46,80882.175,0.14445278660885533,0.08967658031400969,Bronze
10280,34,100.0,2,8014.82,2004-08-17,Shipped,3,8,2004,Classic Cars,214,S10_1949,Amica Models & Co.,011-4988555,Via Monte Bianco 34,,Torino,,10100,Italy,EMEA,Accorti,Paolo,Large,10280,Recent,S1,17,17,94117.26,26,1431366.6624999999,1.0,0.10678083828361203,Bronze
10291,37,100.0,11,7136.19,2004-09-08,Shipped,3,9,2004,Classic Cars,214,S10_1949,Scandinavian Gift Ideas,0695-34 6555,?kergatan 24,,Boras,,S-844 67,Sweden,EMEA,Larsson,Maria,Large,10167,Scale,S1,14,14,134259.33,38,98402.92259036144,1.0,0.0773008431710182,Bronze
10304,47,100.0,6,10172.7,2004-10-11,Shipped,4,10,2004,Classic Cars,214,S10_1949,Auto Assoc. & Cie.,30.59.8555,"67, avenue de l'Europe",,Versailles,,78000,France,EMEA,Tonini,Daniel,Large,10216,Recent,S1,17,17,64834.32,18,93535.67905138338,1.0,0.03872441348619289,Bronze
10347,30,100.0,1,3944.7,2004-11-29,Shipped,4,11,2004,Classic Cars,214,S10_1949,"Australian Collectors, Co.",03 9520 4555,636 St Kilda Road,Level 3,Melbourne,Victoria,3004,Australia,APAC,Ferguson,Peter,Medium,10120,Growth,S1,12,12,200995.41,55,126270.78253012049,0.14445278660885533,0.11271325808083006,Bronze
10391,24,100.0,4,2416.56,2005-03-09,Shipped,1,3,2005,Classic Cars,214,S10_1949,"Anna's Decorations, Ltd",02 9936 8555,201 Miller Street,Level 15,North Sydney,NSW,2060,Australia,APAC,O'Hara,Anna,Small,10148,Scale,S1,10,10,153996.13,46,102946.13086080586,0.14445278660885533,0.09107194995497356,Bronze
10424,50,100.0,6,12001.0,2005-05-31,In Process,2,5,2005,Classic Cars,214,S10_1949,Euro Shopping Channel,(91) 555 94 44,"C/ Moralzarzal, 86",,Madrid,,28034,Spain,EMEA,Freyre,Diego,Large,10104,Early,S1,6,6,912294.11,259,390830.2231807512,1.0,0.5152993396387399,Gold
10120,29,96.34,3,2793.86,2003-04-29,Shipped,2,4,2003,Motorcycles,118,S10_2016,"Australian Collectors, Co.",03 9520 4555,636 St Kilda Road,Level 3,Melbourne,Victoria,3004,Australia,APAC,Ferguson,Peter,Small,10120,Growth,S1,15,15,200995.41,55,126270.78253012049,0.14445278660885533,0.11271325808083006,Bronze
10134,27,100.0,5,3307.77,2003-07-01,Shipped,3,7,2003,Motorcycles,118,S10_2016,Lyon Souveniers,+33 1 46 62 7555,27 rue du Colonel Pierre Avia,,Paris,,75508,France,EMEA,Da Cunha,Daniel,Medium,10134,Growth,S1,7,7,78570.34,20,45811.77971246006,1.0,0.042184142256092155,Bronze
10180,42,100.0,12,4695.6,2003-11-11,Shipped,4,11,2003,Motorcycles,118,S10_2016,Daedalus Designs Imports,20.16.1555,"184, chausse de Tournai",,Lille,,59000,France,EMEA,Rance,Martine,Medium,10180,Scale,S1,14,14,69052.41,20,244700.2878640777,1.0,0.047883188318364044,Bronze
10188,38,96.34,4,3660.92,2003-11-18,Shipped,4,11,2003,Motorcycles,118,S10_2016,Herkku Gifts,+47 2267 3215,"Drammen 121, PR 744 Sentrum",,Bergen,,N 5804,Norway,EMEA,Oeztan,Veysel,Medium,10181,Scale,S1,8,8,111640.28,29,137201.01750841748,1.0,0.06343619416528738,Bronze
10210,23,100.0,2,3009.09,2004-01-12,Shipped,1,1,2004,Motorcycles,118,S10_2016,Osaka Souveniers Co.,+81 06 6342 5555,"Dojima Avanza 4F, 1-6-20 Dojima, Kita-ku",,Osaka,Osaka,530-0003,Japan,Japan,Kentary,Mory,Medium,10210,Recent,S1,17,17,67605.07,20,265331.72634408606,0.09121179679999217,0.048373524517489136,Bronze
10223,47,100.0,4,5422.39,2004-02-20,Shipped,1,2,2004,Motorcycles,118,S10_2016,"Australian Collectors, Co.",03 9520 4555,636 St Kilda Road,Level 3,Melbourne,Victoria,3004,Australia,APAC,Ferguson,Peter,Medium,10120,Growth,S1,15,15,200995.41,55,126270.78253012049,0.14445278660885533,0.11271325808083006,Bronze
10275,22,100.0,4,2904.44,2004-07-23,Shipped,3,7,2004,Motorcycles,118,S10_2016,La Rochelle Gifts,40.67.8555,"67, rue des Cinquante Otages",,Nantes,,44000,France,EMEA,Labrune,Janine,Small,10275,Recent,S1,18,18,180124.9,53,210049.803514377,1.0,0.1091008571092068,Bronze
10298,39,96.34,1,3757.26,2004-09-27,Shipped,3,9,2004,Motorcycles,118,S10_2016,Atelier graphique,40.32.2555,"54, rue Royale",,Nantes,,44000,France,EMEA,Schmitt,Carine,Medium,10123,Growth,S1,2,2,24179.96,7,15873.534892086329,1.0,0.014030402752811649,Bronze
10339,40,68.92,4,2756.8,2004-11-23,Shipped,4,11,2004,Motorcycles,118,S10_2016,"Tokyo Collectables, Ltd",+81 3 3584 0555,2-2-8 Roppongi,,Minato-ku,Tokyo,106-0032,Japan,Japan,Shimamura,Akiko,Small,10258,Recent,S1,16,16,120562.74,32,141042.94903846155,0.09121179679999217,0.06901754192631648,Bronze
10361,26,51.15,8,1329.9,2004-12-17,Shipped,4,12,2004,Motorcycles,118,S10_2016,Souveniers And Things Co.,+61 2 9495 8555,"Monitor Money Building, 815 Pacific Hwy",Level 6,Chatswood,NSW,2067,Australia,APAC,Huxley,Adrian,Small,10139,Growth,S1,14,14,151570.98,46,80882.175,0.14445278660885533,0.08967658031400969,Bronze
10374,39,100.0,5,5288.01,2005-02-02,Shipped,1,2,2005,Motorcycles,118,S10_2016,"Australian Gift Network, Co",61-7-3844-6555,31 Duncan St. West End,,South Brisbane,Queensland,4101,Australia,APAC,Calaghan,Tony,Medium,10152,Scale,S1,6,6,59469.12,15,43674.504627766604,0.14445278660885533,0.032121457634630854,Bronze
10402,45,100.0,1,5833.8,2005-04-07,Shipped,2,4,2005,Motorcycles,118,S10_2016,Auto Canal Petit,(1) 47.55.6555,"25, rue Lauriston",,Paris,,75016,France,EMEA,Perrier,Dominique,Medium,10211,Recent,S1,3,3,93170.66,27,75740.06881959911,1.0,0.054664607831659315,Bronze
10417,45,100.0,5,5887.35,2005-05-13,Disputed,2,5,2005,Motorcycles,118,S10_2016,Euro Shopping Channel,(91) 555 94 44,"C/ Moralzarzal, 86",,Madrid,,28034,Spain,EMEA,Freyre,Diego,Medium,10104,Early,S1,6,6,912294.11,259,390830.2231807512,1.0,0.5152993396387399,Gold
10120,46,100.0,2,9264.86,2003-04-29,Shipped,2,4,2003,Motorcycles,193,S10_4698,"Australian Collectors, Co.",03 9520 4555,636 St Kilda Road,Level 3,Melbourne,Victoria,3004,Australia,APAC,Ferguson,Peter,Large,10120,Growth,S1,15,15,200995.41,55,126270.78253012049,0.14445278660885533,0.11271325808083006,Bronze
10134,31,100.0,4,7023.98,2003-07-01,Shipped,3,7,2003,Motorcycles,193,S10_4698,Lyon Souveniers,+33 1 46 62 7555,27 rue du Colonel Pierre Avia,,Paris,,75508,France,EMEA,Da Cunha,Daniel,Large,10134,Growth,S1,7,7,78570.34,20,45811.77971246006,1.0,0.042184142256092155,Bronze
10180,41,100.0,11,8892.9,2003-11-11,Shipped,4,11,2003,Motorcycles,193,S10_4698,Daedalus Designs Imports,20.16.1555,"184, chausse de Tournai",,Lille,,59000,France,EMEA,Rance,Martine,Large,10180,Scale,S1,14,14,69052.41,20,244700.2878640777,1.0,0.047883188318364044,Bronze
10188,45,100.0,3,8714.7,2003-11-18,Shipped,4,11,2003,Motorcycles,193,S10_4698,Herkku Gifts,+47 2267 3215,"Drammen 121, PR 744 Sentrum",,Bergen,,N 5804,Norway,EMEA,Oeztan,Veysel,Large,10181,Scale,S1,8,8,111640.28,29,137201.01750841748,1.0,0.06343619416528738,Bronze
10210,34,100.0,1,6123.4,2004-01-12,Shipped,1,1,2004,Motorcycles,193,S10_4698,Osaka Souveniers Co.,+81 06 6342 5555,"Dojima Avanza 4F, 1-6-20 Dojima, Kita-ku",,Osaka,Osaka,530-0003,Japan,Japan,Kentary,Mory,Medium,10210,Recent,S1,17,17,67605.07,20,265331.72634408606,0.09121179679999217,0.048373524517489136,Bronze
10223,49,100.0,3,9774.03,2004-02-20,Shipped,1,2,2004,Motorcycles,193,S10_4698,"Australian Collectors, Co.",03 9520 4555,636 St Kilda Road,Level 3,Melbourne,Victoria,3004,Australia,APAC,Ferguson,Peter,Large,10120,Growth,S1,15,15,200995.41,55,126270.78253012049,0.14445278660885533,0.11271325808083006,Bronze
10275,36,100.0,3,6901.92,2004-07-23,Shipped,3,7,2004,Motorcycles,193,S10_4698,La Rochelle Gifts,40.67.8555,"67, rue des Cinquante Otages",,Nantes,,44000,France,EMEA,Labrune,Janine,Medium,10275,Recent,S1,18,18,180124.9,53,210049.803514377,1.0,0.1091008571092068,Bronze
10299,29,100.0,11,6683.34,2004-09-30,Shipped,3,9,2004,Motorcycles,193,S10_4698,"Toys of Finland, Co.",90-224 8555,Keskuskatu 45,,Helsinki,,21240,Finland,EMEA,Karttunen,Matti,Medium,10155,Scale,S1,11,11,111250.38,30,82365.9,1.0,0.06236245706238509,Bronze
10339,39,76.67,3,2990.13,2004-11-23,Shipped,4,11,2004,Motorcycles,193,S10_4698,"Tokyo Collectables, Ltd",+81 3 3584 0555,2-2-8 Roppongi,,Minato-ku,Tokyo,106-0032,Japan,Japan,Shimamura,Akiko,Small,10258,Recent,S1,16,16,120562.74,32,141042.94903846155,0.09121179679999217,0.06901754192631648,Bronze
10374,22,100.0,1,3834.38,2005-02-02,Shipped,1,2,2005,Motorcycles,193,S10_4698,"Australian Gift Network, Co",61-7-3844-6555,31 Duncan St. West End,,South Brisbane,Queensland,4101,Australia,APAC,Calaghan,Tony,Medium,10152,Scale,S1,6,6,59469.12,15,43674.504627766604,0.14445278660885533,0.032121457634630854,Bronze
10403,66,100.0,9,11886.6,2005-04-08,Shipped,2,4,2005,Motorcycles,193,S10_4698,"UK Collectables, Ltd.",(171) 555-2282,Berkeley Gardens 12  Brewery,,Liverpool,,WX1 6LT,UK,EMEA,Devon,Elizabeth,Large,10253,Recent,S1,9,9,118008.27,29,78172.44745916517,1.0,0.06252151573536294,Bronze
10417,56,100.0,4,9218.16,2005-05-13,Disputed,2,5,2005,Motorcycles,193,S10_4698,Euro Shopping Channel,(91) 555 94 44,"C/ Moralzarzal, 86",,Madrid,,28034,Spain,EMEA,Freyre,Diego,Large,10104,Early,S1,6,6,912294.11,259,390830.2231807512,1.0,0.5152993396387399,Gold
10105,50,100.0,2,7208.0,2003-02-11,Shipped,1,2,2003,Classic Cars,136,S10_4757,Danish Wholesale Imports,31 12 3555,Vinb'ltet 34,,Kobenhavn,,1734,Denmark,EMEA,Petersen,Jytte,Large,10105,Early,S1,15,15,145041.6,36,66591.42641509433,1.0,0.07610272679186011,Bronze
10119,46,100.0,11,5004.8,2003-04-28,Shipped,2,4,2003,Classic Cars,136,S10_4757,Salzburg Collectables,6562-9555,Geislweg 14,,Salzburg,,5020,Austria,EMEA,Pipps,Georg,Medium,10119,Growth,S1,14,14,149798.63,40,72804.92669773634,1.0,0.08202203553143256,Bronze
10129,33,100.0,2,4398.24,2003-06-12,Shipped,2,6,2003,Classic Cars,136,S10_4757,"Stylish Desk Decors, Co.",(171) 555-0297,35 King George,,London,,WX3 6FW,UK,EMEA,Brown,Ann,Medium,10129,Growth,S1,9,9,88804.5,26,59914.31146025878,1.0,0.05192961308909447,Bronze
10155,32,100.0,13,4526.08,2003-10-06,Shipped,4,10,2003,Classic Cars,136,S10_4757,"Toys of Finland, Co.",90-224 8555,Keskuskatu 45,,Helsinki,,21240,Finland,EMEA,Karttunen,Matti,Medium,10155,Scale,S1,13,13,111250.38,30,82365.9,1.0,0.06236245706238509,Bronze
10167,44,100.0,9,5924.16,2003-10-23,Cancelled,4,10,2003,Classic Cars,136,S10_4757,Scandinavian Gift Ideas,0695-34 6555,?kergatan 24,,Boras,,S-844 67,Sweden,EMEA,Larsson,Maria,Medium,10167,Scale,S1,16,16,134259.33,38,98402.92259036144,1.0,0.0773008431710182,Bronze
10178,24,100.0,12,3492.48,2003-11-08,Shipped,4,11,2003,Classic Cars,136,S10_4757,Alpha Cognac,61.77.6555,1 rue Alsace-Lorraine,,Toulouse,,31000,France,EMEA,Roulet,Annette,Medium,10136,Growth,S1,12,12,70488.44,20,40580.88422712934,1.0,0.040207599850367405,Bronze
10186,26,100.0,9,3854.24,2003-11-14,Shipped,4,11,2003,Classic Cars,136,S10_4757,"Double Decker Gift Stores, Ltd",(171) 555-7555,120 Hanover Sq.,,London,,WA1 1DP,UK,EMEA,Hardy,Thomas,Medium,10186,Scale,S1,9,9,36019.04,12,187813.5657142857,1.0,0.02914808134381495,Bronze
10197,45,100.0,6,5324.4,2003-11-26,Shipped,4,11,2003,Classic Cars,136,S10_4757,Enaco Distributors,(93) 203 4555,"Rambla de Catalu¤a, 23",,Barcelona,,8022,Spain,EMEA,Saavedra,Eduardo,Medium,10118,Growth,S1,14,14,78411.86,23,49007.4125,1.0,0.04574939797050226,Bronze
10273,30,100.0,4,3508.8,2004-07-21,Shipped,3,7,2004,Classic Cars,136,S10_4757,Petit Auto,(02) 5554 67,Rue Joseph-Bens 532,,Bruxelles,,B-1180,Belgium,EMEA,Dewey,Catherine,Medium,10221,Recent,S1,15,15,74972.52,25,58472.157692307694,1.0,0.04768250670201093,Bronze
10316,33,100.0,17,4128.96,2004-11-01,Shipped,4,11,2004,Classic Cars,136,S10_4757,giftsbymail.co.uk,(198) 555-8888,Garden House Crowther Way,,Cowes,Isle of Wight,PO31 7PJ,UK,EMEA,Bennett,Helen,Medium,10232,Recent,S1,18,18,78240.84,26,125805.75594713655,1.0,0.052193137398217876,Bronze
10325,47,64.93,6,3051.71,2004-11-05,Shipped,4,11,2004,Classic Cars,136,S10_4757,Baane Mini Imports,07-98 9555,Erling Skakkes gate 78,,Stavern,,4110,Norway,EMEA,Bergulfsen,Jonas,Medium,10103,Early,S1,9,9,116599.19,32,65778.52295208655,1.0,0.06520234066938801,Bronze
10350,26,75.47,5,1962.22,2004-12-02,Shipped,4,12,2004,Classic Cars,136,S10_4757,Euro Shopping Channel,(91) 555 94 44,"C/ Moralzarzal, 86",,Madrid,,28034,Spain,EMEA,Freyre,Diego,Small,10104,Early,S1,17,17,912294.11,259,390830.2231807512,1.0,0.5152993396387399,Gold
10359,48,54.68,6,2624.64,2004-12-15,Shipped,4,12,2004,Classic Cars,136,S10_4757,Reims Collectables,26.47.1555,59 rue de l'Abbaye,,Reims,,51100,France,EMEA,Henriot,Paul,Small,10121,Growth,S1,8,8,135042.94,41,71024.02463976944,1.0,0.07987576822974221,Bronze
10373,39,100.0,3,4046.25,2005-01-31,Shipped,1,1,2005,Classic Cars,136,S10_4757,"Oulu Toy Supplies, Inc.",981-443655,Torikatu 38,,Oulu,,90110,Finland,EMEA,Koskitalo,Pirkko,Medium,10151,Scale,S1,17,17,104370.38,32,76343.06352705411,1.0,0.06293500544345523,Bronze
10395,32,100.0,2,3370.56,2005-03-17,Shipped,1,3,2005,Classic Cars,136,S10_4757,Lyon Souveniers,+33 1 46 62 7555,27 rue du Colonel Pierre Avia,,Paris,,75508,France,EMEA,Da Cunha,Daniel,Medium,10134,Growth,S1,4,4,78570.34,20,45811.77971246006,1.0,0.042184142256092155,Bronze
10103,42,100.0,4,5398.26,2003-01-29,Shipped,1,1,2003,Classic Cars,147,S10_4962,Baane Mini Imports,07-98 9555,Erling Skakkes gate 78,,Stavern,,4110,Norway,EMEA,Bergulfsen,Jonas,Medium,10103,Early,S1,16,16,116599.19,32,65778.52295208655,1.0,0.06520234066938801,Bronze
10114,31,100.0,8,4305.28,2003-04-01,Shipped,2,4,2003,Classic Cars,147,S10_4962,"La Corne D'abondance, Co.",(1) 42.34.2555,"265, boulevard Charonne",,Paris,,75012,France,EMEA,Bertrand,Marie,Medium,10114,Growth,S1,10,10,97203.68,23,59132.23866666666,1.0,0.0502654264226107,Bronze
10126,22,100.0,4,3347.74,2003-05-28,Shipped,2,5,2003,Classic Cars,147,S10_4962,"Corrida Auto Replicas, Ltd",(91) 555 22 82,"C/ Araquil, 67",,Madrid,,28023,Spain,EMEA,Sommer,Mart¡n,Medium,10126,Growth,S1,17,17,120615.28,32,84016.36870229007,1.0,0.0667967122594898,Bronze
10150,20,100.0,1,3191.2,2003-09-19,Shipped,3,9,2003,Classic Cars,147,S10_4962,"Dragon Souveniers, Ltd.",+65 221 7555,"Bronz Sok., Bronz Apt. 3/6 Tesvikiye",,Singapore,,79903,Singapore,Japan,Natividad,Eric,Medium,10117,Growth,S1,11,11,172989.68,43,91908.63639010189,0.09121179679999217,0.09132888493134783,Bronze
10164,21,100.0,2,3536.82,2003-10-21,Resolved,4,10,2003,Classic Cars,147,S10_4962,Mini Auto Werke,7675-3555,Kirchgasse 6,,Graz,,8010,Austria,EMEA,Mendel,Roland,Medium,10164,Scale,S1,8,8,52263.9,15,37625.88461538462,1.0,0.030305097200400477,Bronze
10175,33,100.0,9,5362.83,2003-11-06,Shipped,4,11,2003,Classic Cars,147,S10_4962,"Stylish Desk Decors, Co.",(171) 555-0297,35 King George,,London,,WX3 6FW,UK,EMEA,Brown,Ann,Medium,10129,Growth,S1,12,12,88804.5,26,59914.31146025878,1.0,0.05192961308909447,Bronze
10194,26,100.0,4,4263.74,2003-11-25,Shipped,4,11,2003,Classic Cars,147,S10_4962,"Saveley & Henriot, Co.",78.32.5555,"2, rue du Commerce",,Lyon,,69004,France,EMEA,Saveley,Mary,Medium,10194,Scale,S1,11,11,142874.25,41,526758.5984848485,1.0,0.09943267580879472,Bronze
10217,48,100.0,4,7020.48,2004-02-04,Shipped,1,2,2004,Classic Cars,147,S10_4962,Handji Gifts& Co,+65 224 1555,Village Close - 106 Linden Road Sandown,2nd Floor,Singapore,,69045,Singapore,APAC,Victorino,Wendy,Large,10217,Recent,S1,7,7,115498.73,36,94734.91337078653,0.14445278660885533,0.07072781358587162,Bronze
10259,26,100.0,12,4033.38,2004-06-15,Shipped,2,6,2004,Classic Cars,147,S10_4962,Handji Gifts& Co,+65 224 1555,Village Close - 106 Linden Road Sandown,2nd Floor,Singapore,,69045,Singapore,APAC,Victorino,Wendy,Medium,10217,Recent,S1,13,13,115498.73,36,94734.91337078653,0.14445278660885533,0.07072781358587162,Bronze
10270,32,100.0,2,4302.08,2004-07-19,Shipped,3,7,2004,Classic Cars,147,S10_4962,Souveniers And Things Co.,+61 2 9495 8555,"Monitor Money Building, 815 Pacific Hwy",Level 6,Chatswood,NSW,2067,Australia,APAC,Huxley,Adrian,Medium,10139,Growth,S1,11,11,151570.98,46,80882.175,0.14445278660885533,0.08967658031400969,Bronze
10291,30,100.0,4,3855.9,2004-09-08,Shipped,3,9,2004,Classic Cars,147,S10_4962,Scandinavian Gift Ideas,0695-34 6555,?kergatan 24,,Boras,,S-844 67,Sweden,EMEA,Larsson,Maria,Medium,10167,Scale,S1,14,14,134259.33,38,98402.92259036144,1.0,0.0773008431710182,Bronze
10334,26,100.0,2,3188.12,2004-11-19,On Hold,4,11,2004,Classic Cars,147,S10_4962,"Volvo Model Replicas, Co",0921-12 3555,Berguvsvgen  8,,Lule,,S-958 22,Sweden,EMEA,Berglund,Christina,Medium,10112,Early,S1,6,6,75754.88,19,45552.76968698518,1.0,0.040398475567936076,Bronze
10347,27,100.0,2,4428.0,2004-11-29,Shipped,4,11,2004,Classic Cars,147,S10_4962,"Australian Collectors, Co.",03 9520 4555,636 St Kilda Road,Level 3,Melbourne,Victoria,3004,Australia,APAC,Ferguson,Peter,Medium,10120,Growth,S1,12,12,200995.41,55,126270.78253012049,0.14445278660885533,0.11271325808083006,Bronze
10370,35,65.63,4,2297.05,2005-01-20,Shipped,1,1,2005,Classic Cars,147,S10_4962,"Anna's Decorations, Ltd",02 9936 8555,201 Miller Street,Level 15,North Sydney,NSW,2060,Australia,APAC,O'Hara,Anna,Small,10148,Scale,S1,9,9,153996.13,46,102946.13086080586,0.14445278660885533,0.09107194995497356,Bronze
10391,37,46.9,7,1735.3,2005-03-09,Shipped,1,3,2005,Classic Cars,147,S10_4962,"Anna's Decorations, Ltd",02 9936 8555,201 Miller Street,Level 15,North Sydney,NSW,2060,Australia,APAC,O'Hara,Anna,Small,10148,Scale,S1,10,10,153996.13,46,102946.13086080586,0.14445278660885533,0.09107194995497356,Bronze
10425,38,100.0,12,5894.94,2005-05-31,In Process,2,5,2005,Classic Cars,147,S10_4962,La Rochelle Gifts,40.67.8555,"67, rue des Cinquante Otages",,Nantes,,44000,France,EMEA,Labrune,Janine,Medium,10275,Recent,S1,13,13,180124.9,53,210049.803514377,1.0,0.1091008571092068,Bronze
10108,33,100.0,6,5265.15,2003-03-03,Shipped,1,3,2003,Classic Cars,194,S12_1099,Cruz & Sons Co.,+63 2 555 3587,15 McCallum Street - NatWest Center #13-03,,Makati City,,1227 MM,Philippines,Japan,Cruz,Arnold,Medium,10108,Early,S1,16,16,94015.73,26,54905.18631999999,0.09121179679999217,0.052875972332028814,Bronze
10122,42,100.0,10,7599.9,2003-05-08,Shipped,2,5,2003,Classic Cars,194,S12_1099,Marseille Mini Autos,91.24.4555,"12, rue des Bouchers",,Marseille,,13008,France,EMEA,Lebihan,Laurence,Large,10122,Growth,S1,17,17,74936.14,25,44838.83786885246,1.0,0.0471408447640282,Bronze
10169,30,100.0,2,5019.9,2003-11-04,Shipped,4,11,2003,Classic Cars,194,S12_1099,"Anna's Decorations, Ltd",02 9936 8555,201 Miller Street,Level 15,North Sydney,NSW,2060,Australia,APAC,O'Hara,Anna,Medium,10148,Scale,S1,13,13,153996.13,46,102946.13086080586,0.14445278660885533,0.09107194995497356,Bronze
10181,27,100.0,14,5411.07,2003-11-12,Shipped,4,11,2003,Classic Cars,194,S12_1099,Herkku Gifts,+47 2267 3215,"Drammen 121, PR 744 Sentrum",,Bergen,,N 5804,Norway,EMEA,Oeztan,Veysel,Medium,10181,Scale,S1,17,17,111640.28,29,137201.01750841748,1.0,0.06343619416528738,Bronze
10191,21,100.0,3,3840.9,2003-11-20,Shipped,4,11,2003,Classic Cars,194,S12_1099,"Toms Spezialitten, Ltd",0221-5554327,Mehrheimerstr. 369,,Koln,,50739,Germany,EMEA,Pfalzheim,Henriette,Medium,10191,Scale,S1,9,9,100306.58,26,110276.8123493976,1.0,0.05642266341239877,Bronze
10203,20,100.0,8,3930.4,2003-12-02,Shipped,4,12,2003,Classic Cars,194,S12_1099,Euro Shopping Channel,(91) 555 94 44,"C/ Moralzarzal, 86",,Madrid,,28034,Spain,EMEA,Freyre,Diego,Medium,10104,Early,S1,11,11,912294.11,259,390830.2231807512,1.0,0.5152993396387399,Gold
10211,41,100.0,2,7498.9,2004-01-15,Shipped,1,1,2004,Classic Cars,194,S12_1099,Auto Canal Petit,(1) 47.55.6555,"25, rue Lauriston",,Paris,,75016,France,EMEA,Perrier,Dominique,Large,10211,Recent,S1,15,15,93170.66,27,75740.06881959911,1.0,0.054664607831659315,Bronze
10225,27,100.0,9,4517.91,2004-02-22,Shipped,1,2,2004,Classic Cars,194,S12_1099,"Vida Sport, Ltd",0897-034555,Grenzacherweg 237,,Gensve,,1203,Switzerland,EMEA,Holz,Michael,Medium,10225,Recent,S1,14,14,117713.56,31,224949.99685863874,1.0,0.07051922579065513,Bronze
10238,28,100.0,3,5774.72,2004-04-09,Shipped,2,4,2004,Classic Cars,194,S12_1099,Danish Wholesale Imports,31 12 3555,Vinb'ltet 34,,Kobenhavn,,1734,Denmark,EMEA,Petersen,Jytte,Medium,10105,Early,S1,8,8,145041.6,36,66591.42641509433,1.0,0.07610272679186011,Bronze
10253,24,100.0,13,3922.56,2004-06-01,Cancelled,2,6,2004,Classic Cars,194,S12_1099,"UK Collectables, Ltd.",(171) 555-2282,Berkeley Gardens 12  Brewery,,Liverpool,,WX1 6LT,UK,EMEA,Devon,Elizabeth,Medium,10253,Recent,S1,14,14,118008.27,29,78172.44745916517,1.0,0.06252151573536294,Bronze
10266,44,100.0,14,9160.36,2004-07-06,Shipped,3,7,2004,Classic Cars,194,S12_1099,L'ordine Souveniers,0522-556555,Strada Provinciale 124,,Reggio Emilia,,42100,Italy,EMEA,Moroni,Maurizio,Large,10176,Scale,S1,15,15,142601.33,39,94292.54610507246,1.0,0.08012703678424364,Bronze
10287,21,100.0,12,3432.24,2004-08-30,Shipped,3,8,2004,Classic Cars,194,S12_1099,"Vida Sport, Ltd",0897-034555,Grenzacherweg 237,,Gensve,,1203,Switzerland,EMEA,Holz,Michael,Medium,10225,Recent,S1,17,17,117713.56,31,224949.99685863874,1.0,0.07051922579065513,Bronze
10300,33,100.0,5,5521.89,2003-10-04,Shipped,4,10,2003,Classic Cars,194,S12_1099,"Blauer See Auto, Co.",+49 69 66 90 2555,Lyonerstr. 34,,Frankfurt,,60528,Germany,EMEA,Keitel,Roland,Medium,10101,Early,S1,8,8,85171.59,22,46608.14145427286,1.0,0.04597909459062931,Bronze
10310,33,100.0,10,6934.62,2004-10-16,Shipped,4,10,2004,Classic Cars,194,S12_1099,"Toms Spezialitten, Ltd",0221-5554327,Mehrheimerstr. 369,,Koln,,50739,Germany,EMEA,Pfalzheim,Henriette,Medium,10191,Scale,S1,17,17,100306.58,26,110276.8123493976,1.0,0.05642266341239877,Bronze
10320,31,100.0,3,6876.11,2004-11-03,Shipped,4,11,2004,Classic Cars,194,S12_1099,"Volvo Model Replicas, Co",0921-12 3555,Berguvsvgen  8,,Lule,,S-958 22,Sweden,EMEA,Berglund,Christina,Medium,10112,Early,S1,5,5,75754.88,19,45552.76968698518,1.0,0.040398475567936076,Bronze
10341,45,79.65,2,3584.25,2004-11-24,Shipped,4,11,2004,Classic Cars,194,S12_1099,Salzburg Collectables,6562-9555,Geislweg 14,,Salzburg,,5020,Austria,EMEA,Pipps,Georg,Medium,10119,Growth,S1,10,10,149798.63,40,72804.92669773634,1.0,0.08202203553143256,Bronze
10363,33,85.39,3,2817.87,2005-01-06,Shipped,1,1,2005,Classic Cars,194,S12_1099,Suominen Souveniers,+358 9 8045 555,"Software Engineering Center, SEC Oy",,Espoo,,FIN-02271,Finland,EMEA,Suominen,Kalle,Small,10141,Growth,S1,15,15,113961.15,30,79230.13285714285,1.0,0.06283398058431945,Bronze
10375,45,76.0,7,3420.0,2005-02-03,Shipped,1,2,2005,Classic Cars,194,S12_1099,La Rochelle Gifts,40.67.8555,"67, rue des Cinquante Otages",,Nantes,,44000,France,EMEA,Labrune,Janine,Medium,10275,Recent,S1,15,15,180124.9,53,210049.803514377,1.0,0.1091008571092068,Bronze
10389,26,99.04,4,2575.04,2005-03-03,Shipped,1,3,2005,Classic Cars,194,S12_1099,Scandinavian Gift Ideas,0695-34 6555,?kergatan 24,,Boras,,S-844 67,Sweden,EMEA,Larsson,Maria,Small,10167,Scale,S1,8,8,134259.33,38,98402.92259036144,1.0,0.0773008431710182,Bronze
10419,12,100.0,13,1961.28,2005-05-17,Shipped,2,5,2005,Classic Cars,194,S12_1099,Salzburg Collectables,6562-9555,Geislweg 14,,Salzburg,,5020,Austria,EMEA,Pipps,Georg,Small,10119,Growth,S1,14,14,149798.63,40,72804.92669773634,1.0,0.08202203553143256,Bronze
10105,41,100.0,15,8690.36,2003-02-11,Shipped,1,2,2003,Classic Cars,207,S12_1108,Danish Wholesale Imports,31 12 3555,Vinb'ltet 34,,Kobenhavn,,1734,Denmark,EMEA,Petersen,Jytte,Large,10105,Early,S1,15,15,145041.6,36,66591.42641509433,1.0,0.07610272679186011,Bronze
10117,33,100.0,9,6034.38,2003-04-16,Shipped,2,4,2003,Classic Cars,207,S12_1108,"Dragon Souveniers, Ltd.",+65 221 7555,"Bronz Sok., Bronz Apt. 3/6 Tesvikiye",,Singapore,,79903,Singapore,Japan,Natividad,Eric,Medium,10117,Growth,S1,12,12,172989.68,43,91908.63639010189,0.09121179679999217,0.09132888493134783,Bronze
10153,20,100.0,11,4904.0,2003-09-28,Shipped,3,9,2003,Classic Cars,207,S12_1108,Euro Shopping Channel,(91) 555 94 44,"C/ Moralzarzal, 86",,Madrid,,28034,Spain,EMEA,Freyre,Diego,Medium,10104,Early,S1,13,13,912294.11,259,390830.2231807512,1.0,0.5152993396387399,Gold
10165,44,100.0,3,8594.52,2003-10-22,Shipped,4,10,2003,Classic Cars,207,S12_1108,"Dragon Souveniers, Ltd.",+65 221 7555,"Bronz Sok., Bronz Apt. 3/6 Tesvikiye",,Singapore,,79903,Singapore,Japan,Natividad,Eric,Large,10117,Growth,S1,18,18,172989.68,43,91908.63639010189,0.09121179679999217,0.09132888493134783,Bronze
10176,33,100.0,2,7474.5,2003-11-06,Shipped,4,11,2003,Classic Cars,207,S12_1108,L'ordine Souveniers,0522-556555,Strada Provinciale 124,,Reggio Emilia,,42100,Italy,EMEA,Moroni,Maurizio,Large,10176,Scale,S1,10,10,142601.33,39,94292.54610507246,1.0,0.08012703678424364,Bronze
10208,46,100.0,13,8602.92,2004-01-02,Shipped,1,1,2004,Classic Cars,207,S12_1108,"Saveley & Henriot, Co.",78.32.5555,"2, rue du Commerce",,Lyon,,69004,France,EMEA,Saveley,Mary,Large,10194,Scale,S1,15,15,142874.25,41,526758.5984848485,1.0,0.09943267580879472,Bronze
10220,32,100.0,2,7181.44,2004-02-12,Shipped,1,2,2004,Classic Cars,207,S12_1108,"Clover Collections, Co.",+353 1862 1555,25 Maiden Lane,Floor No. 4,Dublin,,2,Ireland,EMEA,Cassidy,Dean,Large,10220,Recent,S1,9,9,57756.43,16,96702.27958715596,1.0,0.03498010163810477,Bronze
10231,42,100.0,2,8378.58,2004-03-19,Shipped,1,3,2004,Classic Cars,207,S12_1108,CAF Imports,+34 913 728 555,"Merchants House, 27-30 Merchant's Quay",,Madrid,,28023,Spain,EMEA,Fernandez,Jesus,Large,10177,Scale,S1,2,2,49642.05,13,135219.0167910448,1.0,0.031234068851378527,Bronze
10247,44,100.0,2,10606.2,2004-05-05,Shipped,2,5,2004,Classic Cars,207,S12_1108,Suominen Souveniers,+358 9 8045 555,"Software Engineering Center, SEC Oy",,Espoo,,FIN-02271,Finland,EMEA,Suominen,Kalle,Large,10141,Growth,S1,6,6,113961.15,30,79230.13285714285,1.0,0.06283398058431945,Bronze
10293,46,100.0,8,8411.56,2004-09-09,Shipped,3,9,2004,Classic Cars,207,S12_1108,Amica Models & Co.,011-4988555,Via Monte Bianco 34,,Torino,,10100,Italy,EMEA,Accorti,Paolo,Large,10280,Recent,S1,9,9,94117.26,26,1431366.6624999999,1.0,0.10678083828361203,Bronze
10306,31,100.0,13,6570.76,2004-10-14,Shipped,4,10,2004,Classic Cars,207,S12_1108,"AV Stores, Co.",(171) 555-1555,Fauntleroy Circus,,Manchester,,EC2 5NT,UK,EMEA,Ashworth,Victoria,Medium,10110,Early,S1,17,17,157807.81,51,94271.44132569559,1.0,0.09735950383251968,Bronze
10314,38,100.0,5,7975.44,2004-10-22,Shipped,4,10,2004,Classic Cars,207,S12_1108,Heintze Collectables,86 21 3555,Smagsloget 45,,Aaarhus,,8200,Denmark,EMEA,Ibsen,Palle,Large,10161,Scale,S1,15,15,100595.55,27,98702.62298387097,1.0,0.05719123450775858,Bronze
10325,42,64.0,8,2688.0,2004-11-05,Shipped,4,11,2004,Classic Cars,207,S12_1108,Baane Mini Imports,07-98 9555,Erling Skakkes gate 78,,Stavern,,4110,Norway,EMEA,Bergulfsen,Jonas,Small,10103,Early,S1,9,9,116599.19,32,65778.52295208655,1.0,0.06520234066938801,Bronze
10336,33,57.22,10,1888.26,2004-11-20,Shipped,4,11,2004,Classic Cars,207,S12_1108,"La Corne D'abondance, Co.",(1) 42.34.2555,"265, boulevard Charonne",,Paris,,75012,France,EMEA,Bertrand,Marie,Small,10114,Growth,S1,12,12,97203.68,23,59132.23866666666,1.0,0.0502654264226107,Bronze
10348,48,52.36,8,2513.28,2004-11-01,Shipped,4,11,2004,Classic Cars,207,S12_1108,"Corrida Auto Replicas, Ltd",(91) 555 22 82,"C/ Araquil, 67",,Madrid,,28023,Spain,EMEA,Sommer,Mart¡n,Small,10126,Growth,S1,8,8,120615.28,32,84016.36870229007,1.0,0.0667967122594898,Bronze
10359,42,100.0,8,4764.48,2004-12-15,Shipped,4,12,2004,Classic Cars,207,S12_1108,Reims Collectables,26.47.1555,59 rue de l'Abbaye,,Reims,,51100,France,EMEA,Henriot,Paul,Medium,10121,Growth,S1,8,8,135042.94,41,71024.02463976944,1.0,0.07987576822974221,Bronze
10395,33,69.12,1,2280.96,2005-03-17,Shipped,1,3,2005,Classic Cars,207,S12_1108,Lyon Souveniers,+33 1 46 62 7555,27 rue du Colonel Pierre Avia,,Paris,,75508,France,EMEA,Da Cunha,Daniel,Small,10134,Growth,S1,4,4,78570.34,20,45811.77971246006,1.0,0.042184142256092155,Bronze
10103,27,100.0,8,3394.98,2003-01-29,Shipped,1,1,2003,Trucks and Buses,136,S12_1666,Baane Mini Imports,07-98 9555,Erling Skakkes gate 78,,Stavern,,4110,Norway,EMEA,Bergulfsen,Jonas,Medium,10103,Early,S1,16,16,116599.19,32,65778.52295208655,1.0,0.06520234066938801,Bronze
10126,21,100.0,8,2439.57,2003-05-28,Shipped,2,5,2003,Trucks and Buses,136,S12_1666,"Corrida Auto Replicas, Ltd",(91) 555 22 82,"C/ Araquil, 67",,Madrid,,28023,Spain,EMEA,Sommer,Mart¡n,Small,10126,Growth,S1,17,17,120615.28,32,84016.36870229007,1.0,0.0667967122594898,Bronze
10150,30,100.0,5,4100.1,2003-09-19,Shipped,3,9,2003,Trucks and Buses,136,S12_1666,"Dragon Souveniers, Ltd.",+65 221 7555,"Bronz Sok., Bronz Apt. 3/6 Tesvikiye",,Singapore,,79903,Singapore,Japan,Natividad,Eric,Medium,10117,Growth,S1,11,11,172989.68,43,91908.63639010189,0.09121179679999217,0.09132888493134783,Bronze
10164,49,100.0,6,6563.06,2003-10-21,Resolved,4,10,2003,Trucks and Buses,136,S12_1666,Mini Auto Werke,7675-3555,Kirchgasse 6,,Graz,,8010,Austria,EMEA,Mendel,Roland,Medium,10164,Scale,S1,8,8,52263.9,15,37625.88461538462,1.0,0.030305097200400477,Bronze
10174,43,100.0,1,6817.22,2003-11-06,Shipped,4,11,2003,Trucks and Buses,136,S12_1666,"Australian Gift Network, Co",61-7-3844-6555,31 Duncan St. West End,,South Brisbane,Queensland,4101,Australia,APAC,Calaghan,Tony,Medium,10152,Scale,S1,5,5,59469.12,15,43674.504627766604,0.14445278660885533,0.032121457634630854,Bronze
10194,38,100.0,8,4933.92,2003-11-25,Shipped,4,11,2003,Trucks and Buses,136,S12_1666,"Saveley & Henriot, Co.",78.32.5555,"2, rue du Commerce",,Lyon,,69004,France,EMEA,Saveley,Mary,Medium,10194,Scale,S1,11,11,142874.25,41,526758.5984848485,1.0,0.09943267580879472,Bronze
10216,43,100.0,1,5759.42,2004-02-02,Shipped,1,2,2004,Trucks and Buses,136,S12_1666,Auto Assoc. & Cie.,30.59.8555,"67, avenue de l'Europe",,Versailles,,78000,France,EMEA,Tonini,Daniel,Medium,10216,Recent,S1,1,1,64834.32,18,93535.67905138338,1.0,0.03872441348619289,Bronze
10258,41,100.0,3,6668.24,2004-06-15,Shipped,2,6,2004,Trucks and Buses,136,S12_1666,"Tokyo Collectables, Ltd",+81 3 3584 0555,2-2-8 Roppongi,,Minato-ku,Tokyo,106-0032,Japan,Japan,Shimamura,Akiko,Medium,10258,Recent,S1,6,6,120562.74,32,141042.94903846155,0.09121179679999217,0.06901754192631648,Bronze
10270,28,100.0,6,4094.72,2004-07-19,Shipped,3,7,2004,Trucks and Buses,136,S12_1666,Souveniers And Things Co.,+61 2 9495 8555,"Monitor Money Building, 815 Pacific Hwy",Level 6,Chatswood,NSW,2067,Australia,APAC,Huxley,Adrian,Medium,10139,Growth,S1,11,11,151570.98,46,80882.175,0.14445278660885533,0.08967658031400969,Bronze
10291,41,100.0,8,6387.8,2004-09-08,Shipped,3,9,2004,Trucks and Buses,136,S12_1666,Scandinavian Gift Ideas,0695-34 6555,?kergatan 24,,Boras,,S-844 67,Sweden,EMEA,Larsson,Maria,Medium,10167,Scale,S1,14,14,134259.33,38,98402.92259036144,1.0,0.0773008431710182,Bronze
10304,39,100.0,3,6396.0,2004-10-11,Shipped,4,10,2004,Trucks and Buses,136,S12_1666,Auto Assoc. & Cie.,30.59.8555,"67, avenue de l'Europe",,Versailles,,78000,France,EMEA,Tonini,Daniel,Medium,10216,Recent,S1,17,17,64834.32,18,93535.67905138338,1.0,0.03872441348619289,Bronze
10347,29,100.0,3,3586.43,2004-11-29,Shipped,4,11,2004,Trucks and Buses,136,S12_1666,"Australian Collectors, Co.",03 9520 4555,636 St Kilda Road,Level 3,Melbourne,Victoria,3004,Australia,APAC,Ferguson,Peter,Medium,10120,Growth,S1,12,12,200995.41,55,126270.78253012049,0.14445278660885533,0.11271325808083006,Bronze
10370,49,100.0,8,8470.14,2005-01-20,Shipped,1,1,2005,Trucks and Buses,136,S12_1666,"Anna's Decorations, Ltd",02 9936 8555,201 Miller Street,Level 15,North Sydney,NSW,2060,Australia,APAC,O'Hara,Anna,Large,10148,Scale,S1,9,9,153996.13,46,102946.13086080586,0.14445278660885533,0.09107194995497356,Bronze
10391,39,63.2,9,2464.8,2005-03-09,Shipped,1,3,2005,Trucks and Buses,136,S12_1666,"Anna's Decorations, Ltd",02 9936 8555,201 Miller Street,Level 15,North Sydney,NSW,2060,Australia,APAC,O'Hara,Anna,Small,10148,Scale,S1,10,10,153996.13,46,102946.13086080586,0.14445278660885533,0.09107194995497356,Bronze
10424,49,100.0,3,7969.36,2005-05-31,In Process,2,5,2005,Trucks and Buses,136,S12_1666,Euro Shopping Channel,(91) 555 94 44,"C/ Moralzarzal, 86",,Madrid,,28034,Spain,EMEA,Freyre,Diego,Large,10104,Early,S1,6,6,912294.11,259,390830.2231807512,1.0,0.5152993396387399,Gold
10121,50,100.0,4,8284.0,2003-05-07,Shipped,2,5,2003,Motorcycles,150,S12_2823,Reims Collectables,26.47.1555,59 rue de l'Abbaye,,Reims,,51100,France,EMEA,Henriot,Paul,Large,10121,Growth,S1,5,5,135042.94,41,71024.02463976944,1.0,0.07987576822974221,Bronze
10134,20,100.0,1,2711.2,2003-07-01,Shipped,3,7,2003,Motorcycles,150,S12_2823,Lyon Souveniers,+33 1 46 62 7555,27 rue du Colonel Pierre Avia,,Paris,,75508,France,EMEA,Da Cunha,Daniel,Small,10134,Growth,S1,7,7,78570.34,20,45811.77971246006,1.0,0.042184142256092155,Bronze
10169,35,100.0,13,4639.25,2003-11-04,Shipped,4,11,2003,Motorcycles,150,S12_2823,"Anna's Decorations, Ltd",02 9936 8555,201 Miller Street,Level 15,North Sydney,NSW,2060,Australia,APAC,O'Hara,Anna,Medium,10148,Scale,S1,13,13,153996.13,46,102946.13086080586,0.14445278660885533,0.09107194995497356,Bronze
10180,40,100.0,8,6747.6,2003-11-11,Shipped,4,11,2003,Motorcycles,150,S12_2823,Daedalus Designs Imports,20.16.1555,"184, chausse de Tournai",,Lille,,59000,France,EMEA,Rance,Martine,Medium,10180,Scale,S1,14,14,69052.41,20,244700.2878640777,1.0,0.047883188318364044,Bronze
10211,36,100.0,13,4771.8,2004-01-15,Shipped,1,1,2004,Motorcycles,150,S12_2823,Auto Canal Petit,(1) 47.55.6555,"25, rue Lauriston",,Paris,,75016,France,EMEA,Perrier,Dominique,Medium,10211,Recent,S1,15,15,93170.66,27,75740.06881959911,1.0,0.054664607831659315,Bronze
10224,43,100.0,6,6087.94,2004-02-21,Shipped,1,2,2004,Motorcycles,150,S12_2823,Daedalus Designs Imports,20.16.1555,"184, chausse de Tournai",,Lille,,59000,France,EMEA,Rance,Martine,Medium,10180,Scale,S1,6,6,69052.41,20,244700.2878640777,1.0,0.047883188318364044,Bronze
10299,24,100.0,8,4157.04,2004-09-30,Shipped,3,9,2004,Motorcycles,150,S12_2823,"Toys of Finland, Co.",90-224 8555,Keskuskatu 45,,Helsinki,,21240,Finland,EMEA,Karttunen,Matti,Medium,10155,Scale,S1,11,11,111250.38,30,82365.9,1.0,0.06236245706238509,Bronze
10309,26,100.0,4,4660.24,2004-10-15,Shipped,4,10,2004,Motorcycles,150,S12_2823,Baane Mini Imports,07-98 9555,Erling Skakkes gate 78,,Stavern,,4110,Norway,EMEA,Bergulfsen,Jonas,Medium,10103,Early,S1,6,6,116599.19,32,65778.52295208655,1.0,0.06520234066938801,Bronze
10341,55,100.0,8,8118.55,2004-11-24,Shipped,4,11,2004,Motorcycles,150,S12_2823,Salzburg Collectables,6562-9555,Geislweg 14,,Salzburg,,5020,Austria,EMEA,Pipps,Georg,Large,10119,Growth,S1,10,10,149798.63,40,72804.92669773634,1.0,0.08202203553143256,Bronze
10375,49,78.92,13,3867.08,2005-02-03,Shipped,1,2,2005,Motorcycles,150,S12_2823,La Rochelle Gifts,40.67.8555,"67, rue des Cinquante Otages",,Nantes,,44000,France,EMEA,Labrune,Janine,Medium,10275,Recent,S1,15,15,180124.9,53,210049.803514377,1.0,0.1091008571092068,Bronze
10403,66,100.0,6,8648.64,2005-04-08,Shipped,2,4,2005,Motorcycles,150,S12_2823,"UK Collectables, Ltd.",(171) 555-2282,Berkeley Gardens 12  Brewery,,Liverpool,,WX1 6LT,UK,EMEA,Devon,Elizabeth,Large,10253,Recent,S1,9,9,118008.27,29,78172.44745916517,1.0,0.06252151573536294,Bronze
10417,21,100.0,1,3447.78,2005-05-13,Disputed,2,5,2005,Motorcycles,150,S12_2823,Euro Shopping Channel,(91) 555 94 44,"C/ Moralzarzal, 86",,Madrid,,28034,Spain,EMEA,Freyre,Diego,Medium,10104,Early,S1,6,6,912294.11,259,390830.2231807512,1.0,0.5152993396387399,Gold
10104,34,100.0,1,5958.5,2003-01-31,Shipped,1,1,2003,Classic Cars,151,S12_3148,Euro Shopping Channel,(91) 555 94 44,"C/ Moralzarzal, 86",,Madrid,,28034,Spain,EMEA,Freyre,Diego,Medium,10104,Early,S1,13,13,912294.11,259,390830.2231807512,1.0,0.5152993396387399,Gold
10117,43,100.0,10,5911.64,2003-04-16,Shipped,2,4,2003,Classic Cars,151,S12_3148,"Dragon Souveniers, Ltd.",+65 221 7555,"Bronz Sok., Bronz Apt. 3/6 Tesvikiye",,Singapore,,79903,Singapore,Japan,Natividad,Eric,Medium,10117,Growth,S1,12,12,172989.68,43,91908.63639010189,0.09121179679999217,0.09132888493134783,Bronze
10153,42,100.0,12,5393.64,2003-09-28,Shipped,3,9,2003,Classic Cars,151,S12_3148,Euro Shopping Channel,(91) 555 94 44,"C/ Moralzarzal, 86",,Madrid,,28034,Spain,EMEA,Freyre,Diego,Medium,10104,Early,S1,13,13,912294.11,259,390830.2231807512,1.0,0.5152993396387399,Gold
10165,34,100.0,4,4880.02,2003-10-22,Shipped,4,10,2003,Classic Cars,151,S12_3148,"Dragon Souveniers, Ltd.",+65 221 7555,"Bronz Sok., Bronz Apt. 3/6 Tesvikiye",,Singapore,,79903,Singapore,Japan,Natividad,Eric,Medium,10117,Growth,S1,18,18,172989.68,43,91908.63639010189,0.09121179679999217,0.09132888493134783,Bronze
10176,47,100.0,3,8378.69,2003-11-06,Shipped,4,11,2003,Classic Cars,151,S12_3148,L'ordine Souveniers,0522-556555,Strada Provinciale 124,,Reggio Emilia,,42100,Italy,EMEA,Moroni,Maurizio,Large,10176,Scale,S1,10,10,142601.33,39,94292.54610507246,1.0,0.08012703678424364,Bronze
10208,26,100.0,14,3142.36,2004-01-02,Shipped,1,1,2004,Classic Cars,151,S12_3148,"Saveley & Henriot, Co.",78.32.5555,"2, rue du Commerce",,Lyon,,69004,France,EMEA,Saveley,Mary,Medium,10194,Scale,S1,15,15,142874.25,41,526758.5984848485,1.0,0.09943267580879472,Bronze
10220,30,100.0,3,4713.6,2004-02-12,Shipped,1,2,2004,Classic Cars,151,S12_3148,"Clover Collections, Co.",+353 1862 1555,25 Maiden Lane,Floor No. 4,Dublin,,2,Ireland,EMEA,Cassidy,Dean,Medium,10220,Recent,S1,9,9,57756.43,16,96702.27958715596,1.0,0.03498010163810477,Bronze
10230,43,100.0,1,7016.31,2004-03-15,Shipped,1,3,2004,Classic Cars,151,S12_3148,"Blauer See Auto, Co.",+49 69 66 90 2555,Lyonerstr. 34,,Frankfurt,,60528,Germany,EMEA,Keitel,Roland,Large,10101,Early,S1,8,8,85171.59,22,46608.14145427286,1.0,0.04597909459062931,Bronze
10247,25,100.0,3,4381.25,2004-05-05,Shipped,2,5,2004,Classic Cars,151,S12_3148,Suominen Souveniers,+358 9 8045 555,"Software Engineering Center, SEC Oy",,Espoo,,FIN-02271,Finland,EMEA,Suominen,Kalle,Medium,10141,Growth,S1,6,6,113961.15,30,79230.13285714285,1.0,0.06283398058431945,Bronze
10293,24,100.0,9,4242.24,2004-09-09,Shipped,3,9,2004,Classic Cars,151,S12_3148,Amica Models & Co.,011-4988555,Via Monte Bianco 34,,Torino,,10100,Italy,EMEA,Accorti,Paolo,Medium,10280,Recent,S1,9,9,94117.26,26,1431366.6624999999,1.0,0.10678083828361203,Bronze
10306,34,100.0,14,4982.7,2004-10-14,Shipped,4,10,2004,Classic Cars,151,S12_3148,"AV Stores, Co.",(171) 555-1555,Fauntleroy Circus,,Manchester,,EC2 5NT,UK,EMEA,Ashworth,Victoria,Medium,10110,Early,S1,17,17,157807.81,51,94271.44132569559,1.0,0.09735950383251968,Bronze
10314,46,100.0,6,6393.54,2004-10-22,Shipped,4,10,2004,Classic Cars,151,S12_3148,Heintze Collectables,86 21 3555,Smagsloget 45,,Aaarhus,,8200,Denmark,EMEA,Ibsen,Palle,Medium,10161,Scale,S1,15,15,100595.55,27,98702.62298387097,1.0,0.05719123450775858,Bronze
10336,33,100.0,11,4059.33,2004-11-20,Shipped,4,11,2004,Classic Cars,151,S12_3148,"La Corne D'abondance, Co.",(1) 42.34.2555,"265, boulevard Charonne",,Paris,,75012,France,EMEA,Bertrand,Marie,Medium,10114,Growth,S1,12,12,97203.68,23,59132.23866666666,1.0,0.0502654264226107,Bronze
10348,47,100.0,4,4801.52,2004-11-01,Shipped,4,11,2004,Classic Cars,151,S12_3148,"Corrida Auto Replicas, Ltd",(91) 555 22 82,"C/ Araquil, 67",,Madrid,,28023,Spain,EMEA,Sommer,Mart¡n,Medium,10126,Growth,S1,8,8,120615.28,32,84016.36870229007,1.0,0.0667967122594898,Bronze
10358,49,55.34,5,2711.66,2004-12-10,Shipped,4,12,2004,Classic Cars,151,S12_3148,Euro Shopping Channel,(91) 555 94 44,"C/ Moralzarzal, 86",,Madrid,,28034,Spain,EMEA,Freyre,Diego,Small,10104,Early,S1,14,14,912294.11,259,390830.2231807512,1.0,0.5152993396387399,Gold
10372,40,100.0,4,5862.0,2005-01-26,Shipped,1,1,2005,Classic Cars,151,S12_3148,"Tokyo Collectables, Ltd",+81 3 3584 0555,2-2-8 Roppongi,,Minato-ku,Tokyo,106-0032,Japan,Japan,Shimamura,Akiko,Medium,10258,Recent,S1,9,9,120562.74,32,141042.94903846155,0.09121179679999217,0.06901754192631648,Bronze
10108,45,100.0,4,6130.35,2003-03-03,Shipped,1,3,2003,Classic Cars,117,S12_3380,Cruz & Sons Co.,+63 2 555 3587,15 McCallum Street - NatWest Center #13-03,,Makati City,,1227 MM,Philippines,Japan,Cruz,Arnold,Medium,10108,Early,S1,16,16,94015.73,26,54905.18631999999,0.09121179679999217,0.052875972332028814,Bronze
10122,37,99.82,8,3693.34,2003-05-08,Shipped,2,5,2003,Classic Cars,117,S12_3380,Marseille Mini Autos,91.24.4555,"12, rue des Bouchers",,Marseille,,13008,France,EMEA,Lebihan,Laurence,Medium,10122,Growth,S1,17,17,74936.14,25,44838.83786885246,1.0,0.0471408447640282,Bronze
10170,47,100.0,4,5464.69,2003-11-04,Shipped,4,11,2003,Classic Cars,117,S12_3380,Mini Auto Werke,7675-3555,Kirchgasse 6,,Graz,,8010,Austria,EMEA,Mendel,Roland,Medium,10164,Scale,S1,4,4,52263.9,15,37625.88461538462,1.0,0.030305097200400477,Bronze
10181,28,100.0,12,2860.76,2003-11-12,Shipped,4,11,2003,Classic Cars,117,S12_3380,Herkku Gifts,+47 2267 3215,"Drammen 121, PR 744 Sentrum",,Bergen,,N 5804,Norway,EMEA,Oeztan,Veysel,Small,10181,Scale,S1,17,17,111640.28,29,137201.01750841748,1.0,0.06343619416528738,Bronze
10191,40,100.0,1,5590.0,2003-11-20,Shipped,4,11,2003,Classic Cars,117,S12_3380,"Toms Spezialitten, Ltd",0221-5554327,Mehrheimerstr. 369,,Koln,,50739,Germany,EMEA,Pfalzheim,Henriette,Medium,10191,Scale,S1,9,9,100306.58,26,110276.8123493976,1.0,0.05642266341239877,Bronze
10203,20,100.0,6,2254.8,2003-12-02,Shipped,4,12,2003,Classic Cars,117,S12_3380,Euro Shopping Channel,(91) 555 94 44,"C/ Moralzarzal, 86",,Madrid,,28034,Spain,EMEA,Freyre,Diego,Small,10104,Early,S1,11,11,912294.11,259,390830.2231807512,1.0,0.5152993396387399,Gold
10212,39,100.0,16,4946.76,2004-01-16,Shipped,1,1,2004,Classic Cars,117,S12_3380,Euro Shopping Channel,(91) 555 94 44,"C/ Moralzarzal, 86",,Madrid,,28034,Spain,EMEA,Freyre,Diego,Medium,10104,Early,S1,16,16,912294.11,259,390830.2231807512,1.0,0.5152993396387399,Gold
10225,25,99.82,7,2495.5,2004-02-22,Shipped,1,2,2004,Classic Cars,117,S12_3380,"Vida Sport, Ltd",0897-034555,Grenzacherweg 237,,Gensve,,1203,Switzerland,EMEA,Holz,Michael,Small,10225,Recent,S1,14,14,117713.56,31,224949.99685863874,1.0,0.07051922579065513,Bronze
10238,29,100.0,1,3167.38,2004-04-09,Shipped,2,4,2004,Classic Cars,117,S12_3380,Danish Wholesale Imports,31 12 3555,Vinb'ltet 34,,Kobenhavn,,1734,Denmark,EMEA,Petersen,Jytte,Medium,10105,Early,S1,8,8,145041.6,36,66591.42641509433,1.0,0.07610272679186011,Bronze
10253,22,100.0,11,2402.84,2004-06-01,Cancelled,2,6,2004,Classic Cars,117,S12_3380,"UK Collectables, Ltd.",(171) 555-2282,Berkeley Gardens 12  Brewery,,Liverpool,,WX1 6LT,UK,EMEA,Devon,Elizabeth,Small,10253,Recent,S1,14,14,118008.27,29,78172.44745916517,1.0,0.06252151573536294,Bronze
10266,22,100.0,12,2454.54,2004-07-06,Shipped,3,7,2004,Classic Cars,117,S12_3380,L'ordine Souveniers,0522-556555,Strada Provinciale 124,,Reggio Emilia,,42100,Italy,EMEA,Moroni,Maurizio,Small,10176,Scale,S1,15,15,142601.33,39,94292.54610507246,1.0,0.08012703678424364,Bronze
10287,45,100.0,10,4756.5,2004-08-30,Shipped,3,8,2004,Classic Cars,117,S12_3380,"Vida Sport, Ltd",0897-034555,Grenzacherweg 237,,Gensve,,1203,Switzerland,EMEA,Holz,Michael,Medium,10225,Recent,S1,17,17,117713.56,31,224949.99685863874,1.0,0.07051922579065513,Bronze
10300,29,100.0,3,3984.6,2003-10-04,Shipped,4,10,2003,Classic Cars,117,S12_3380,"Blauer See Auto, Co.",+49 69 66 90 2555,Lyonerstr. 34,,Frankfurt,,60528,Germany,EMEA,Keitel,Roland,Medium,10101,Early,S1,8,8,85171.59,22,46608.14145427286,1.0,0.04597909459062931,Bronze
10310,24,100.0,8,3100.32,2004-10-16,Shipped,4,10,2004,Classic Cars,117,S12_3380,"Toms Spezialitten, Ltd",0221-5554327,Mehrheimerstr. 369,,Koln,,50739,Germany,EMEA,Pfalzheim,Henriette,Medium,10191,Scale,S1,17,17,100306.58,26,110276.8123493976,1.0,0.05642266341239877,Bronze
10320,35,100.0,1,4850.3,2004-11-03,Shipped,4,11,2004,Classic Cars,117,S12_3380,"Volvo Model Replicas, Co",0921-12 3555,Berguvsvgen  8,,Lule,,S-958 22,Sweden,EMEA,Berglund,Christina,Medium,10112,Early,S1,5,5,75754.88,19,45552.76968698518,1.0,0.040398475567936076,Bronze
10341,44,95.93,1,4220.92,2004-11-24,Shipped,4,11,2004,Classic Cars,117,S12_3380,Salzburg Collectables,6562-9555,Geislweg 14,,Salzburg,,5020,Austria,EMEA,Pipps,Georg,Medium,10119,Growth,S1,10,10,149798.63,40,72804.92669773634,1.0,0.08202203553143256,Bronze
10363,34,96.73,4,3288.82,2005-01-06,Shipped,1,1,2005,Classic Cars,117,S12_3380,Suominen Souveniers,+358 9 8045 555,"Software Engineering Center, SEC Oy",,Espoo,,FIN-02271,Finland,EMEA,Suominen,Kalle,Medium,10141,Growth,S1,15,15,113961.15,30,79230.13285714285,1.0,0.06283398058431945,Bronze
10389,25,72.38,6,1809.5,2005-03-03,Shipped,1,3,2005,Classic Cars,117,S12_3380,Scandinavian Gift Ideas,0695-34 6555,?kergatan 24,,Boras,,S-844 67,Sweden,EMEA,Larsson,Maria,Small,10167,Scale,S1,8,8,134259.33,38,98402.92259036144,1.0,0.0773008431710182,Bronze
10419,10,100.0,11,1092.2,2005-05-17,Shipped,2,5,2005,Classic Cars,117,S12_3380,Salzburg Collectables,6562-9555,Geislweg 14,,Salzburg,,5020,Austria,EMEA,Pipps,Georg,Small,10119,Growth,S1,14,14,149798.63,40,72804.92669773634,1.0,0.08202203553143256,Bronze
10105,29,100.0,14,4566.05,2003-02-11,Shipped,1,2,2003,Classic Cars,173,S12_3891,Danish Wholesale Imports,31 12 3555,Vinb'ltet 34,,Kobenhavn,,1734,Denmark,EMEA,Petersen,Jytte,Medium,10105,Early,S1,15,15,145041.6,36,66591.42641509433,1.0,0.07610272679186011,Bronze
10117,39,100.0,8,5938.14,2003-04-16,Shipped,2,4,2003,Classic Cars,173,S12_3891,"Dragon Souveniers, Ltd.",+65 221 7555,"Bronz Sok., Bronz Apt. 3/6 Tesvikiye",,Singapore,,79903,Singapore,Japan,Natividad,Eric,Medium,10117,Growth,S1,12,12,172989.68,43,91908.63639010189,0.09121179679999217,0.09132888493134783,Bronze
10153,49,100.0,10,7036.89,2003-09-28,Shipped,3,9,2003,Classic Cars,173,S12_3891,Euro Shopping Channel,(91) 555 94 44,"C/ Moralzarzal, 86",,Madrid,,28034,Spain,EMEA,Freyre,Diego,Large,10104,Early,S1,13,13,912294.11,259,390830.2231807512,1.0,0.5152993396387399,Gold
10165,27,100.0,2,5559.03,2003-10-22,Shipped,4,10,2003,Classic Cars,173,S12_3891,"Dragon Souveniers, Ltd.",+65 221 7555,"Bronz Sok., Bronz Apt. 3/6 Tesvikiye",,Singapore,,79903,Singapore,Japan,Natividad,Eric,Medium,10117,Growth,S1,18,18,172989.68,43,91908.63639010189,0.09121179679999217,0.09132888493134783,Bronze
10176,50,100.0,1,7872.5,2003-11-06,Shipped,4,11,2003,Classic Cars,173,S12_3891,L'ordine Souveniers,0522-556555,Strada Provinciale 124,,Reggio Emilia,,42100,Italy,EMEA,Moroni,Maurizio,Large,10176,Scale,S1,10,10,142601.33,39,94292.54610507246,1.0,0.08012703678424364,Bronze
10208,20,100.0,12,3114.4,2004-01-02,Shipped,1,1,2004,Classic Cars,173,S12_3891,"Saveley & Henriot, Co.",78.32.5555,"2, rue du Commerce",,Lyon,,69004,France,EMEA,Saveley,Mary,Medium,10194,Scale,S1,15,15,142874.25,41,526758.5984848485,1.0,0.09943267580879472,Bronze
10220,27,100.0,1,5045.22,2004-02-12,Shipped,1,2,2004,Classic Cars,173,S12_3891,"Clover Collections, Co.",+353 1862 1555,25 Maiden Lane,Floor No. 4,Dublin,,2,Ireland,EMEA,Cassidy,Dean,Medium,10220,Recent,S1,9,9,57756.43,16,96702.27958715596,1.0,0.03498010163810477,Bronze
10231,49,100.0,1,6952.12,2004-03-19,Shipped,1,3,2004,Classic Cars,173,S12_3891,CAF Imports,+34 913 728 555,"Merchants House, 27-30 Merchant's Quay",,Madrid,,28023,Spain,EMEA,Fernandez,Jesus,Medium,10177,Scale,S1,2,2,49642.05,13,135219.0167910448,1.0,0.031234068851378527,Bronze
10247,27,100.0,1,4157.73,2004-05-05,Shipped,2,5,2004,Classic Cars,173,S12_3891,Suominen Souveniers,+358 9 8045 555,"Software Engineering Center, SEC Oy",,Espoo,,FIN-02271,Finland,EMEA,Suominen,Kalle,Medium,10141,Growth,S1,6,6,113961.15,30,79230.13285714285,1.0,0.06283398058431945,Bronze
10293,45,100.0,7,8253.0,2004-09-09,Shipped,3,9,2004,Classic Cars,173,S12_3891,Amica Models & Co.,011-4988555,Via Monte Bianco 34,,Torino,,10100,Italy,EMEA,Accorti,Paolo,Large,10280,Recent,S1,9,9,94117.26,26,1431366.6624999999,1.0,0.10678083828361203,Bronze
10306,20,100.0,12,3633.4,2004-10-14,Shipped,4,10,2004,Classic Cars,173,S12_3891,"AV Stores, Co.",(171) 555-1555,Fauntleroy Circus,,Manchester,,EC2 5NT,UK,EMEA,Ashworth,Victoria,Medium,10110,Early,S1,17,17,157807.81,51,94271.44132569559,1.0,0.09735950383251968,Bronze
10314,36,100.0,4,6913.8,2004-10-22,Shipped,4,10,2004,Classic Cars,173,S12_3891,Heintze Collectables,86 21 3555,Smagsloget 45,,Aaarhus,,8200,Denmark,EMEA,Ibsen,Palle,Medium,10161,Scale,S1,15,15,100595.55,27,98702.62298387097,1.0,0.05719123450775858,Bronze
10325,24,100.0,1,2583.6,2004-11-05,Shipped,4,11,2004,Classic Cars,173,S12_3891,Baane Mini Imports,07-98 9555,Erling Skakkes gate 78,,Stavern,,4110,Norway,EMEA,Bergulfsen,Jonas,Small,10103,Early,S1,9,9,116599.19,32,65778.52295208655,1.0,0.06520234066938801,Bronze
10336,49,63.38,1,3105.62,2004-11-20,Shipped,4,11,2004,Classic Cars,173,S12_3891,"La Corne D'abondance, Co.",(1) 42.34.2555,"265, boulevard Charonne",,Paris,,75012,France,EMEA,Bertrand,Marie,Medium,10114,Growth,S1,12,12,97203.68,23,59132.23866666666,1.0,0.0502654264226107,Bronze
10359,49,62.09,5,3042.41,2004-12-15,Shipped,4,12,2004,Classic Cars,173,S12_3891,Reims Collectables,26.47.1555,59 rue de l'Abbaye,,Reims,,51100,France,EMEA,Henriot,Paul,Medium,10121,Growth,S1,8,8,135042.94,41,71024.02463976944,1.0,0.07987576822974221,Bronze
10372,34,100.0,1,5941.5,2005-01-26,Shipped,1,1,2005,Classic Cars,173,S12_3891,"Tokyo Collectables, Ltd",+81 3 3584 0555,2-2-8 Roppongi,,Minato-ku,Tokyo,106-0032,Japan,Japan,Shimamura,Akiko,Medium,10258,Recent,S1,9,9,120562.74,32,141042.94903846155,0.09121179679999217,0.06901754192631648,Bronze
10108,39,89.38,7,3485.82,2003-03-03,Shipped,1,3,2003,Classic Cars,79,S12_3990,Cruz & Sons Co.,+63 2 555 3587,15 McCallum Street - NatWest Center #13-03,,Makati City,,1227 MM,Philippines,Japan,Cruz,Arnold,Medium,10108,Early,S1,16,16,94015.73,26,54905.18631999999,0.09121179679999217,0.052875972332028814,Bronze
10122,32,63.84,11,2042.88,2003-05-08,Shipped,2,5,2003,Classic Cars,79,S12_3990,Marseille Mini Autos,91.24.4555,"12, rue des Bouchers",,Marseille,,13008,France,EMEA,Lebihan,Laurence,Small,10122,Growth,S1,17,17,74936.14,25,44838.83786885246,1.0,0.0471408447640282,Bronze
10169,36,63.84,3,2298.24,2003-11-04,Shipped,4,11,2003,Classic Cars,79,S12_3990,"Anna's Decorations, Ltd",02 9936 8555,201 Miller Street,Level 15,North Sydney,NSW,2060,Australia,APAC,O'Hara,Anna,Small,10148,Scale,S1,13,13,153996.13,46,102946.13086080586,0.14445278660885533,0.09107194995497356,Bronze
10181,20,81.4,15,1628.0,2003-11-12,Shipped,4,11,2003,Classic Cars,79,S12_3990,Herkku Gifts,+47 2267 3215,"Drammen 121, PR 744 Sentrum",,Bergen,,N 5804,Norway,EMEA,Oeztan,Veysel,Small,10181,Scale,S1,17,17,111640.28,29,137201.01750841748,1.0,0.06343619416528738,Bronze
10191,30,64.64,4,1939.2,2003-11-20,Shipped,4,11,2003,Classic Cars,79,S12_3990,"Toms Spezialitten, Ltd",0221-5554327,Mehrheimerstr. 369,,Koln,,50739,Germany,EMEA,Pfalzheim,Henriette,Small,10191,Scale,S1,9,9,100306.58,26,110276.8123493976,1.0,0.05642266341239877,Bronze
10203,44,82.99,9,3651.56,2003-12-02,Shipped,4,12,2003,Classic Cars,79,S12_3990,Euro Shopping Channel,(91) 555 94 44,"C/ Moralzarzal, 86",,Madrid,,28034,Spain,EMEA,Freyre,Diego,Medium,10104,Early,S1,11,11,912294.11,259,390830.2231807512,1.0,0.5152993396387399,Gold
10211,28,92.57,3,2591.96,2004-01-15,Shipped,1,1,2004,Classic Cars,79,S12_3990,Auto Canal Petit,(1) 47.55.6555,"25, rue Lauriston",,Paris,,75016,France,EMEA,Perrier,Dominique,Small,10211,Recent,S1,15,15,93170.66,27,75740.06881959911,1.0,0.054664607831659315,Bronze
10225,37,77.41,10,2864.17,2004-02-22,Shipped,1,2,2004,Classic Cars,79,S12_3990,"Vida Sport, Ltd",0897-034555,Grenzacherweg 237,,Gensve,,1203,Switzerland,EMEA,Holz,Michael,Small,10225,Recent,S1,14,14,117713.56,31,224949.99685863874,1.0,0.07051922579065513,Bronze
10238,20,74.21,4,1484.2,2004-04-09,Shipped,2,4,2004,Classic Cars,79,S12_3990,Danish Wholesale Imports,31 12 3555,Vinb'ltet 34,,Kobenhavn,,1734,Denmark,EMEA,Petersen,Jytte,Small,10105,Early,S1,8,8,145041.6,36,66591.42641509433,1.0,0.07610272679186011,Bronze
10253,25,90.17,14,2254.25,2004-06-01,Cancelled,2,6,2004,Classic Cars,79,S12_3990,"UK Collectables, Ltd.",(171) 555-2282,Berkeley Gardens 12  Brewery,,Liverpool,,WX1 6LT,UK,EMEA,Devon,Elizabeth,Small,10253,Recent,S1,14,14,118008.27,29,78172.44745916517,1.0,0.06252151573536294,Bronze
10266,35,76.61,15,2681.35,2004-07-06,Shipped,3,7,2004,Classic Cars,79,S12_3990,L'ordine Souveniers,0522-556555,Strada Provinciale 124,,Reggio Emilia,,42100,Italy,EMEA,Moroni,Maurizio,Small,10176,Scale,S1,15,15,142601.33,39,94292.54610507246,1.0,0.08012703678424364,Bronze
10287,41,69.43,13,2846.63,2004-08-30,Shipped,3,8,2004,Classic Cars,79,S12_3990,"Vida Sport, Ltd",0897-034555,Grenzacherweg 237,,Gensve,,1203,Switzerland,EMEA,Holz,Michael,Small,10225,Recent,S1,17,17,117713.56,31,224949.99685863874,1.0,0.07051922579065513,Bronze
10300,22,76.61,6,1685.42,2003-10-04,Shipped,4,10,2003,Classic Cars,79,S12_3990,"Blauer See Auto, Co.",+49 69 66 90 2555,Lyonerstr. 34,,Frankfurt,,60528,Germany,EMEA,Keitel,Roland,Small,10101,Early,S1,8,8,85171.59,22,46608.14145427286,1.0,0.04597909459062931,Bronze
10310,49,81.4,11,3988.6,2004-10-16,Shipped,4,10,2004,Classic Cars,79,S12_3990,"Toms Spezialitten, Ltd",0221-5554327,Mehrheimerstr. 369,,Koln,,50739,Germany,EMEA,Pfalzheim,Henriette,Medium,10191,Scale,S1,17,17,100306.58,26,110276.8123493976,1.0,0.05642266341239877,Bronze
10320,38,73.42,4,2789.96,2004-11-03,Shipped,4,11,2004,Classic Cars,79,S12_3990,"Volvo Model Replicas, Co",0921-12 3555,Berguvsvgen  8,,Lule,,S-958 22,Sweden,EMEA,Berglund,Christina,Small,10112,Early,S1,5,5,75754.88,19,45552.76968698518,1.0,0.040398475567936076,Bronze
10341,36,93.56,10,3368.16,2004-11-24,Shipped,4,11,2004,Classic Cars,79,S12_3990,Salzburg Collectables,6562-9555,Geislweg 14,,Salzburg,,5020,Austria,EMEA,Pipps,Georg,Medium,10119,Growth,S1,10,10,149798.63,40,72804.92669773634,1.0,0.08202203553143256,Bronze
10363,34,81.62,5,2775.08,2005-01-06,Shipped,1,1,2005,Classic Cars,79,S12_3990,Suominen Souveniers,+358 9 8045 555,"Software Engineering Center, SEC Oy",,Espoo,,FIN-02271,Finland,EMEA,Suominen,Kalle,Small,10141,Growth,S1,15,15,113961.15,30,79230.13285714285,1.0,0.06283398058431945,Bronze
10377,24,67.83,5,1627.92,2005-02-09,Shipped,1,2,2005,Classic Cars,79,S12_3990,"Toys of Finland, Co.",90-224 8555,Keskuskatu 45,,Helsinki,,21240,Finland,EMEA,Karttunen,Matti,Small,10155,Scale,S1,6,6,111250.38,30,82365.9,1.0,0.06236245706238509,Bronze
10389,36,70.26,7,2529.36,2005-03-03,Shipped,1,3,2005,Classic Cars,79,S12_3990,Scandinavian Gift Ideas,0695-34 6555,?kergatan 24,,Boras,,S-844 67,Sweden,EMEA,Larsson,Maria,Small,10167,Scale,S1,8,8,134259.33,38,98402.92259036144,1.0,0.0773008431710182,Bronze
10419,34,90.17,14,3065.78,2005-05-17,Shipped,2,5,2005,Classic Cars,79,S12_3990,Salzburg Collectables,6562-9555,Geislweg 14,,Salzburg,,5020,Austria,EMEA,Pipps,Georg,Medium,10119,Growth,S1,14,14,149798.63,40,72804.92669773634,1.0,0.08202203553143256,Bronze
10104,41,100.0,9,4615.78,2003-01-31,Shipped,1,1,2003,Trucks and Buses,118,S12_4473,Euro Shopping Channel,(91) 555 94 44,"C/ Moralzarzal, 86",,Madrid,,28034,Spain,EMEA,Freyre,Diego,Medium,10104,Early,S1,13,13,912294.11,259,390830.2231807512,1.0,0.5152993396387399,Gold
10141,21,100.0,5,2140.11,2003-08-01,Shipped,3,8,2003,Trucks and Buses,118,S12_4473,Suominen Souveniers,+358 9 8045 555,"Software Engineering Center, SEC Oy",,Espoo,,FIN-02271,Finland,EMEA,Suominen,Kalle,Small,10141,Growth,S1,9,9,113961.15,30,79230.13285714285,1.0,0.06283398058431945,Bronze
10151,24,100.0,3,3327.6,2003-09-21,Shipped,3,9,2003,Trucks and Buses,118,S12_4473,"Oulu Toy Supplies, Inc.",981-443655,Torikatu 38,,Oulu,,90110,Finland,EMEA,Koskitalo,Pirkko,Medium,10151,Scale,S1,10,10,104370.38,32,76343.06352705411,1.0,0.06293500544345523,Bronze
10165,48,100.0,12,6825.6,2003-10-22,Shipped,4,10,2003,Trucks and Buses,118,S12_4473,"Dragon Souveniers, Ltd.",+65 221 7555,"Bronz Sok., Bronz Apt. 3/6 Tesvikiye",,Singapore,,79903,Singapore,Japan,Natividad,Eric,Medium,10117,Growth,S1,18,18,172989.68,43,91908.63639010189,0.09121179679999217,0.09132888493134783,Bronze
10175,26,100.0,1,3543.28,2003-11-06,Shipped,4,11,2003,Trucks and Buses,118,S12_4473,"Stylish Desk Decors, Co.",(171) 555-0297,35 King George,,London,,WX3 6FW,UK,EMEA,Brown,Ann,Medium,10129,Growth,S1,12,12,88804.5,26,59914.31146025878,1.0,0.05192961308909447,Bronze
10184,37,100.0,6,4516.22,2003-11-14,Shipped,4,11,2003,Trucks and Buses,118,S12_4473,"Iberia Gift Imports, Corp.",(95) 555 82 82,"C/ Romero, 33",,Sevilla,,41101,Spain,EMEA,Roel,Jose Pedro,Medium,10184,Scale,S1,13,13,54723.62,15,60896.711280487805,1.0,0.031755289392518975,Bronze
10246,46,100.0,5,5069.66,2004-05-05,Shipped,2,5,2004,Trucks and Buses,118,S12_4473,Euro Shopping Channel,(91) 555 94 44,"C/ Moralzarzal, 86",,Madrid,,28034,Spain,EMEA,Freyre,Diego,Medium,10104,Early,S1,11,11,912294.11,259,390830.2231807512,1.0,0.5152993396387399,Gold
10259,46,100.0,4,6541.2,2004-06-15,Shipped,2,6,2004,Trucks and Buses,118,S12_4473,Handji Gifts& Co,+65 224 1555,Village Close - 106 Linden Road Sandown,2nd Floor,Singapore,,69045,Singapore,APAC,Victorino,Wendy,Medium,10217,Recent,S1,13,13,115498.73,36,94734.91337078653,0.14445278660885533,0.07072781358587162,Bronze
10314,45,100.0,14,6185.7,2004-10-22,Shipped,4,10,2004,Trucks and Buses,118,S12_4473,Heintze Collectables,86 21 3555,Smagsloget 45,,Aaarhus,,8200,Denmark,EMEA,Ibsen,Palle,Medium,10161,Scale,S1,15,15,100595.55,27,98702.62298387097,1.0,0.05719123450775858,Bronze
10336,38,100.0,3,6372.6,2004-11-20,Shipped,4,11,2004,Trucks and Buses,118,S12_4473,"La Corne D'abondance, Co.",(1) 42.34.2555,"265, boulevard Charonne",,Paris,,75012,France,EMEA,Bertrand,Marie,Medium,10114,Growth,S1,12,12,97203.68,23,59132.23866666666,1.0,0.0502654264226107,Bronze
10358,42,64.16,9,2694.72,2004-12-10,Shipped,4,12,2004,Trucks and Buses,118,S12_4473,Euro Shopping Channel,(91) 555 94 44,"C/ Moralzarzal, 86",,Madrid,,28034,Spain,EMEA,Freyre,Diego,Small,10104,Early,S1,14,14,912294.11,259,390830.2231807512,1.0,0.5152993396387399,Gold
10412,54,100.0,5,5951.34,2005-05-03,Shipped,2,5,2005,Trucks and Buses,118,S12_4473,Euro Shopping Channel,(91) 555 94 44,"C/ Moralzarzal, 86",,Madrid,,28034,Spain,EMEA,Freyre,Diego,Medium,10104,Early,S1,11,11,912294.11,259,390830.2231807512,1.0,0.5152993396387399,Gold
10425,33,100.0,4,4692.6,2005-05-31,In Process,2,5,2005,Trucks and Buses,118,S12_4473,La Rochelle Gifts,40.67.8555,"67, rue des Cinquante Otages",,Nantes,,44000,France,EMEA,Labrune,Janine,Medium,10275,Recent,S1,13,13,180124.9,53,210049.803514377,1.0,0.1091008571092068,Bronze
10108,36,100.0,3,3731.04,2003-03-03,Shipped,1,3,2003,Classic Cars,115,S12_4675,Cruz & Sons Co.,+63 2 555 3587,15 McCallum Street - NatWest Center #13-03,,Makati City,,1227 MM,Philippines,Japan,Cruz,Arnold,Medium,10108,Early,S1,16,16,94015.73,26,54905.18631999999,0.09121179679999217,0.052875972332028814,Bronze
10122,20,100.0,7,2142.0,2003-05-08,Shipped,2,5,2003,Classic Cars,115,S12_4675,Marseille Mini Autos,91.24.4555,"12, rue des Bouchers",,Marseille,,13008,France,EMEA,Lebihan,Laurence,Small,10122,Growth,S1,17,17,74936.14,25,44838.83786885246,1.0,0.0471408447640282,Bronze
10170,41,100.0,3,4391.1,2003-11-04,Shipped,4,11,2003,Classic Cars,115,S12_4675,Mini Auto Werke,7675-3555,Kirchgasse 6,,Graz,,8010,Austria,EMEA,Mendel,Roland,Medium,10164,Scale,S1,4,4,52263.9,15,37625.88461538462,1.0,0.030305097200400477,Bronze
10181,36,100.0,11,4477.32,2003-11-12,Shipped,4,11,2003,Classic Cars,115,S12_4675,Herkku Gifts,+47 2267 3215,"Drammen 121, PR 744 Sentrum",,Bergen,,N 5804,Norway,EMEA,Oeztan,Veysel,Medium,10181,Scale,S1,17,17,111640.28,29,137201.01750841748,1.0,0.06343619416528738,Bronze
10203,47,100.0,5,5195.85,2003-12-02,Shipped,4,12,2003,Classic Cars,115,S12_4675,Euro Shopping Channel,(91) 555 94 44,"C/ Moralzarzal, 86",,Madrid,,28034,Spain,EMEA,Freyre,Diego,Medium,10104,Early,S1,11,11,912294.11,259,390830.2231807512,1.0,0.5152993396387399,Gold
10212,33,100.0,15,4180.44,2004-01-16,Shipped,1,1,2004,Classic Cars,115,S12_4675,Euro Shopping Channel,(91) 555 94 44,"C/ Moralzarzal, 86",,Madrid,,28034,Spain,EMEA,Freyre,Diego,Medium,10104,Early,S1,16,16,912294.11,259,390830.2231807512,1.0,0.5152993396387399,Gold
10225,21,100.0,6,2684.43,2004-02-22,Shipped,1,2,2004,Classic Cars,115,S12_4675,"Vida Sport, Ltd",0897-034555,Grenzacherweg 237,,Gensve,,1203,Switzerland,EMEA,Holz,Michael,Small,10225,Recent,S1,14,14,117713.56,31,224949.99685863874,1.0,0.07051922579065513,Bronze
10239,21,93.28,5,1958.88,2004-04-12,Shipped,2,4,2004,Classic Cars,115,S12_4675,"Oulu Toy Supplies, Inc.",981-443655,Torikatu 38,,Oulu,,90110,Finland,EMEA,Koskitalo,Pirkko,Small,10151,Scale,S1,5,5,104370.38,32,76343.06352705411,1.0,0.06293500544345523,Bronze
10253,41,100.0,10,4910.57,2004-06-01,Cancelled,2,6,2004,Classic Cars,115,S12_4675,"UK Collectables, Ltd.",(171) 555-2282,Berkeley Gardens 12  Brewery,,Liverpool,,WX1 6LT,UK,EMEA,Devon,Elizabeth,Medium,10253,Recent,S1,14,14,118008.27,29,78172.44745916517,1.0,0.06252151573536294,Bronze
10266,40,100.0,11,4468.4,2004-07-06,Shipped,3,7,2004,Classic Cars,115,S12_4675,L'ordine Souveniers,0522-556555,Strada Provinciale 124,,Reggio Emilia,,42100,Italy,EMEA,Moroni,Maurizio,Medium,10176,Scale,S1,15,15,142601.33,39,94292.54610507246,1.0,0.08012703678424364,Bronze
10277,28,100.0,1,3127.88,2004-08-04,Shipped,3,8,2004,Classic Cars,115,S12_4675,"Dragon Souveniers, Ltd.",+65 221 7555,"Bronz Sok., Bronz Apt. 3/6 Tesvikiye",,Singapore,,79903,Singapore,Japan,Natividad,Eric,Medium,10117,Growth,S1,1,1,172989.68,43,91908.63639010189,0.09121179679999217,0.09132888493134783,Bronze
10287,23,100.0,9,2675.13,2004-08-30,Shipped,3,8,2004,Classic Cars,115,S12_4675,"Vida Sport, Ltd",0897-034555,Grenzacherweg 237,,Gensve,,1203,Switzerland,EMEA,Holz,Michael,Small,10225,Recent,S1,17,17,117713.56,31,224949.99685863874,1.0,0.07051922579065513,Bronze
10300,23,100.0,2,2807.61,2003-10-04,Shipped,4,10,2003,Classic Cars,115,S12_4675,"Blauer See Auto, Co.",+49 69 66 90 2555,Lyonerstr. 34,,Frankfurt,,60528,Germany,EMEA,Keitel,Roland,Small,10101,Early,S1,8,8,85171.59,22,46608.14145427286,1.0,0.04597909459062931,Bronze
10310,25,100.0,7,2504.75,2004-10-16,Shipped,4,10,2004,Classic Cars,115,S12_4675,"Toms Spezialitten, Ltd",0221-5554327,Mehrheimerstr. 369,,Koln,,50739,Germany,EMEA,Pfalzheim,Henriette,Small,10191,Scale,S1,17,17,100306.58,26,110276.8123493976,1.0,0.05642266341239877,Bronze
10341,55,75.2,7,4136.0,2004-11-24,Shipped,4,11,2004,Classic Cars,115,S12_4675,Salzburg Collectables,6562-9555,Geislweg 14,,Salzburg,,5020,Austria,EMEA,Pipps,Georg,Medium,10119,Growth,S1,10,10,149798.63,40,72804.92669773634,1.0,0.08202203553143256,Bronze
10363,46,88.45,6,4068.7,2005-01-06,Shipped,1,1,2005,Classic Cars,115,S12_4675,Suominen Souveniers,+358 9 8045 555,"Software Engineering Center, SEC Oy",,Espoo,,FIN-02271,Finland,EMEA,Suominen,Kalle,Medium,10141,Growth,S1,15,15,113961.15,30,79230.13285714285,1.0,0.06283398058431945,Bronze
10377,50,100.0,1,5182.0,2005-02-09,Shipped,1,2,2005,Classic Cars,115,S12_4675,"Toys of Finland, Co.",90-224 8555,Keskuskatu 45,,Helsinki,,21240,Finland,EMEA,Karttunen,Matti,Medium,10155,Scale,S1,6,6,111250.38,30,82365.9,1.0,0.06236245706238509,Bronze
10389,47,100.0,8,5243.79,2005-03-03,Shipped,1,3,2005,Classic Cars,115,S12_4675,Scandinavian Gift Ideas,0695-34 6555,?kergatan 24,,Boras,,S-844 67,Sweden,EMEA,Larsson,Maria,Medium,10167,Scale,S1,8,8,134259.33,38,98402.92259036144,1.0,0.0773008431710182,Bronze
10405,97,93.28,5,9048.16,2005-04-14,Shipped,2,4,2005,Classic Cars,115,S12_4675,Mini Caravy,88.60.1555,"24, place Kluber",,Strasbourg,,67000,France,EMEA,Citeaux,Frederique,Large,10241,Recent,S1,5,5,80438.48,19,80000.12316076295,1.0,0.0427737169683917,Bronze
10419,32,100.0,10,3832.64,2005-05-17,Shipped,2,5,2005,Classic Cars,115,S12_4675,Salzburg Collectables,6562-9555,Geislweg 14,,Salzburg,,5020,Austria,EMEA,Pipps,Georg,Medium,10119,Growth,S1,14,14,149798.63,40,72804.92669773634,1.0,0.08202203553143256,Bronze
10103,35,100.0,10,3920.0,2003-01-29,Shipped,1,1,2003,Trucks and Buses,116,S18_1097,Baane Mini Imports,07-98 9555,Erling Skakkes gate 78,,Stavern,,4110,Norway,EMEA,Bergulfsen,Jonas,Medium,10103,Early,S1,16,16,116599.19,32,65778.52295208655,1.0,0.06520234066938801,Bronze
10126,38,100.0,10,3857.0,2003-05-28,Shipped,2,5,2003,Trucks and Buses,116,S18_1097,"Corrida Auto Replicas, Ltd",(91) 555 22 82,"C/ Araquil, 67",,Madrid,,28023,Spain,EMEA,Sommer,Mart¡n,Medium,10126,Growth,S1,17,17,120615.28,32,84016.36870229007,1.0,0.0667967122594898,Bronze
10150,34,100.0,7,4641.0,2003-09-19,Shipped,3,9,2003,Trucks and Buses,116,S18_1097,"Dragon Souveniers, Ltd.",+65 221 7555,"Bronz Sok., Bronz Apt. 3/6 Tesvikiye",,Singapore,,79903,Singapore,Japan,Natividad,Eric,Medium,10117,Growth,S1,11,11,172989.68,43,91908.63639010189,0.09121179679999217,0.09132888493134783,Bronze
10164,36,99.17,8,3570.12,2003-10-21,Resolved,4,10,2003,Trucks and Buses,116,S18_1097,Mini Auto Werke,7675-3555,Kirchgasse 6,,Graz,,8010,Austria,EMEA,Mendel,Roland,Medium,10164,Scale,S1,8,8,52263.9,15,37625.88461538462,1.0,0.030305097200400477,Bronze
10174,48,93.34,3,4480.32,2003-11-06,Shipped,4,11,2003,Trucks and Buses,116,S18_1097,"Australian Gift Network, Co",61-7-3844-6555,31 Duncan St. West End,,South Brisbane,Queensland,4101,Australia,APAC,Calaghan,Tony,Medium,10152,Scale,S1,5,5,59469.12,15,43674.504627766604,0.14445278660885533,0.032121457634630854,Bronze
10194,21,93.34,10,1960.14,2003-11-25,Shipped,4,11,2003,Trucks and Buses,116,S18_1097,"Saveley & Henriot, Co.",78.32.5555,"2, rue du Commerce",,Lyon,,69004,France,EMEA,Saveley,Mary,Small,10194,Scale,S1,11,11,142874.25,41,526758.5984848485,1.0,0.09943267580879472,Bronze
10258,41,100.0,5,5453.0,2004-06-15,Shipped,2,6,2004,Trucks and Buses,116,S18_1097,"Tokyo Collectables, Ltd",+81 3 3584 0555,2-2-8 Roppongi,,Minato-ku,Tokyo,106-0032,Japan,Japan,Shimamura,Akiko,Medium,10258,Recent,S1,6,6,120562.74,32,141042.94903846155,0.09121179679999217,0.06901754192631648,Bronze
10270,43,96.84,8,4164.12,2004-07-19,Shipped,3,7,2004,Trucks and Buses,116,S18_1097,Souveniers And Things Co.,+61 2 9495 8555,"Monitor Money Building, 815 Pacific Hwy",Level 6,Chatswood,NSW,2067,Australia,APAC,Huxley,Adrian,Medium,10139,Growth,S1,11,11,151570.98,46,80882.175,0.14445278660885533,0.08967658031400969,Bronze
10280,24,100.0,1,2800.08,2004-08-17,Shipped,3,8,2004,Trucks and Buses,116,S18_1097,Amica Models & Co.,011-4988555,Via Monte Bianco 34,,Torino,,10100,Italy,EMEA,Accorti,Paolo,Small,10280,Recent,S1,17,17,94117.26,26,1431366.6624999999,1.0,0.10678083828361203,Bronze
10291,41,100.0,10,4687.94,2004-09-08,Shipped,3,9,2004,Trucks and Buses,116,S18_1097,Scandinavian Gift Ideas,0695-34 6555,?kergatan 24,,Boras,,S-844 67,Sweden,EMEA,Larsson,Maria,Medium,10167,Scale,S1,14,14,134259.33,38,98402.92259036144,1.0,0.0773008431710182,Bronze
10304,46,98.0,5,4508.0,2004-10-11,Shipped,4,10,2004,Trucks and Buses,116,S18_1097,Auto Assoc. & Cie.,30.59.8555,"67, avenue de l'Europe",,Versailles,,78000,France,EMEA,Tonini,Daniel,Medium,10216,Recent,S1,17,17,64834.32,18,93535.67905138338,1.0,0.03872441348619289,Bronze
10347,42,49.6,5,2083.2,2004-11-29,Shipped,4,11,2004,Trucks and Buses,116,S18_1097,"Australian Collectors, Co.",03 9520 4555,636 St Kilda Road,Level 3,Melbourne,Victoria,3004,Australia,APAC,Ferguson,Peter,Small,10120,Growth,S1,12,12,200995.41,55,126270.78253012049,0.14445278660885533,0.11271325808083006,Bronze
10370,27,100.0,1,3911.49,2005-01-20,Shipped,1,1,2005,Trucks and Buses,116,S18_1097,"Anna's Decorations, Ltd",02 9936 8555,201 Miller Street,Level 15,North Sydney,NSW,2060,Australia,APAC,O'Hara,Anna,Medium,10148,Scale,S1,9,9,153996.13,46,102946.13086080586,0.14445278660885533,0.09107194995497356,Bronze
10391,29,85.1,10,2467.9,2005-03-09,Shipped,1,3,2005,Trucks and Buses,116,S18_1097,"Anna's Decorations, Ltd",02 9936 8555,201 Miller Street,Level 15,North Sydney,NSW,2060,Australia,APAC,O'Hara,Anna,Small,10148,Scale,S1,10,10,153996.13,46,102946.13086080586,0.14445278660885533,0.09107194995497356,Bronze
10424,54,100.0,5,7182.0,2005-05-31,In Process,2,5,2005,Trucks and Buses,116,S18_1097,Euro Shopping Channel,(91) 555 94 44,"C/ Moralzarzal, 86",,Madrid,,28034,Spain,EMEA,Freyre,Diego,Large,10104,Early,S1,6,6,912294.11,259,390830.2231807512,1.0,0.5152993396387399,Gold
10122,34,100.0,2,5004.8,2003-05-08,Shipped,2,5,2003,Classic Cars,141,S18_1129,Marseille Mini Autos,91.24.4555,"12, rue des Bouchers",,Marseille,,13008,France,EMEA,Lebihan,Laurence,Medium,10122,Growth,S1,17,17,74936.14,25,44838.83786885246,1.0,0.0471408447640282,Bronze
10136,25,100.0,2,3644.75,2003-07-04,Shipped,3,7,2003,Classic Cars,141,S18_1129,Alpha Cognac,61.77.6555,1 rue Alsace-Lorraine,,Toulouse,,31000,France,EMEA,Roulet,Annette,Medium,10136,Growth,S1,3,3,70488.44,20,40580.88422712934,1.0,0.040207599850367405,Bronze
10148,23,100.0,13,2702.04,2003-09-11,Shipped,3,9,2003,Classic Cars,141,S18_1129,"Anna's Decorations, Ltd",02 9936 8555,201 Miller Street,Level 15,North Sydney,NSW,2060,Australia,APAC,O'Hara,Anna,Small,10148,Scale,S1,14,14,153996.13,46,102946.13086080586,0.14445278660885533,0.09107194995497356,Bronze
10161,28,100.0,12,3764.88,2003-10-17,Shipped,4,10,2003,Classic Cars,141,S18_1129,Heintze Collectables,86 21 3555,Smagsloget 45,,Aaarhus,,8200,Denmark,EMEA,Ibsen,Palle,Medium,10161,Scale,S1,12,12,100595.55,27,98702.62298387097,1.0,0.05719123450775858,Bronze
10181,44,100.0,6,5418.16,2003-11-12,Shipped,4,11,2003,Classic Cars,141,S18_1129,Herkku Gifts,+47 2267 3215,"Drammen 121, PR 744 Sentrum",,Bergen,,N 5804,Norway,EMEA,Oeztan,Veysel,Medium,10181,Scale,S1,17,17,111640.28,29,137201.01750841748,1.0,0.06343619416528738,Bronze
10212,29,100.0,10,4186.73,2004-01-16,Shipped,1,1,2004,Classic Cars,141,S18_1129,Euro Shopping Channel,(91) 555 94 44,"C/ Moralzarzal, 86",,Madrid,,28034,Spain,EMEA,Freyre,Diego,Medium,10104,Early,S1,16,16,912294.11,259,390830.2231807512,1.0,0.5152993396387399,Gold
10225,32,100.0,1,4529.28,2004-02-22,Shipped,1,2,2004,Classic Cars,141,S18_1129,"Vida Sport, Ltd",0897-034555,Grenzacherweg 237,,Gensve,,1203,Switzerland,EMEA,Holz,Michael,Medium,10225,Recent,S1,14,14,117713.56,31,224949.99685863874,1.0,0.07051922579065513,Bronze
10240,41,100.0,3,5628.89,2004-04-13,Shipped,2,4,2004,Classic Cars,141,S18_1129,Osaka Souveniers Co.,+81 06 6342 5555,"Dojima Avanza 4F, 1-6-20 Dojima, Kita-ku",,Osaka,Osaka,530-0003,Japan,Japan,Kentary,Mory,Medium,10210,Recent,S1,3,3,67605.07,20,265331.72634408606,0.09121179679999217,0.048373524517489136,Bronze
10253,26,100.0,5,3054.48,2004-06-01,Cancelled,2,6,2004,Classic Cars,141,S18_1129,"UK Collectables, Ltd.",(171) 555-2282,Berkeley Gardens 12  Brewery,,Liverpool,,WX1 6LT,UK,EMEA,Devon,Elizabeth,Medium,10253,Recent,S1,14,14,118008.27,29,78172.44745916517,1.0,0.06252151573536294,Bronze
10266,21,100.0,6,2526.51,2004-07-06,Shipped,3,7,2004,Classic Cars,141,S18_1129,L'ordine Souveniers,0522-556555,Strada Provinciale 124,,Reggio Emilia,,42100,Italy,EMEA,Moroni,Maurizio,Small,10176,Scale,S1,15,15,142601.33,39,94292.54610507246,1.0,0.08012703678424364,Bronze
10287,41,100.0,4,6499.32,2004-08-30,Shipped,3,8,2004,Classic Cars,141,S18_1129,"Vida Sport, Ltd",0897-034555,Grenzacherweg 237,,Gensve,,1203,Switzerland,EMEA,Holz,Michael,Medium,10225,Recent,S1,17,17,117713.56,31,224949.99685863874,1.0,0.07051922579065513,Bronze
10301,37,100.0,8,5917.78,2003-10-05,Shipped,4,10,2003,Classic Cars,141,S18_1129,"Norway Gifts By Mail, Co.",+47 2212 1555,"Drammensveien 126 A, PB 744 Sentrum",,Oslo,,N 0106,Norway,EMEA,Klaeboe,Jan,Medium,10284,Recent,S1,11,11,79224.23,24,89803.86319875775,1.0,0.04868280040290712,Bronze
10310,37,100.0,2,6231.91,2004-10-16,Shipped,4,10,2004,Classic Cars,141,S18_1129,"Toms Spezialitten, Ltd",0221-5554327,Mehrheimerstr. 369,,Koln,,50739,Germany,EMEA,Pfalzheim,Henriette,Medium,10191,Scale,S1,17,17,100306.58,26,110276.8123493976,1.0,0.05642266341239877,Bronze
10342,40,100.0,2,6454.4,2004-11-24,Shipped,4,11,2004,Classic Cars,141,S18_1129,"Australian Collectors, Co.",03 9520 4555,636 St Kilda Road,Level 3,Melbourne,Victoria,3004,Australia,APAC,Ferguson,Peter,Medium,10120,Growth,S1,11,11,200995.41,55,126270.78253012049,0.14445278660885533,0.11271325808083006,Bronze
10356,43,97.6,8,4196.8,2004-12-09,Shipped,4,12,2004,Classic Cars,141,S18_1129,Lyon Souveniers,+33 1 46 62 7555,27 rue du Colonel Pierre Avia,,Paris,,75508,France,EMEA,Da Cunha,Daniel,Medium,10134,Growth,S1,9,9,78570.34,20,45811.77971246006,1.0,0.042184142256092155,Bronze
10377,35,100.0,2,5895.05,2005-02-09,Shipped,1,2,2005,Classic Cars,141,S18_1129,"Toys of Finland, Co.",90-224 8555,Keskuskatu 45,,Helsinki,,21240,Finland,EMEA,Karttunen,Matti,Medium,10155,Scale,S1,6,6,111250.38,30,82365.9,1.0,0.06236245706238509,Bronze
10406,61,100.0,3,8374.69,2005-04-15,Disputed,2,4,2005,Classic Cars,141,S18_1129,Danish Wholesale Imports,31 12 3555,Vinb'ltet 34,,Kobenhavn,,1734,Denmark,EMEA,Petersen,Jytte,Large,10105,Early,S1,3,3,145041.6,36,66591.42641509433,1.0,0.07610272679186011,Bronze
10419,38,100.0,5,4464.24,2005-05-17,Shipped,2,5,2005,Classic Cars,141,S18_1129,Salzburg Collectables,6562-9555,Geislweg 14,,Salzburg,,5020,Austria,EMEA,Pipps,Georg,Medium,10119,Growth,S1,14,14,149798.63,40,72804.92669773634,1.0,0.08202203553143256,Bronze
10125,32,100.0,1,3254.72,2003-05-21,Shipped,2,5,2003,Vintage Cars,102,S18_1342,"Australian Collectors, Co.",03 9520 4555,636 St Kilda Road,Level 3,Melbourne,Victoria,3004,Australia,APAC,Ferguson,Peter,Medium,10120,Growth,S1,2,2,200995.41,55,126270.78253012049,0.14445278660885533,0.11271325808083006,Bronze
10139,31,100.0,7,3184.94,2003-07-16,Shipped,3,7,2003,Vintage Cars,102,S18_1342,Souveniers And Things Co.,+61 2 9495 8555,"Monitor Money Building, 815 Pacific Hwy",Level 6,Chatswood,NSW,2067,Australia,APAC,Huxley,Adrian,Medium,10139,Growth,S1,8,8,151570.98,46,80882.175,0.14445278660885533,0.08967658031400969,Bronze
10173,43,100.0,6,5036.16,2003-11-05,Shipped,4,11,2003,Vintage Cars,102,S18_1342,Rovelli Gifts,035-640555,Via Ludovico il Moro 22,,Bergamo,,24100,Italy,EMEA,Rovelli,Giovanni,Medium,10106,Early,S1,16,16,137955.72,48,79297.38236220472,1.0,0.08894630469124336,Bronze
10193,28,100.0,7,3106.88,2003-11-21,Shipped,4,11,2003,Vintage Cars,102,S18_1342,"Australian Collectables, Ltd",61-9-3844-6555,7 Allen Street,,Glen Waverly,Victoria,3150,Australia,APAC,Connery,Sean,Medium,10193,Scale,S1,16,16,64591.46,23,43984.856156716414,0.14445278660885533,0.042522973876149284,Bronze
10205,36,100.0,2,3735.72,2003-12-03,Shipped,4,12,2003,Vintage Cars,102,S18_1342,Euro Shopping Channel,(91) 555 94 44,"C/ Moralzarzal, 86",,Madrid,,28034,Spain,EMEA,Freyre,Diego,Medium,10104,Early,S1,5,5,912294.11,259,390830.2231807512,1.0,0.5152993396387399,Gold
10227,25,100.0,3,2953.75,2004-03-02,Shipped,1,3,2004,Vintage Cars,102,S18_1342,"Saveley & Henriot, Co.",78.32.5555,"2, rue du Commerce",,Lyon,,69004,France,EMEA,Saveley,Mary,Small,10194,Scale,S1,15,15,142874.25,41,526758.5984848485,1.0,0.09943267580879472,Bronze
10244,40,100.0,7,4684.8,2004-04-29,Shipped,2,4,2004,Vintage Cars,102,S18_1342,Euro Shopping Channel,(91) 555 94 44,"C/ Moralzarzal, 86",,Madrid,,28034,Spain,EMEA,Freyre,Diego,Medium,10104,Early,S1,9,9,912294.11,259,390830.2231807512,1.0,0.5152993396387399,Gold
10256,34,95.55,2,3248.7,2004-06-08,Shipped,2,6,2004,Vintage Cars,102,S18_1342,Danish Wholesale Imports,31 12 3555,Vinb'ltet 34,,Kobenhavn,,1734,Denmark,EMEA,Petersen,Jytte,Medium,10105,Early,S1,2,2,145041.6,36,66591.42641509433,1.0,0.07610272679186011,Bronze
10280,50,100.0,9,5239.5,2004-08-17,Shipped,3,8,2004,Vintage Cars,102,S18_1342,Amica Models & Co.,011-4988555,Via Monte Bianco 34,,Torino,,10100,Italy,EMEA,Accorti,Paolo,Medium,10280,Recent,S1,17,17,94117.26,26,1431366.6624999999,1.0,0.10678083828361203,Bronze
10289,38,100.0,2,4567.98,2004-09-03,Shipped,3,9,2004,Vintage Cars,102,S18_1342,Herkku Gifts,+47 2267 3215,"Drammen 121, PR 744 Sentrum",,Bergen,,N 5804,Norway,EMEA,Oeztan,Veysel,Medium,10181,Scale,S1,4,4,111640.28,29,137201.01750841748,1.0,0.06343619416528738,Bronze
10304,37,95.55,13,3535.35,2004-10-11,Shipped,4,10,2004,Vintage Cars,102,S18_1342,Auto Assoc. & Cie.,30.59.8555,"67, avenue de l'Europe",,Versailles,,78000,France,EMEA,Tonini,Daniel,Medium,10216,Recent,S1,17,17,64834.32,18,93535.67905138338,1.0,0.03872441348619289,Bronze
10332,46,95.13,15,4375.98,2004-11-17,Shipped,4,11,2004,Vintage Cars,102,S18_1342,"AV Stores, Co.",(171) 555-1555,Fauntleroy Circus,,Manchester,,EC2 5NT,UK,EMEA,Ashworth,Victoria,Medium,10110,Early,S1,18,18,157807.81,51,94271.44132569559,1.0,0.09735950383251968,Bronze
10356,50,50.18,9,2509.0,2004-12-09,Shipped,4,12,2004,Vintage Cars,102,S18_1342,Lyon Souveniers,+33 1 46 62 7555,27 rue du Colonel Pierre Avia,,Paris,,75508,France,EMEA,Da Cunha,Daniel,Small,10134,Growth,S1,9,9,78570.34,20,45811.77971246006,1.0,0.042184142256092155,Bronze
10380,27,93.16,13,2515.32,2005-02-16,Shipped,1,2,2005,Vintage Cars,102,S18_1342,Euro Shopping Channel,(91) 555 94 44,"C/ Moralzarzal, 86",,Madrid,,28034,Spain,EMEA,Freyre,Diego,Small,10104,Early,S1,13,13,912294.11,259,390830.2231807512,1.0,0.5152993396387399,Gold
10391,35,100.0,2,5548.9,2005-03-09,Shipped,1,3,2005,Vintage Cars,102,S18_1342,"Anna's Decorations, Ltd",02 9936 8555,201 Miller Street,Level 15,North Sydney,NSW,2060,Australia,APAC,O'Hara,Anna,Medium,10148,Scale,S1,10,10,153996.13,46,102946.13086080586,0.14445278660885533,0.09107194995497356,Bronze
10126,42,54.99,17,2309.58,2003-05-28,Shipped,2,5,2003,Vintage Cars,53,S18_1367,"Corrida Auto Replicas, Ltd",(91) 555 22 82,"C/ Araquil, 67",,Madrid,,28023,Spain,EMEA,Sommer,Mart¡n,Small,10126,Growth,S1,17,17,120615.28,32,84016.36870229007,1.0,0.0667967122594898,Bronze
10139,49,43.13,6,2113.37,2003-07-16,Shipped,3,7,2003,Vintage Cars,53,S18_1367,Souveniers And Things Co.,+61 2 9495 8555,"Monitor Money Building, 815 Pacific Hwy",Level 6,Chatswood,NSW,2067,Australia,APAC,Huxley,Adrian,Small,10139,Growth,S1,8,8,151570.98,46,80882.175,0.14445278660885533,0.08967658031400969,Bronze
10173,48,44.21,5,2122.08,2003-11-05,Shipped,4,11,2003,Vintage Cars,53,S18_1367,Rovelli Gifts,035-640555,Via Ludovico il Moro 22,,Bergamo,,24100,Italy,EMEA,Rovelli,Giovanni,Small,10106,Early,S1,16,16,137955.72,48,79297.38236220472,1.0,0.08894630469124336,Bronze
10193,46,53.37,6,2455.02,2003-11-21,Shipped,4,11,2003,Vintage Cars,53,S18_1367,"Australian Collectables, Ltd",61-9-3844-6555,7 Allen Street,,Glen Waverly,Victoria,3150,Australia,APAC,Connery,Sean,Small,10193,Scale,S1,16,16,64591.46,23,43984.856156716414,0.14445278660885533,0.042522973876149284,Bronze
10205,48,63.61,1,3053.28,2003-12-03,Shipped,4,12,2003,Vintage Cars,53,S18_1367,Euro Shopping Channel,(91) 555 94 44,"C/ Moralzarzal, 86",,Madrid,,28034,Spain,EMEA,Freyre,Diego,Medium,10104,Early,S1,5,5,912294.11,259,390830.2231807512,1.0,0.5152993396387399,Gold
10227,31,48.52,2,1504.12,2004-03-02,Shipped,1,3,2004,Vintage Cars,53,S18_1367,"Saveley & Henriot, Co.",78.32.5555,"2, rue du Commerce",,Lyon,,69004,France,EMEA,Saveley,Mary,Small,10194,Scale,S1,15,15,142874.25,41,526758.5984848485,1.0,0.09943267580879472,Bronze
10244,20,58.22,6,1164.4,2004-04-29,Shipped,2,4,2004,Vintage Cars,53,S18_1367,Euro Shopping Channel,(91) 555 94 44,"C/ Moralzarzal, 86",,Madrid,,28034,Spain,EMEA,Freyre,Diego,Small,10104,Early,S1,9,9,912294.11,259,390830.2231807512,1.0,0.5152993396387399,Gold
10256,29,51.75,1,1500.75,2004-06-08,Shipped,2,6,2004,Vintage Cars,53,S18_1367,Danish Wholesale Imports,31 12 3555,Vinb'ltet 34,,Kobenhavn,,1734,Denmark,EMEA,Petersen,Jytte,Small,10105,Early,S1,2,2,145041.6,36,66591.42641509433,1.0,0.07610272679186011,Bronze
10280,27,57.68,8,1557.36,2004-08-17,Shipped,3,8,2004,Vintage Cars,53,S18_1367,Amica Models & Co.,011-4988555,Via Monte Bianco 34,,Torino,,10100,Italy,EMEA,Accorti,Paolo,Small,10280,Recent,S1,17,17,94117.26,26,1431366.6624999999,1.0,0.10678083828361203,Bronze
10289,24,56.07,1,1345.68,2004-09-03,Shipped,3,9,2004,Vintage Cars,53,S18_1367,Herkku Gifts,+47 2267 3215,"Drammen 121, PR 744 Sentrum",,Bergen,,N 5804,Norway,EMEA,Oeztan,Veysel,Small,10181,Scale,S1,4,4,111640.28,29,137201.01750841748,1.0,0.06343619416528738,Bronze
10304,37,48.52,12,1795.24,2004-10-11,Shipped,4,10,2004,Vintage Cars,53,S18_1367,Auto Assoc. & Cie.,30.59.8555,"67, avenue de l'Europe",,Versailles,,78000,France,EMEA,Tonini,Daniel,Small,10216,Recent,S1,17,17,64834.32,18,93535.67905138338,1.0,0.03872441348619289,Bronze
10332,27,89.89,16,2427.03,2004-11-17,Shipped,4,11,2004,Vintage Cars,53,S18_1367,"AV Stores, Co.",(171) 555-1555,Fauntleroy Circus,,Manchester,,EC2 5NT,UK,EMEA,Ashworth,Victoria,Small,10110,Early,S1,18,18,157807.81,51,94271.44132569559,1.0,0.09735950383251968,Bronze
10347,21,58.95,7,1237.95,2004-11-29,Shipped,4,11,2004,Vintage Cars,53,S18_1367,"Australian Collectors, Co.",03 9520 4555,636 St Kilda Road,Level 3,Melbourne,Victoria,3004,Australia,APAC,Ferguson,Peter,Small,10120,Growth,S1,12,12,200995.41,55,126270.78253012049,0.14445278660885533,0.11271325808083006,Bronze
10356,22,72.41,6,1593.02,2004-12-09,Shipped,4,12,2004,Vintage Cars,53,S18_1367,Lyon Souveniers,+33 1 46 62 7555,27 rue du Colonel Pierre Avia,,Paris,,75508,France,EMEA,Da Cunha,Daniel,Small,10134,Growth,S1,9,9,78570.34,20,45811.77971246006,1.0,0.042184142256092155,Bronze
10391,42,100.0,3,4998.0,2005-03-09,Shipped,1,3,2005,Vintage Cars,53,S18_1367,"Anna's Decorations, Ltd",02 9936 8555,201 Miller Street,Level 15,North Sydney,NSW,2060,Australia,APAC,O'Hara,Anna,Medium,10148,Scale,S1,10,10,153996.13,46,102946.13086080586,0.14445278660885533,0.09107194995497356,Bronze
10110,37,100.0,16,5433.08,2003-03-18,Shipped,1,3,2003,Classic Cars,124,S18_1589,"AV Stores, Co.",(171) 555-1555,Fauntleroy Circus,,Manchester,,EC2 5NT,UK,EMEA,Ashworth,Victoria,Medium,10110,Early,S1,16,16,157807.81,51,94271.44132569559,1.0,0.09735950383251968,Bronze
10123,26,100.0,2,3073.72,2003-05-20,Shipped,2,5,2003,Classic Cars,124,S18_1589,Atelier graphique,40.32.2555,"54, rue Royale",,Nantes,,44000,France,EMEA,Schmitt,Carine,Medium,10123,Growth,S1,4,4,24179.96,7,15873.534892086329,1.0,0.014030402752811649,Bronze
10137,44,99.55,2,4380.2,2003-07-10,Shipped,3,7,2003,Classic Cars,124,S18_1589,Reims Collectables,26.47.1555,59 rue de l'Abbaye,,Reims,,51100,France,EMEA,Henriot,Paul,Medium,10121,Growth,S1,4,4,135042.94,41,71024.02463976944,1.0,0.07987576822974221,Bronze
10148,47,100.0,9,5848.68,2003-09-11,Shipped,3,9,2003,Classic Cars,124,S18_1589,"Anna's Decorations, Ltd",02 9936 8555,201 Miller Street,Level 15,North Sydney,NSW,2060,Australia,APAC,O'Hara,Anna,Medium,10148,Scale,S1,14,14,153996.13,46,102946.13086080586,0.14445278660885533,0.09107194995497356,Bronze
10161,43,100.0,8,6153.73,2003-10-17,Shipped,4,10,2003,Classic Cars,124,S18_1589,Heintze Collectables,86 21 3555,Smagsloget 45,,Aaarhus,,8200,Denmark,EMEA,Ibsen,Palle,Medium,10161,Scale,S1,12,12,100595.55,27,98702.62298387097,1.0,0.05719123450775858,Bronze
10181,42,100.0,2,5435.64,2003-11-12,Shipped,4,11,2003,Classic Cars,124,S18_1589,Herkku Gifts,+47 2267 3215,"Drammen 121, PR 744 Sentrum",,Bergen,,N 5804,Norway,EMEA,Oeztan,Veysel,Medium,10181,Scale,S1,17,17,111640.28,29,137201.01750841748,1.0,0.06343619416528738,Bronze
10212,38,100.0,6,4492.36,2004-01-16,Shipped,1,1,2004,Classic Cars,124,S18_1589,Euro Shopping Channel,(91) 555 94 44,"C/ Moralzarzal, 86",,Madrid,,28034,Spain,EMEA,Freyre,Diego,Medium,10104,Early,S1,16,16,912294.11,259,390830.2231807512,1.0,0.5152993396387399,Gold
10241,21,100.0,11,2508.66,2004-04-13,Shipped,2,4,2004,Classic Cars,124,S18_1589,Mini Caravy,88.60.1555,"24, place Kluber",,Strasbourg,,67000,France,EMEA,Citeaux,Frederique,Small,10241,Recent,S1,12,12,80438.48,19,80000.12316076295,1.0,0.0427737169683917,Bronze
10253,24,100.0,1,3374.88,2004-06-01,Cancelled,2,6,2004,Classic Cars,124,S18_1589,"UK Collectables, Ltd.",(171) 555-2282,Berkeley Gardens 12  Brewery,,Liverpool,,WX1 6LT,UK,EMEA,Devon,Elizabeth,Medium,10253,Recent,S1,14,14,118008.27,29,78172.44745916517,1.0,0.06252151573536294,Bronze
10266,36,100.0,2,5196.6,2004-07-06,Shipped,3,7,2004,Classic Cars,124,S18_1589,L'ordine Souveniers,0522-556555,Strada Provinciale 124,,Reggio Emilia,,42100,Italy,EMEA,Moroni,Maurizio,Medium,10176,Scale,S1,15,15,142601.33,39,94292.54610507246,1.0,0.08012703678424364,Bronze
10288,20,100.0,14,2936.8,2004-09-01,Shipped,3,9,2004,Classic Cars,124,S18_1589,Handji Gifts& Co,+65 224 1555,Village Close - 106 Linden Road Sandown,2nd Floor,Singapore,,69045,Singapore,APAC,Victorino,Wendy,Small,10217,Recent,S1,14,14,115498.73,36,94734.91337078653,0.14445278660885533,0.07072781358587162,Bronze
10301,32,100.0,4,3424.64,2003-10-05,Shipped,4,10,2003,Classic Cars,124,S18_1589,"Norway Gifts By Mail, Co.",+47 2212 1555,"Drammensveien 126 A, PB 744 Sentrum",,Oslo,,N 0106,Norway,EMEA,Klaeboe,Jan,Medium,10284,Recent,S1,11,11,79224.23,24,89803.86319875775,1.0,0.04868280040290712,Bronze
10311,29,100.0,9,2923.2,2004-10-16,Shipped,4,10,2004,Classic Cars,124,S18_1589,Euro Shopping Channel,(91) 555 94 44,"C/ Moralzarzal, 86",,Madrid,,28034,Spain,EMEA,Freyre,Diego,Small,10104,Early,S1,11,11,912294.11,259,390830.2231807512,1.0,0.5152993396387399,Gold
10343,36,100.0,4,5848.92,2004-11-24,Shipped,4,11,2004,Classic Cars,124,S18_1589,Reims Collectables,26.47.1555,59 rue de l'Abbaye,,Reims,,51100,France,EMEA,Henriot,Paul,Medium,10121,Growth,S1,6,6,135042.94,41,71024.02463976944,1.0,0.07987576822974221,Bronze
10378,34,42.64,5,1449.76,2005-02-10,Shipped,1,2,2005,Classic Cars,124,S18_1589,Euro Shopping Channel,(91) 555 94 44,"C/ Moralzarzal, 86",,Madrid,,28034,Spain,EMEA,Freyre,Diego,Small,10104,Early,S1,10,10,912294.11,259,390830.2231807512,1.0,0.5152993396387399,Gold
10419,37,100.0,1,5202.94,2005-05-17,Shipped,2,5,2005,Classic Cars,124,S18_1589,Salzburg Collectables,6562-9555,Geislweg 14,,Salzburg,,5020,Austria,EMEA,Pipps,Georg,Medium,10119,Growth,S1,14,14,149798.63,40,72804.92669773634,1.0,0.08202203553143256,Bronze
10106,36,100.0,12,5279.4,2003-02-17,Shipped,1,2,2003,Planes,157,S18_1662,Rovelli Gifts,035-640555,Via Ludovico il Moro 22,,Bergamo,,24100,Italy,EMEA,Rovelli,Giovanni,Medium,10106,Early,S1,18,18,137955.72,48,79297.38236220472,1.0,0.08894630469124336,Bronze
10119,43,100.0,3,6916.12,2003-04-28,Shipped,2,4,2003,Planes,157,S18_1662,Salzburg Collectables,6562-9555,Geislweg 14,,Salzburg,,5020,Austria,EMEA,Pipps,Georg,Medium,10119,Growth,S1,14,14,149798.63,40,72804.92669773634,1.0,0.08202203553143256,Bronze
10155,38,100.0,5,6531.44,2003-10-06,Shipped,4,10,2003,Planes,157,S18_1662,"Toys of Finland, Co.",90-224 8555,Keskuskatu 45,,Helsinki,,21240,Finland,EMEA,Karttunen,Matti,Medium,10155,Scale,S1,13,13,111250.38,30,82365.9,1.0,0.06236245706238509,Bronze
10167,43,100.0,1,5763.72,2003-10-23,Cancelled,4,10,2003,Planes,157,S18_1662,Scandinavian Gift Ideas,0695-34 6555,?kergatan 24,,Boras,,S-844 67,Sweden,EMEA,Larsson,Maria,Medium,10167,Scale,S1,16,16,134259.33,38,98402.92259036144,1.0,0.0773008431710182,Bronze
10178,42,100.0,4,6490.68,2003-11-08,Shipped,4,11,2003,Planes,157,S18_1662,Alpha Cognac,61.77.6555,1 rue Alsace-Lorraine,,Toulouse,,31000,France,EMEA,Roulet,Annette,Medium,10136,Growth,S1,12,12,70488.44,20,40580.88422712934,1.0,0.040207599850367405,Bronze
10186,32,100.0,1,6004.8,2003-11-14,Shipped,4,11,2003,Planes,157,S18_1662,"Double Decker Gift Stores, Ltd",(171) 555-7555,120 Hanover Sq.,,London,,WA1 1DP,UK,EMEA,Hardy,Thomas,Medium,10186,Scale,S1,9,9,36019.04,12,187813.5657142857,1.0,0.02914808134381495,Bronze
10198,42,100.0,4,7483.98,2003-11-27,Shipped,4,11,2003,Planes,157,S18_1662,Cruz & Sons Co.,+63 2 555 3587,15 McCallum Street - NatWest Center #13-03,,Makati City,,1227 MM,Philippines,Japan,Cruz,Arnold,Large,10108,Early,S1,6,6,94015.73,26,54905.18631999999,0.09121179679999217,0.052875972332028814,Bronze
10210,31,100.0,17,5719.5,2004-01-12,Shipped,1,1,2004,Planes,157,S18_1662,Osaka Souveniers Co.,+81 06 6342 5555,"Dojima Avanza 4F, 1-6-20 Dojima, Kita-ku",,Osaka,Osaka,530-0003,Japan,Japan,Kentary,Mory,Medium,10210,Recent,S1,17,17,67605.07,20,265331.72634408606,0.09121179679999217,0.048373524517489136,Bronze
10262,49,100.0,9,6567.96,2004-06-24,Cancelled,2,6,2004,Planes,157,S18_1662,Euro Shopping Channel,(91) 555 94 44,"C/ Moralzarzal, 86",,Madrid,,28034,Spain,EMEA,Freyre,Diego,Medium,10104,Early,S1,16,16,912294.11,259,390830.2231807512,1.0,0.5152993396387399,Gold
10284,45,100.0,11,5747.85,2004-08-21,Shipped,3,8,2004,Planes,157,S18_1662,"Norway Gifts By Mail, Co.",+47 2212 1555,"Drammensveien 126 A, PB 744 Sentrum",,Oslo,,N 0106,Norway,EMEA,Klaeboe,Jan,Medium,10284,Recent,S1,13,13,79224.23,24,89803.86319875775,1.0,0.04868280040290712,Bronze
10296,36,100.0,7,5676.84,2004-09-15,Shipped,3,9,2004,Planes,157,S18_1662,"Bavarian Collectables Imports, Co.",+49 89 61 08 9555,Hansastr. 15,,Munich,,80686,Germany,EMEA,Donnermeyer,Michael,Medium,10296,Recent,S1,14,14,34993.92,14,12772780.799999999,1.0,0.523887847462416,Gold
10316,27,100.0,9,3704.13,2004-11-01,Shipped,4,11,2004,Planes,157,S18_1662,giftsbymail.co.uk,(198) 555-8888,Garden House Crowther Way,,Cowes,Isle of Wight,PO31 7PJ,UK,EMEA,Bennett,Helen,Medium,10232,Recent,S1,18,18,78240.84,26,125805.75594713655,1.0,0.052193137398217876,Bronze
10327,25,100.0,6,2804.75,2004-11-10,Resolved,4,11,2004,Planes,157,S18_1662,Danish Wholesale Imports,31 12 3555,Vinb'ltet 34,,Kobenhavn,,1734,Denmark,EMEA,Petersen,Jytte,Small,10105,Early,S1,8,8,145041.6,36,66591.42641509433,1.0,0.07610272679186011,Bronze
10338,41,100.0,1,5624.79,2004-11-22,Shipped,4,11,2004,Planes,157,S18_1662,Royale Belge,(071) 23 67 2555,"Boulevard Tirou, 255",,Charleroi,,B-6000,Belgium,EMEA,Cartrain,Pascale,Medium,10116,Growth,S1,3,3,33440.1,8,19041.554602184086,1.0,0.017342796176161003,Bronze
10351,39,99.52,1,3881.28,2004-12-03,Shipped,4,12,2004,Planes,157,S18_1662,"Stylish Desk Decors, Co.",(171) 555-0297,35 King George,,London,,WX3 6FW,UK,EMEA,Brown,Ann,Medium,10129,Growth,S1,5,5,88804.5,26,59914.31146025878,1.0,0.05192961308909447,Bronze
10373,28,57.55,4,1611.4,2005-01-31,Shipped,1,1,2005,Planes,157,S18_1662,"Oulu Toy Supplies, Inc.",981-443655,Torikatu 38,,Oulu,,90110,Finland,EMEA,Koskitalo,Pirkko,Small,10151,Scale,S1,17,17,104370.38,32,76343.06352705411,1.0,0.06293500544345523,Bronze
10386,25,54.57,7,1364.25,2005-03-01,Resolved,1,3,2005,Planes,157,S18_1662,Euro Shopping Channel,(91) 555 94 44,"C/ Moralzarzal, 86",,Madrid,,28034,Spain,EMEA,Freyre,Diego,Small,10104,Early,S1,18,18,912294.11,259,390830.2231807512,1.0,0.5152993396387399,Gold
10398,33,100.0,11,4215.09,2005-03-30,Shipped,1,3,2005,Planes,157,S18_1662,Reims Collectables,26.47.1555,59 rue de l'Abbaye,,Reims,,51100,France,EMEA,Henriot,Paul,Medium,10121,Growth,S1,18,18,135042.94,41,71024.02463976944,1.0,0.07987576822974221,Bronze
10416,24,100.0,14,4352.16,2005-05-10,Shipped,2,5,2005,Planes,157,S18_1662,L'ordine Souveniers,0522-556555,Strada Provinciale 124,,Reggio Emilia,,42100,Italy,EMEA,Moroni,Maurizio,Medium,10176,Scale,S1,14,14,142601.33,39,94292.54610507246,1.0,0.08012703678424364,Bronze
10110,42,100.0,7,6069.0,2003-03-18,Shipped,1,3,2003,Vintage Cars,170,S18_1749,"AV Stores, Co.",(171) 555-1555,Fauntleroy Circus,,Manchester,,EC2 5NT,UK,EMEA,Ashworth,Victoria,Medium,10110,Early,S1,16,16,157807.81,51,94271.44132569559,1.0,0.09735950383251968,Bronze
10173,24,100.0,13,3508.8,2003-11-05,Shipped,4,11,2003,Vintage Cars,170,S18_1749,Rovelli Gifts,035-640555,Via Ludovico il Moro 22,,Bergamo,,24100,Italy,EMEA,Rovelli,Giovanni,Medium,10106,Early,S1,16,16,137955.72,48,79297.38236220472,1.0,0.08894630469124336,Bronze
10193,21,100.0,14,3141.6,2003-11-21,Shipped,4,11,2003,Vintage Cars,170,S18_1749,"Australian Collectables, Ltd",61-9-3844-6555,7 Allen Street,,Glen Waverly,Victoria,3150,Australia,APAC,Connery,Sean,Medium,10193,Scale,S1,16,16,64591.46,23,43984.856156716414,0.14445278660885533,0.042522973876149284,Bronze
10214,30,100.0,7,5967.0,2004-01-26,Shipped,1,1,2004,Vintage Cars,170,S18_1749,"Corrida Auto Replicas, Ltd",(91) 555 22 82,"C/ Araquil, 67",,Madrid,,28023,Spain,EMEA,Sommer,Mart¡n,Medium,10126,Growth,S1,7,7,120615.28,32,84016.36870229007,1.0,0.0667967122594898,Bronze
10227,26,100.0,10,3712.8,2004-03-02,Shipped,1,3,2004,Vintage Cars,170,S18_1749,"Saveley & Henriot, Co.",78.32.5555,"2, rue du Commerce",,Lyon,,69004,France,EMEA,Saveley,Mary,Medium,10194,Scale,S1,15,15,142874.25,41,526758.5984848485,1.0,0.09943267580879472,Bronze
10241,41,100.0,2,7597.3,2004-04-13,Shipped,2,4,2004,Vintage Cars,170,S18_1749,Mini Caravy,88.60.1555,"24, place Kluber",,Strasbourg,,67000,France,EMEA,Citeaux,Frederique,Large,10241,Recent,S1,12,12,80438.48,19,80000.12316076295,1.0,0.0427737169683917,Bronze
10280,26,100.0,16,3668.6,2004-08-17,Shipped,3,8,2004,Vintage Cars,170,S18_1749,Amica Models & Co.,011-4988555,Via Monte Bianco 34,,Torino,,10100,Italy,EMEA,Accorti,Paolo,Medium,10280,Recent,S1,17,17,94117.26,26,1431366.6624999999,1.0,0.10678083828361203,Bronze
10288,32,100.0,5,5875.2,2004-09-01,Shipped,3,9,2004,Vintage Cars,170,S18_1749,Handji Gifts& Co,+65 224 1555,Village Close - 106 Linden Road Sandown,2nd Floor,Singapore,,69045,Singapore,APAC,Victorino,Wendy,Medium,10217,Recent,S1,14,14,115498.73,36,94734.91337078653,0.14445278660885533,0.07072781358587162,Bronze
10302,43,100.0,1,7310.0,2003-10-06,Shipped,4,10,2003,Vintage Cars,170,S18_1749,"UK Collectables, Ltd.",(171) 555-2282,Berkeley Gardens 12  Brewery,,Liverpool,,WX1 6LT,UK,EMEA,Devon,Elizabeth,Large,10253,Recent,S1,6,6,118008.27,29,78172.44745916517,1.0,0.06252151573536294,Bronze
10344,45,100.0,1,7650.0,2004-11-25,Shipped,4,11,2004,Vintage Cars,170,S18_1749,Marseille Mini Autos,91.24.4555,"12, rue des Bouchers",,Marseille,,13008,France,EMEA,Lebihan,Laurence,Large,10122,Growth,S1,7,7,74936.14,25,44838.83786885246,1.0,0.0471408447640282,Bronze
10379,39,100.0,2,5399.55,2005-02-10,Shipped,1,2,2005,Vintage Cars,170,S18_1749,Euro Shopping Channel,(91) 555 94 44,"C/ Moralzarzal, 86",,Madrid,,28034,Spain,EMEA,Freyre,Diego,Medium,10104,Early,S1,5,5,912294.11,259,390830.2231807512,1.0,0.5152993396387399,Gold
10420,37,100.0,5,5283.6,2005-05-29,In Process,2,5,2005,Vintage Cars,170,S18_1749,Souveniers And Things Co.,+61 2 9495 8555,"Monitor Money Building, 815 Pacific Hwy",Level 6,Chatswood,NSW,2067,Australia,APAC,Huxley,Adrian,Medium,10139,Growth,S1,13,13,151570.98,46,80882.175,0.14445278660885533,0.08967658031400969,Bronze
10108,38,82.39,2,3130.82,2003-03-03,Shipped,1,3,2003,Classic Cars,77,S18_1889,Cruz & Sons Co.,+63 2 555 3587,15 McCallum Street - NatWest Center #13-03,,Makati City,,1227 MM,Philippines,Japan,Cruz,Arnold,Medium,10108,Early,S1,16,16,94015.73,26,54905.18631999999,0.09121179679999217,0.052875972332028814,Bronze
10122,43,72.38,6,3112.34,2003-05-08,Shipped,2,5,2003,Classic Cars,77,S18_1889,Marseille Mini Autos,91.24.4555,"12, rue des Bouchers",,Marseille,,13008,France,EMEA,Lebihan,Laurence,Medium,10122,Growth,S1,17,17,74936.14,25,44838.83786885246,1.0,0.0471408447640282,Bronze
10170,20,63.14,2,1262.8,2003-11-04,Shipped,4,11,2003,Classic Cars,77,S18_1889,Mini Auto Werke,7675-3555,Kirchgasse 6,,Graz,,8010,Austria,EMEA,Mendel,Roland,Small,10164,Scale,S1,4,4,52263.9,15,37625.88461538462,1.0,0.030305097200400477,Bronze
10181,22,73.92,10,1626.24,2003-11-12,Shipped,4,11,2003,Classic Cars,77,S18_1889,Herkku Gifts,+47 2267 3215,"Drammen 121, PR 744 Sentrum",,Bergen,,N 5804,Norway,EMEA,Oeztan,Veysel,Small,10181,Scale,S1,17,17,111640.28,29,137201.01750841748,1.0,0.06343619416528738,Bronze
10203,45,85.47,4,3846.15,2003-12-02,Shipped,4,12,2003,Classic Cars,77,S18_1889,Euro Shopping Channel,(91) 555 94 44,"C/ Moralzarzal, 86",,Madrid,,28034,Spain,EMEA,Freyre,Diego,Medium,10104,Early,S1,11,11,912294.11,259,390830.2231807512,1.0,0.5152993396387399,Gold
10212,20,66.99,14,1339.8,2004-01-16,Shipped,1,1,2004,Classic Cars,77,S18_1889,Euro Shopping Channel,(91) 555 94 44,"C/ Moralzarzal, 86",,Madrid,,28034,Spain,EMEA,Freyre,Diego,Small,10104,Early,S1,16,16,912294.11,259,390830.2231807512,1.0,0.5152993396387399,Gold
10225,47,64.68,5,3039.96,2004-02-22,Shipped,1,2,2004,Classic Cars,77,S18_1889,"Vida Sport, Ltd",0897-034555,Grenzacherweg 237,,Gensve,,1203,Switzerland,EMEA,Holz,Michael,Medium,10225,Recent,S1,14,14,117713.56,31,224949.99685863874,1.0,0.07051922579065513,Bronze
10239,46,73.92,4,3400.32,2004-04-12,Shipped,2,4,2004,Classic Cars,77,S18_1889,"Oulu Toy Supplies, Inc.",981-443655,Torikatu 38,,Oulu,,90110,Finland,EMEA,Koskitalo,Pirkko,Medium,10151,Scale,S1,5,5,104370.38,32,76343.06352705411,1.0,0.06293500544345523,Bronze
10253,23,83.93,9,1930.39,2004-06-01,Cancelled,2,6,2004,Classic Cars,77,S18_1889,"UK Collectables, Ltd.",(171) 555-2282,Berkeley Gardens 12  Brewery,,Liverpool,,WX1 6LT,UK,EMEA,Devon,Elizabeth,Small,10253,Recent,S1,14,14,118008.27,29,78172.44745916517,1.0,0.06252151573536294,Bronze
10266,33,74.69,10,2464.77,2004-07-06,Shipped,3,7,2004,Classic Cars,77,S18_1889,L'ordine Souveniers,0522-556555,Strada Provinciale 124,,Reggio Emilia,,42100,Italy,EMEA,Moroni,Maurizio,Small,10176,Scale,S1,15,15,142601.33,39,94292.54610507246,1.0,0.08012703678424364,Bronze
10287,44,82.39,8,3625.16,2004-08-30,Shipped,3,8,2004,Classic Cars,77,S18_1889,"Vida Sport, Ltd",0897-034555,Grenzacherweg 237,,Gensve,,1203,Switzerland,EMEA,Holz,Michael,Medium,10225,Recent,S1,17,17,117713.56,31,224949.99685863874,1.0,0.07051922579065513,Bronze
10300,41,92.4,1,3788.4,2003-10-04,Shipped,4,10,2003,Classic Cars,77,S18_1889,"Blauer See Auto, Co.",+49 69 66 90 2555,Lyonerstr. 34,,Frankfurt,,60528,Germany,EMEA,Keitel,Roland,Medium,10101,Early,S1,8,8,85171.59,22,46608.14145427286,1.0,0.04597909459062931,Bronze
10310,20,91.63,6,1832.6,2004-10-16,Shipped,4,10,2004,Classic Cars,77,S18_1889,"Toms Spezialitten, Ltd",0221-5554327,Mehrheimerstr. 369,,Koln,,50739,Germany,EMEA,Pfalzheim,Henriette,Small,10191,Scale,S1,17,17,100306.58,26,110276.8123493976,1.0,0.05642266341239877,Bronze
10342,55,65.45,1,3599.75,2004-11-24,Shipped,4,11,2004,Classic Cars,77,S18_1889,"Australian Collectors, Co.",03 9520 4555,636 St Kilda Road,Level 3,Melbourne,Victoria,3004,Australia,APAC,Ferguson,Peter,Medium,10120,Growth,S1,11,11,200995.41,55,126270.78253012049,0.14445278660885533,0.11271325808083006,Bronze
10363,22,100.0,7,3686.54,2005-01-06,Shipped,1,1,2005,Classic Cars,77,S18_1889,Suominen Souveniers,+358 9 8045 555,"Software Engineering Center, SEC Oy",,Espoo,,FIN-02271,Finland,EMEA,Suominen,Kalle,Medium,10141,Growth,S1,15,15,113961.15,30,79230.13285714285,1.0,0.06283398058431945,Bronze
10377,31,67.76,4,2100.56,2005-02-09,Shipped,1,2,2005,Classic Cars,77,S18_1889,"Toys of Finland, Co.",90-224 8555,Keskuskatu 45,,Helsinki,,21240,Finland,EMEA,Karttunen,Matti,Small,10155,Scale,S1,6,6,111250.38,30,82365.9,1.0,0.06236245706238509,Bronze
10389,49,79.22,3,3881.78,2005-03-03,Shipped,1,3,2005,Classic Cars,77,S18_1889,Scandinavian Gift Ideas,0695-34 6555,?kergatan 24,,Boras,,S-844 67,Sweden,EMEA,Larsson,Maria,Medium,10167,Scale,S1,8,8,134259.33,38,98402.92259036144,1.0,0.0773008431710182,Bronze
10405,61,73.92,4,4509.12,2005-04-14,Shipped,2,4,2005,Classic Cars,77,S18_1889,Mini Caravy,88.60.1555,"24, place Kluber",,Strasbourg,,67000,France,EMEA,Citeaux,Frederique,Medium,10241,Recent,S1,5,5,80438.48,19,80000.12316076295,1.0,0.0427737169683917,Bronze
10419,39,83.93,9,3273.27,2005-05-17,Shipped,2,5,2005,Classic Cars,77,S18_1889,Salzburg Collectables,6562-9555,Geislweg 14,,Salzburg,,5020,Austria,EMEA,Pipps,Georg,Medium,10119,Growth,S1,14,14,149798.63,40,72804.92669773634,1.0,0.08202203553143256,Bronze
10122,31,100.0,1,4100.99,2003-05-08,Shipped,2,5,2003,Classic Cars,142,S18_1984,Marseille Mini Autos,91.24.4555,"12, rue des Bouchers",,Marseille,,13008,France,EMEA,Lebihan,Laurence,Medium,10122,Growth,S1,17,17,74936.14,25,44838.83786885246,1.0,0.0471408447640282,Bronze
10136,36,100.0,1,5274.72,2003-07-04,Shipped,3,7,2003,Classic Cars,142,S18_1984,Alpha Cognac,61.77.6555,1 rue Alsace-Lorraine,,Toulouse,,31000,France,EMEA,Roulet,Annette,Medium,10136,Growth,S1,3,3,70488.44,20,40580.88422712934,1.0,0.040207599850367405,Bronze
10148,25,100.0,12,4232.0,2003-09-11,Shipped,3,9,2003,Classic Cars,142,S18_1984,"Anna's Decorations, Ltd",02 9936 8555,201 Miller Street,Level 15,North Sydney,NSW,2060,Australia,APAC,O'Hara,Anna,Medium,10148,Scale,S1,14,14,153996.13,46,102946.13086080586,0.14445278660885533,0.09107194995497356,Bronze
10161,48,100.0,11,6145.44,2003-10-17,Shipped,4,10,2003,Classic Cars,142,S18_1984,Heintze Collectables,86 21 3555,Smagsloget 45,,Aaarhus,,8200,Denmark,EMEA,Ibsen,Palle,Medium,10161,Scale,S1,12,12,100595.55,27,98702.62298387097,1.0,0.05719123450775858,Bronze
10181,21,100.0,5,3286.08,2003-11-12,Shipped,4,11,2003,Classic Cars,142,S18_1984,Herkku Gifts,+47 2267 3215,"Drammen 121, PR 744 Sentrum",,Bergen,,N 5804,Norway,EMEA,Oeztan,Veysel,Medium,10181,Scale,S1,17,17,111640.28,29,137201.01750841748,1.0,0.06343619416528738,Bronze
10212,41,100.0,9,4840.87,2004-01-16,Shipped,1,1,2004,Classic Cars,142,S18_1984,Euro Shopping Channel,(91) 555 94 44,"C/ Moralzarzal, 86",,Madrid,,28034,Spain,EMEA,Freyre,Diego,Medium,10104,Early,S1,16,16,912294.11,259,390830.2231807512,1.0,0.5152993396387399,Gold
10240,37,100.0,2,5526.32,2004-04-13,Shipped,2,4,2004,Classic Cars,142,S18_1984,Osaka Souveniers Co.,+81 06 6342 5555,"Dojima Avanza 4F, 1-6-20 Dojima, Kita-ku",,Osaka,Osaka,530-0003,Japan,Japan,Kentary,Mory,Medium,10210,Recent,S1,3,3,67605.07,20,265331.72634408606,0.09121179679999217,0.048373524517489136,Bronze
10253,33,100.0,4,4459.62,2004-06-01,Cancelled,2,6,2004,Classic Cars,142,S18_1984,"UK Collectables, Ltd.",(171) 555-2282,Berkeley Gardens 12  Brewery,,Liverpool,,WX1 6LT,UK,EMEA,Devon,Elizabeth,Medium,10253,Recent,S1,14,14,118008.27,29,78172.44745916517,1.0,0.06252151573536294,Bronze
10266,49,100.0,5,6203.4,2004-07-06,Shipped,3,7,2004,Classic Cars,142,S18_1984,L'ordine Souveniers,0522-556555,Strada Provinciale 124,,Reggio Emilia,,42100,Italy,EMEA,Moroni,Maurizio,Medium,10176,Scale,S1,15,15,142601.33,39,94292.54610507246,1.0,0.08012703678424364,Bronze
10287,24,100.0,3,3516.48,2004-08-30,Shipped,3,8,2004,Classic Cars,142,S18_1984,"Vida Sport, Ltd",0897-034555,Grenzacherweg 237,,Gensve,,1203,Switzerland,EMEA,Holz,Michael,Medium,10225,Recent,S1,17,17,117713.56,31,224949.99685863874,1.0,0.07051922579065513,Bronze
10301,47,100.0,7,7488.04,2003-10-05,Shipped,4,10,2003,Classic Cars,142,S18_1984,"Norway Gifts By Mail, Co.",+47 2212 1555,"Drammensveien 126 A, PB 744 Sentrum",,Oslo,,N 0106,Norway,EMEA,Klaeboe,Jan,Large,10284,Recent,S1,11,11,79224.23,24,89803.86319875775,1.0,0.04868280040290712,Bronze
10310,24,100.0,1,3448.08,2004-10-16,Shipped,4,10,2004,Classic Cars,142,S18_1984,"Toms Spezialitten, Ltd",0221-5554327,Mehrheimerstr. 369,,Koln,,50739,Germany,EMEA,Pfalzheim,Henriette,Medium,10191,Scale,S1,17,17,100306.58,26,110276.8123493976,1.0,0.05642266341239877,Bronze
10342,22,100.0,3,3160.74,2004-11-24,Shipped,4,11,2004,Classic Cars,142,S18_1984,"Australian Collectors, Co.",03 9520 4555,636 St Kilda Road,Level 3,Melbourne,Victoria,3004,Australia,APAC,Ferguson,Peter,Medium,10120,Growth,S1,11,11,200995.41,55,126270.78253012049,0.14445278660885533,0.11271325808083006,Bronze
10356,27,64.69,2,1746.63,2004-12-09,Shipped,4,12,2004,Classic Cars,142,S18_1984,Lyon Souveniers,+33 1 46 62 7555,27 rue du Colonel Pierre Avia,,Paris,,75508,France,EMEA,Da Cunha,Daniel,Small,10134,Growth,S1,9,9,78570.34,20,45811.77971246006,1.0,0.042184142256092155,Bronze
10366,34,100.0,3,4207.84,2005-01-10,Shipped,1,1,2005,Classic Cars,142,S18_1984,Royale Belge,(071) 23 67 2555,"Boulevard Tirou, 255",,Charleroi,,B-6000,Belgium,EMEA,Cartrain,Pascale,Medium,10116,Growth,S1,3,3,33440.1,8,19041.554602184086,1.0,0.017342796176161003,Bronze
10377,36,100.0,6,4352.76,2005-02-09,Shipped,1,2,2005,Classic Cars,142,S18_1984,"Toys of Finland, Co.",90-224 8555,Keskuskatu 45,,Helsinki,,21240,Finland,EMEA,Karttunen,Matti,Medium,10155,Scale,S1,6,6,111250.38,30,82365.9,1.0,0.06236245706238509,Bronze
10406,48,100.0,2,7169.28,2005-04-15,Disputed,2,4,2005,Classic Cars,142,S18_1984,Danish Wholesale Imports,31 12 3555,Vinb'ltet 34,,Kobenhavn,,1734,Denmark,EMEA,Petersen,Jytte,Large,10105,Early,S1,3,3,145041.6,36,66591.42641509433,1.0,0.07610272679186011,Bronze
10419,34,100.0,4,4594.76,2005-05-17,Shipped,2,5,2005,Classic Cars,142,S18_1984,Salzburg Collectables,6562-9555,Geislweg 14,,Salzburg,,5020,Austria,EMEA,Pipps,Georg,Medium,10119,Growth,S1,14,14,149798.63,40,72804.92669773634,1.0,0.08202203553143256,Bronze
10104,24,100.0,8,3457.92,2003-01-31,Shipped,1,1,2003,Classic Cars,163,S18_2238,Euro Shopping Channel,(91) 555 94 44,"C/ Moralzarzal, 86",,Madrid,,28034,Spain,EMEA,Freyre,Diego,Medium,10104,Early,S1,13,13,912294.11,259,390830.2231807512,1.0,0.5152993396387399,Gold
10141,39,100.0,4,5938.53,2003-08-01,Shipped,3,8,2003,Classic Cars,163,S18_2238,Suominen Souveniers,+358 9 8045 555,"Software Engineering Center, SEC Oy",,Espoo,,FIN-02271,Finland,EMEA,Suominen,Kalle,Medium,10141,Growth,S1,9,9,113961.15,30,79230.13285714285,1.0,0.06283398058431945,Bronze
10151,43,100.0,2,7110.91,2003-09-21,Shipped,3,9,2003,Classic Cars,163,S18_2238,"Oulu Toy Supplies, Inc.",981-443655,Torikatu 38,,Oulu,,90110,Finland,EMEA,Koskitalo,Pirkko,Large,10151,Scale,S1,10,10,104370.38,32,76343.06352705411,1.0,0.06293500544345523,Bronze
10165,29,100.0,11,5032.95,2003-10-22,Shipped,4,10,2003,Classic Cars,163,S18_2238,"Dragon Souveniers, Ltd.",+65 221 7555,"Bronz Sok., Bronz Apt. 3/6 Tesvikiye",,Singapore,,79903,Singapore,Japan,Natividad,Eric,Medium,10117,Growth,S1,18,18,172989.68,43,91908.63639010189,0.09121179679999217,0.09132888493134783,Bronze
10176,20,100.0,10,3667.6,2003-11-06,Shipped,4,11,2003,Classic Cars,163,S18_2238,L'ordine Souveniers,0522-556555,Strada Provinciale 124,,Reggio Emilia,,42100,Italy,EMEA,Moroni,Maurizio,Medium,10176,Scale,S1,10,10,142601.33,39,94292.54610507246,1.0,0.08012703678424364,Bronze
10184,46,100.0,5,7381.16,2003-11-14,Shipped,4,11,2003,Classic Cars,163,S18_2238,"Iberia Gift Imports, Corp.",(95) 555 82 82,"C/ Romero, 33",,Sevilla,,41101,Spain,EMEA,Roel,Jose Pedro,Large,10184,Scale,S1,13,13,54723.62,15,60896.711280487805,1.0,0.031755289392518975,Bronze
10230,49,100.0,8,7300.51,2004-03-15,Shipped,1,3,2004,Classic Cars,163,S18_2238,"Blauer See Auto, Co.",+49 69 66 90 2555,Lyonerstr. 34,,Frankfurt,,60528,Germany,EMEA,Keitel,Roland,Large,10101,Early,S1,8,8,85171.59,22,46608.14145427286,1.0,0.04597909459062931,Bronze
10246,40,100.0,4,6549.2,2004-05-05,Shipped,2,5,2004,Classic Cars,163,S18_2238,Euro Shopping Channel,(91) 555 94 44,"C/ Moralzarzal, 86",,Madrid,,28034,Spain,EMEA,Freyre,Diego,Medium,10104,Early,S1,11,11,912294.11,259,390830.2231807512,1.0,0.5152993396387399,Gold
10259,30,100.0,3,5697.9,2004-06-15,Shipped,2,6,2004,Classic Cars,163,S18_2238,Handji Gifts& Co,+65 224 1555,Village Close - 106 Linden Road Sandown,2nd Floor,Singapore,,69045,Singapore,APAC,Victorino,Wendy,Medium,10217,Recent,S1,13,13,115498.73,36,94734.91337078653,0.14445278660885533,0.07072781358587162,Bronze
10314,42,100.0,13,5776.26,2004-10-22,Shipped,4,10,2004,Classic Cars,163,S18_2238,Heintze Collectables,86 21 3555,Smagsloget 45,,Aaarhus,,8200,Denmark,EMEA,Ibsen,Palle,Medium,10161,Scale,S1,15,15,100595.55,27,98702.62298387097,1.0,0.05719123450775858,Bronze
10336,49,100.0,6,7460.74,2004-11-20,Shipped,4,11,2004,Classic Cars,163,S18_2238,"La Corne D'abondance, Co.",(1) 42.34.2555,"265, boulevard Charonne",,Paris,,75012,France,EMEA,Bertrand,Marie,Large,10114,Growth,S1,12,12,97203.68,23,59132.23866666666,1.0,0.0502654264226107,Bronze
10358,20,100.0,10,2428.0,2004-12-10,Shipped,4,12,2004,Classic Cars,163,S18_2238,Euro Shopping Channel,(91) 555 94 44,"C/ Moralzarzal, 86",,Madrid,,28034,Spain,EMEA,Freyre,Diego,Small,10104,Early,S1,14,14,912294.11,259,390830.2231807512,1.0,0.5152993396387399,Gold
10412,41,100.0,4,6712.93,2005-05-03,Shipped,2,5,2005,Classic Cars,163,S18_2238,Euro Shopping Channel,(91) 555 94 44,"C/ Moralzarzal, 86",,Madrid,,28034,Spain,EMEA,Freyre,Diego,Medium,10104,Early,S1,11,11,912294.11,259,390830.2231807512,1.0,0.5152993396387399,Gold
10425,28,100.0,3,5318.04,2005-05-31,In Process,2,5,2005,Classic Cars,163,S18_2238,La Rochelle Gifts,40.67.8555,"67, rue des Cinquante Otages",,Nantes,,44000,France,EMEA,Labrune,Janine,Medium,10275,Recent,S1,13,13,180124.9,53,210049.803514377,1.0,0.1091008571092068,Bronze
10110,32,50.25,6,1608.0,2003-03-18,Shipped,1,3,2003,Vintage Cars,60,S18_2248,"AV Stores, Co.",(171) 555-1555,Fauntleroy Circus,,Manchester,,EC2 5NT,UK,EMEA,Ashworth,Victoria,Small,10110,Early,S1,16,16,157807.81,51,94271.44132569559,1.0,0.09735950383251968,Bronze
10173,26,57.51,12,1495.26,2003-11-05,Shipped,4,11,2003,Vintage Cars,60,S18_2248,Rovelli Gifts,035-640555,Via Ludovico il Moro 22,,Bergamo,,24100,Italy,EMEA,Rovelli,Giovanni,Small,10106,Early,S1,16,16,137955.72,48,79297.38236220472,1.0,0.08894630469124336,Bronze
10193,42,59.33,13,2491.86,2003-11-21,Shipped,4,11,2003,Vintage Cars,60,S18_2248,"Australian Collectables, Ltd",61-9-3844-6555,7 Allen Street,,Glen Waverly,Victoria,3150,Australia,APAC,Connery,Sean,Small,10193,Scale,S1,16,16,64591.46,23,43984.856156716414,0.14445278660885533,0.042522973876149284,Bronze
10214,21,62.96,6,1322.16,2004-01-26,Shipped,1,1,2004,Vintage Cars,60,S18_2248,"Corrida Auto Replicas, Ltd",(91) 555 22 82,"C/ Araquil, 67",,Madrid,,28023,Spain,EMEA,Sommer,Mart¡n,Small,10126,Growth,S1,7,7,120615.28,32,84016.36870229007,1.0,0.0667967122594898,Bronze
10227,28,50.85,9,1423.8,2004-03-02,Shipped,1,3,2004,Vintage Cars,60,S18_2248,"Saveley & Henriot, Co.",78.32.5555,"2, rue du Commerce",,Lyon,,69004,France,EMEA,Saveley,Mary,Small,10194,Scale,S1,15,15,142874.25,41,526758.5984848485,1.0,0.09943267580879472,Bronze
10241,33,72.65,1,2397.45,2004-04-13,Shipped,2,4,2004,Vintage Cars,60,S18_2248,Mini Caravy,88.60.1555,"24, place Kluber",,Strasbourg,,67000,France,EMEA,Citeaux,Frederique,Small,10241,Recent,S1,12,12,80438.48,19,80000.12316076295,1.0,0.0427737169683917,Bronze
10280,25,62.96,15,1574.0,2004-08-17,Shipped,3,8,2004,Vintage Cars,60,S18_2248,Amica Models & Co.,011-4988555,Via Monte Bianco 34,,Torino,,10100,Italy,EMEA,Accorti,Paolo,Small,10280,Recent,S1,17,17,94117.26,26,1431366.6624999999,1.0,0.10678083828361203,Bronze
10288,28,61.75,4,1729.0,2004-09-01,Shipped,3,9,2004,Vintage Cars,60,S18_2248,Handji Gifts& Co,+65 224 1555,Village Close - 106 Linden Road Sandown,2nd Floor,Singapore,,69045,Singapore,APAC,Victorino,Wendy,Small,10217,Recent,S1,14,14,115498.73,36,94734.91337078653,0.14445278660885533,0.07072781358587162,Bronze
10303,46,49.04,2,2255.84,2004-10-06,Shipped,4,10,2004,Vintage Cars,60,S18_2248,"Iberia Gift Imports, Corp.",(95) 555 82 82,"C/ Romero, 33",,Sevilla,,41101,Spain,EMEA,Roel,Jose Pedro,Small,10184,Scale,S1,2,2,54723.62,15,60896.711280487805,1.0,0.031755289392518975,Bronze
10332,38,84.25,9,3201.5,2004-11-17,Shipped,4,11,2004,Vintage Cars,60,S18_2248,"AV Stores, Co.",(171) 555-1555,Fauntleroy Circus,,Manchester,,EC2 5NT,UK,EMEA,Ashworth,Victoria,Medium,10110,Early,S1,18,18,157807.81,51,94271.44132569559,1.0,0.09735950383251968,Bronze
10344,40,56.91,2,2276.4,2004-11-25,Shipped,4,11,2004,Vintage Cars,60,S18_2248,Marseille Mini Autos,91.24.4555,"12, rue des Bouchers",,Marseille,,13008,France,EMEA,Lebihan,Laurence,Small,10122,Growth,S1,7,7,74936.14,25,44838.83786885246,1.0,0.0471408447640282,Bronze
10379,27,49.3,1,1331.1,2005-02-10,Shipped,1,2,2005,Vintage Cars,60,S18_2248,Euro Shopping Channel,(91) 555 94 44,"C/ Moralzarzal, 86",,Madrid,,28034,Spain,EMEA,Freyre,Diego,Small,10104,Early,S1,5,5,912294.11,259,390830.2231807512,1.0,0.5152993396387399,Gold
10420,36,63.57,4,2288.52,2005-05-29,In Process,2,5,2005,Vintage Cars,60,S18_2248,Souveniers And Things Co.,+61 2 9495 8555,"Monitor Money Building, 815 Pacific Hwy",Level 6,Chatswood,NSW,2067,Australia,APAC,Huxley,Adrian,Small,10139,Growth,S1,13,13,151570.98,46,80882.175,0.14445278660885533,0.08967658031400969,Bronze
10104,29,100.0,12,3772.61,2003-01-31,Shipped,1,1,2003,Trucks and Buses,122,S18_2319,Euro Shopping Channel,(91) 555 94 44,"C/ Moralzarzal, 86",,Madrid,,28034,Spain,EMEA,Freyre,Diego,Medium,10104,Early,S1,13,13,912294.11,259,390830.2231807512,1.0,0.5152993396387399,Gold
10114,39,100.0,3,4164.42,2003-04-01,Shipped,2,4,2003,Trucks and Buses,122,S18_2319,"La Corne D'abondance, Co.",(1) 42.34.2555,"265, boulevard Charonne",,Paris,,75012,France,EMEA,Bertrand,Marie,Medium,10114,Growth,S1,10,10,97203.68,23,59132.23866666666,1.0,0.0502654264226107,Bronze
10141,47,100.0,8,6287.66,2003-08-01,Shipped,3,8,2003,Trucks and Buses,122,S18_2319,Suominen Souveniers,+358 9 8045 555,"Software Engineering Center, SEC Oy",,Espoo,,FIN-02271,Finland,EMEA,Suominen,Kalle,Medium,10141,Growth,S1,9,9,113961.15,30,79230.13285714285,1.0,0.06283398058431945,Bronze
10151,49,100.0,6,5412.54,2003-09-21,Shipped,3,9,2003,Trucks and Buses,122,S18_2319,"Oulu Toy Supplies, Inc.",981-443655,Torikatu 38,,Oulu,,90110,Finland,EMEA,Koskitalo,Pirkko,Medium,10151,Scale,S1,10,10,104370.38,32,76343.06352705411,1.0,0.06293500544345523,Bronze
10165,46,100.0,15,5984.14,2003-10-22,Shipped,4,10,2003,Trucks and Buses,122,S18_2319,"Dragon Souveniers, Ltd.",+65 221 7555,"Bronz Sok., Bronz Apt. 3/6 Tesvikiye",,Singapore,,79903,Singapore,Japan,Natividad,Eric,Medium,10117,Growth,S1,18,18,172989.68,43,91908.63639010189,0.09121179679999217,0.09132888493134783,Bronze
10175,48,100.0,4,5891.04,2003-11-06,Shipped,4,11,2003,Trucks and Buses,122,S18_2319,"Stylish Desk Decors, Co.",(171) 555-0297,35 King George,,London,,WX3 6FW,UK,EMEA,Brown,Ann,Medium,10129,Growth,S1,12,12,88804.5,26,59914.31146025878,1.0,0.05192961308909447,Bronze
10184,46,100.0,9,5984.14,2003-11-14,Shipped,4,11,2003,Trucks and Buses,122,S18_2319,"Iberia Gift Imports, Corp.",(95) 555 82 82,"C/ Romero, 33",,Sevilla,,41101,Spain,EMEA,Roel,Jose Pedro,Medium,10184,Scale,S1,13,13,54723.62,15,60896.711280487805,1.0,0.031755289392518975,Bronze
10246,22,98.18,8,2159.96,2004-05-05,Shipped,2,5,2004,Trucks and Buses,122,S18_2319,Euro Shopping Channel,(91) 555 94 44,"C/ Moralzarzal, 86",,Madrid,,28034,Spain,EMEA,Freyre,Diego,Small,10104,Early,S1,11,11,912294.11,259,390830.2231807512,1.0,0.5152993396387399,Gold
10259,34,99.41,7,3379.94,2004-06-15,Shipped,2,6,2004,Trucks and Buses,122,S18_2319,Handji Gifts& Co,+65 224 1555,Village Close - 106 Linden Road Sandown,2nd Floor,Singapore,,69045,Singapore,APAC,Victorino,Wendy,Medium,10217,Recent,S1,13,13,115498.73,36,94734.91337078653,0.14445278660885533,0.07072781358587162,Bronze
10334,46,100.0,6,5814.86,2004-11-19,On Hold,4,11,2004,Trucks and Buses,122,S18_2319,"Volvo Model Replicas, Co",0921-12 3555,Berguvsvgen  8,,Lule,,S-958 22,Sweden,EMEA,Berglund,Christina,Medium,10112,Early,S1,6,6,75754.88,19,45552.76968698518,1.0,0.040398475567936076,Bronze
10358,20,36.42,11,728.4,2004-12-10,Shipped,4,12,2004,Trucks and Buses,122,S18_2319,Euro Shopping Channel,(91) 555 94 44,"C/ Moralzarzal, 86",,Madrid,,28034,Spain,EMEA,Freyre,Diego,Small,10104,Early,S1,14,14,912294.11,259,390830.2231807512,1.0,0.5152993396387399,Gold
10370,22,100.0,5,3949.0,2005-01-20,Shipped,1,1,2005,Trucks and Buses,122,S18_2319,"Anna's Decorations, Ltd",02 9936 8555,201 Miller Street,Level 15,North Sydney,NSW,2060,Australia,APAC,O'Hara,Anna,Medium,10148,Scale,S1,9,9,153996.13,46,102946.13086080586,0.14445278660885533,0.09107194995497356,Bronze
10383,27,100.0,11,3843.99,2005-02-22,Shipped,1,2,2005,Trucks and Buses,122,S18_2319,Euro Shopping Channel,(91) 555 94 44,"C/ Moralzarzal, 86",,Madrid,,28034,Spain,EMEA,Freyre,Diego,Medium,10104,Early,S1,13,13,912294.11,259,390830.2231807512,1.0,0.5152993396387399,Gold
10412,56,98.18,8,5498.08,2005-05-03,Shipped,2,5,2005,Trucks and Buses,122,S18_2319,Euro Shopping Channel,(91) 555 94 44,"C/ Moralzarzal, 86",,Madrid,,28034,Spain,EMEA,Freyre,Diego,Medium,10104,Early,S1,11,11,912294.11,259,390830.2231807512,1.0,0.5152993396387399,Gold
10425,38,99.41,7,3777.58,2005-05-31,In Process,2,5,2005,Trucks and Buses,122,S18_2319,La Rochelle Gifts,40.67.8555,"67, rue des Cinquante Otages",,Nantes,,44000,France,EMEA,Labrune,Janine,Medium,10275,Recent,S1,13,13,180124.9,53,210049.803514377,1.0,0.1091008571092068,Bronze
10101,25,100.0,4,3782.0,2003-01-09,Shipped,1,1,2003,Vintage Cars,127,S18_2325,"Blauer See Auto, Co.",+49 69 66 90 2555,Lyonerstr. 34,,Frankfurt,,60528,Germany,EMEA,Keitel,Roland,Medium,10101,Early,S1,4,4,85171.59,22,46608.14145427286,1.0,0.04597909459062931,Bronze
10110,33,100.0,4,3859.68,2003-03-18,Shipped,1,3,2003,Vintage Cars,127,S18_2325,"AV Stores, Co.",(171) 555-1555,Fauntleroy Circus,,Manchester,,EC2 5NT,UK,EMEA,Ashworth,Victoria,Medium,10110,Early,S1,16,16,157807.81,51,94271.44132569559,1.0,0.09735950383251968,Bronze
10173,31,100.0,10,4492.83,2003-11-05,Shipped,4,11,2003,Vintage Cars,127,S18_2325,Rovelli Gifts,035-640555,Via Ludovico il Moro 22,,Bergamo,,24100,Italy,EMEA,Rovelli,Giovanni,Medium,10106,Early,S1,16,16,137955.72,48,79297.38236220472,1.0,0.08894630469124336,Bronze
10193,44,100.0,11,4642.88,2003-11-21,Shipped,4,11,2003,Vintage Cars,127,S18_2325,"Australian Collectables, Ltd",61-9-3844-6555,7 Allen Street,,Glen Waverly,Victoria,3150,Australia,APAC,Connery,Sean,Medium,10193,Scale,S1,16,16,64591.46,23,43984.856156716414,0.14445278660885533,0.042522973876149284,Bronze
10214,27,100.0,4,3604.23,2004-01-26,Shipped,1,1,2004,Vintage Cars,127,S18_2325,"Corrida Auto Replicas, Ltd",(91) 555 22 82,"C/ Araquil, 67",,Madrid,,28023,Spain,EMEA,Sommer,Mart¡n,Medium,10126,Growth,S1,7,7,120615.28,32,84016.36870229007,1.0,0.0667967122594898,Bronze
10227,46,100.0,7,7017.76,2004-03-02,Shipped,1,3,2004,Vintage Cars,127,S18_2325,"Saveley & Henriot, Co.",78.32.5555,"2, rue du Commerce",,Lyon,,69004,France,EMEA,Saveley,Mary,Large,10194,Scale,S1,15,15,142874.25,41,526758.5984848485,1.0,0.09943267580879472,Bronze
10280,37,100.0,13,4750.8,2004-08-17,Shipped,3,8,2004,Vintage Cars,127,S18_2325,Amica Models & Co.,011-4988555,Via Monte Bianco 34,,Torino,,10100,Italy,EMEA,Accorti,Paolo,Medium,10280,Recent,S1,17,17,94117.26,26,1431366.6624999999,1.0,0.10678083828361203,Bronze
10288,31,100.0,2,3822.92,2004-09-01,Shipped,3,9,2004,Vintage Cars,127,S18_2325,Handji Gifts& Co,+65 224 1555,Village Close - 106 Linden Road Sandown,2nd Floor,Singapore,,69045,Singapore,APAC,Victorino,Wendy,Medium,10217,Recent,S1,14,14,115498.73,36,94734.91337078653,0.14445278660885533,0.07072781358587162,Bronze
10304,24,100.0,17,2440.8,2004-10-11,Shipped,4,10,2004,Vintage Cars,127,S18_2325,Auto Assoc. & Cie.,30.59.8555,"67, avenue de l'Europe",,Versailles,,78000,France,EMEA,Tonini,Daniel,Small,10216,Recent,S1,17,17,64834.32,18,93535.67905138338,1.0,0.03872441348619289,Bronze
10332,35,64.69,8,2264.15,2004-11-17,Shipped,4,11,2004,Vintage Cars,127,S18_2325,"AV Stores, Co.",(171) 555-1555,Fauntleroy Circus,,Manchester,,EC2 5NT,UK,EMEA,Ashworth,Victoria,Small,10110,Early,S1,18,18,157807.81,51,94271.44132569559,1.0,0.09735950383251968,Bronze
10344,30,100.0,3,3928.2,2004-11-25,Shipped,4,11,2004,Vintage Cars,127,S18_2325,Marseille Mini Autos,91.24.4555,"12, rue des Bouchers",,Marseille,,13008,France,EMEA,Lebihan,Laurence,Medium,10122,Growth,S1,7,7,74936.14,25,44838.83786885246,1.0,0.0471408447640282,Bronze
10356,29,100.0,3,3630.22,2004-12-09,Shipped,4,12,2004,Vintage Cars,127,S18_2325,Lyon Souveniers,+33 1 46 62 7555,27 rue du Colonel Pierre Avia,,Paris,,75508,France,EMEA,Da Cunha,Daniel,Medium,10134,Growth,S1,9,9,78570.34,20,45811.77971246006,1.0,0.042184142256092155,Bronze
10380,40,100.0,10,4931.6,2005-02-16,Shipped,1,2,2005,Vintage Cars,127,S18_2325,Euro Shopping Channel,(91) 555 94 44,"C/ Moralzarzal, 86",,Madrid,,28034,Spain,EMEA,Freyre,Diego,Medium,10104,Early,S1,13,13,912294.11,259,390830.2231807512,1.0,0.5152993396387399,Gold
10409,6,100.0,2,785.64,2005-04-23,Shipped,2,4,2005,Vintage Cars,127,S18_2325,Handji Gifts& Co,+65 224 1555,Village Close - 106 Linden Road Sandown,2nd Floor,Singapore,,69045,Singapore,APAC,Victorino,Wendy,Small,10217,Recent,S1,2,2,115498.73,36,94734.91337078653,0.14445278660885533,0.07072781358587162,Bronze
10420,45,100.0,2,4977.0,2005-05-29,In Process,2,5,2005,Vintage Cars,127,S18_2325,Souveniers And Things Co.,+61 2 9495 8555,"Monitor Money Building, 815 Pacific Hwy",Level 6,Chatswood,NSW,2067,Australia,APAC,Huxley,Adrian,Medium,10139,Growth,S1,13,13,151570.98,46,80882.175,0.14445278660885533,0.08967658031400969,Bronze
10103,22,54.09,2,1189.98,2003-01-29,Shipped,1,1,2003,Trucks and Buses,60,S18_2432,Baane Mini Imports,07-98 9555,Erling Skakkes gate 78,,Stavern,,4110,Norway,EMEA,Bergulfsen,Jonas,Small,10103,Early,S1,16,16,116599.19,32,65778.52295208655,1.0,0.06520234066938801,Bronze
10114,45,68.67,6,3090.15,2003-04-01,Shipped,2,4,2003,Trucks and Buses,60,S18_2432,"La Corne D'abondance, Co.",(1) 42.34.2555,"265, boulevard Charonne",,Paris,,75012,France,EMEA,Bertrand,Marie,Medium,10114,Growth,S1,10,10,97203.68,23,59132.23866666666,1.0,0.0502654264226107,Bronze
10126,43,65.02,2,2795.86,2003-05-28,Shipped,2,5,2003,Trucks and Buses,60,S18_2432,"Corrida Auto Replicas, Ltd",(91) 555 22 82,"C/ Araquil, 67",,Madrid,,28023,Spain,EMEA,Sommer,Mart¡n,Small,10126,Growth,S1,17,17,120615.28,32,84016.36870229007,1.0,0.0667967122594898,Bronze
10151,39,69.28,9,2701.92,2003-09-21,Shipped,3,9,2003,Trucks and Buses,60,S18_2432,"Oulu Toy Supplies, Inc.",981-443655,Torikatu 38,,Oulu,,90110,Finland,EMEA,Koskitalo,Pirkko,Small,10151,Scale,S1,10,10,104370.38,32,76343.06352705411,1.0,0.06293500544345523,Bronze
10165,31,71.1,18,2204.1,2003-10-22,Shipped,4,10,2003,Trucks and Buses,60,S18_2432,"Dragon Souveniers, Ltd.",+65 221 7555,"Bronz Sok., Bronz Apt. 3/6 Tesvikiye",,Singapore,,79903,Singapore,Japan,Natividad,Eric,Small,10117,Growth,S1,18,18,172989.68,43,91908.63639010189,0.09121179679999217,0.09132888493134783,Bronze
10175,41,69.28,7,2840.48,2003-11-06,Shipped,4,11,2003,Trucks and Buses,60,S18_2432,"Stylish Desk Decors, Co.",(171) 555-0297,35 King George,,London,,WX3 6FW,UK,EMEA,Brown,Ann,Small,10129,Growth,S1,12,12,88804.5,26,59914.31146025878,1.0,0.05192961308909447,Bronze
10184,44,60.16,12,2647.04,2003-11-14,Shipped,4,11,2003,Trucks and Buses,60,S18_2432,"Iberia Gift Imports, Corp.",(95) 555 82 82,"C/ Romero, 33",,Sevilla,,41101,Spain,EMEA,Roel,Jose Pedro,Small,10184,Scale,S1,13,13,54723.62,15,60896.711280487805,1.0,0.031755289392518975,Bronze
10194,45,70.49,2,3172.05,2003-11-25,Shipped,4,11,2003,Trucks and Buses,60,S18_2432,"Saveley & Henriot, Co.",78.32.5555,"2, rue du Commerce",,Lyon,,69004,France,EMEA,Saveley,Mary,Medium,10194,Scale,S1,11,11,142874.25,41,526758.5984848485,1.0,0.09943267580879472,Bronze
10217,35,61.38,2,2148.3,2004-02-04,Shipped,1,2,2004,Trucks and Buses,60,S18_2432,Handji Gifts& Co,+65 224 1555,Village Close - 106 Linden Road Sandown,2nd Floor,Singapore,,69045,Singapore,APAC,Victorino,Wendy,Small,10217,Recent,S1,7,7,115498.73,36,94734.91337078653,0.14445278660885533,0.07072781358587162,Bronze
10246,30,61.99,11,1859.7,2004-05-05,Shipped,2,5,2004,Trucks and Buses,60,S18_2432,Euro Shopping Channel,(91) 555 94 44,"C/ Moralzarzal, 86",,Madrid,,28034,Spain,EMEA,Freyre,Diego,Small,10104,Early,S1,11,11,912294.11,259,390830.2231807512,1.0,0.5152993396387399,Gold
10259,30,49.22,10,1476.6,2004-06-15,Shipped,2,6,2004,Trucks and Buses,60,S18_2432,Handji Gifts& Co,+65 224 1555,Village Close - 106 Linden Road Sandown,2nd Floor,Singapore,,69045,Singapore,APAC,Victorino,Wendy,Small,10217,Recent,S1,13,13,115498.73,36,94734.91337078653,0.14445278660885533,0.07072781358587162,Bronze
10291,26,57.73,2,1500.98,2004-09-08,Shipped,3,9,2004,Trucks and Buses,60,S18_2432,Scandinavian Gift Ideas,0695-34 6555,?kergatan 24,,Boras,,S-844 67,Sweden,EMEA,Larsson,Maria,Small,10167,Scale,S1,14,14,134259.33,38,98402.92259036144,1.0,0.0773008431710182,Bronze
10334,34,61.38,1,2086.92,2004-11-19,On Hold,4,11,2004,Trucks and Buses,60,S18_2432,"Volvo Model Replicas, Co",0921-12 3555,Berguvsvgen  8,,Lule,,S-958 22,Sweden,EMEA,Berglund,Christina,Small,10112,Early,S1,6,6,75754.88,19,45552.76968698518,1.0,0.040398475567936076,Bronze
10347,50,100.0,8,6834.5,2004-11-29,Shipped,4,11,2004,Trucks and Buses,60,S18_2432,"Australian Collectors, Co.",03 9520 4555,636 St Kilda Road,Level 3,Melbourne,Victoria,3004,Australia,APAC,Ferguson,Peter,Medium,10120,Growth,S1,12,12,200995.41,55,126270.78253012049,0.14445278660885533,0.11271325808083006,Bronze
10370,22,96.86,7,2130.92,2005-01-20,Shipped,1,1,2005,Trucks and Buses,60,S18_2432,"Anna's Decorations, Ltd",02 9936 8555,201 Miller Street,Level 15,North Sydney,NSW,2060,Australia,APAC,O'Hara,Anna,Small,10148,Scale,S1,9,9,153996.13,46,102946.13086080586,0.14445278660885533,0.09107194995497356,Bronze
10391,44,38.5,5,1694.0,2005-03-09,Shipped,1,3,2005,Trucks and Buses,60,S18_2432,"Anna's Decorations, Ltd",02 9936 8555,201 Miller Street,Level 15,North Sydney,NSW,2060,Australia,APAC,O'Hara,Anna,Small,10148,Scale,S1,10,10,153996.13,46,102946.13086080586,0.14445278660885533,0.09107194995497356,Bronze
10412,47,61.99,11,2913.53,2005-05-03,Shipped,2,5,2005,Trucks and Buses,60,S18_2432,Euro Shopping Channel,(91) 555 94 44,"C/ Moralzarzal, 86",,Madrid,,28034,Spain,EMEA,Freyre,Diego,Small,10104,Early,S1,11,11,912294.11,259,390830.2231807512,1.0,0.5152993396387399,Gold
10425,19,49.22,10,935.18,2005-05-31,In Process,2,5,2005,Trucks and Buses,60,S18_2432,La Rochelle Gifts,40.67.8555,"67, rue des Cinquante Otages",,Nantes,,44000,France,EMEA,Labrune,Janine,Small,10275,Recent,S1,13,13,180124.9,53,210049.803514377,1.0,0.1091008571092068,Bronze
10106,34,90.39,2,3073.26,2003-02-17,Shipped,1,2,2003,Planes,84,S18_2581,Rovelli Gifts,035-640555,Via Ludovico il Moro 22,,Bergamo,,24100,Italy,EMEA,Rovelli,Giovanni,Medium,10106,Early,S1,18,18,137955.72,48,79297.38236220472,1.0,0.08894630469124336,Bronze
10120,29,71.81,8,2082.49,2003-04-29,Shipped,2,4,2003,Planes,84,S18_2581,"Australian Collectors, Co.",03 9520 4555,636 St Kilda Road,Level 3,Melbourne,Victoria,3004,Australia,APAC,Ferguson,Peter,Small,10120,Growth,S1,15,15,200995.41,55,126270.78253012049,0.14445278660885533,0.11271325808083006,Bronze
10133,49,69.27,3,3394.23,2003-06-27,Shipped,2,6,2003,Planes,84,S18_2581,Euro Shopping Channel,(91) 555 94 44,"C/ Moralzarzal, 86",,Madrid,,28034,Spain,EMEA,Freyre,Diego,Medium,10104,Early,S1,8,8,912294.11,259,390830.2231807512,1.0,0.5152993396387399,Gold
10210,50,76.88,7,3844.0,2004-01-12,Shipped,1,1,2004,Planes,84,S18_2581,Osaka Souveniers Co.,+81 06 6342 5555,"Dojima Avanza 4F, 1-6-20 Dojima, Kita-ku",,Osaka,Osaka,530-0003,Japan,Japan,Kentary,Mory,Medium,10210,Recent,S1,17,17,67605.07,20,265331.72634408606,0.09121179679999217,0.048373524517489136,Bronze
10223,47,100.0,9,4724.91,2004-02-20,Shipped,1,2,2004,Planes,84,S18_2581,"Australian Collectors, Co.",03 9520 4555,636 St Kilda Road,Level 3,Melbourne,Victoria,3004,Australia,APAC,Ferguson,Peter,Medium,10120,Growth,S1,15,15,200995.41,55,126270.78253012049,0.14445278660885533,0.11271325808083006,Bronze
10275,35,90.39,9,3163.65,2004-07-23,Shipped,3,7,2004,Planes,84,S18_2581,La Rochelle Gifts,40.67.8555,"67, rue des Cinquante Otages",,Nantes,,44000,France,EMEA,Labrune,Janine,Medium,10275,Recent,S1,18,18,180124.9,53,210049.803514377,1.0,0.1091008571092068,Bronze
10284,31,71.81,1,2226.11,2004-08-21,Shipped,3,8,2004,Planes,84,S18_2581,"Norway Gifts By Mail, Co.",+47 2212 1555,"Drammensveien 126 A, PB 744 Sentrum",,Oslo,,N 0106,Norway,EMEA,Klaeboe,Jan,Small,10284,Recent,S1,13,13,79224.23,24,89803.86319875775,1.0,0.04868280040290712,Bronze
10297,25,82.79,4,2069.75,2004-09-16,Shipped,3,9,2004,Planes,84,S18_2581,"Clover Collections, Co.",+353 1862 1555,25 Maiden Lane,Floor No. 4,Dublin,,2,Ireland,EMEA,Cassidy,Dean,Small,10220,Recent,S1,7,7,57756.43,16,96702.27958715596,1.0,0.03498010163810477,Bronze
10327,45,100.0,8,4781.7,2004-11-10,Resolved,4,11,2004,Planes,84,S18_2581,Danish Wholesale Imports,31 12 3555,Vinb'ltet 34,,Kobenhavn,,1734,Denmark,EMEA,Petersen,Jytte,Medium,10105,Early,S1,8,8,145041.6,36,66591.42641509433,1.0,0.07610272679186011,Bronze
10339,27,100.0,2,2810.7,2004-11-23,Shipped,4,11,2004,Planes,84,S18_2581,"Tokyo Collectables, Ltd",+81 3 3584 0555,2-2-8 Roppongi,,Minato-ku,Tokyo,106-0032,Japan,Japan,Shimamura,Akiko,Small,10258,Recent,S1,16,16,120562.74,32,141042.94903846155,0.09121179679999217,0.06901754192631648,Bronze
10374,42,69.27,2,2909.34,2005-02-02,Shipped,1,2,2005,Planes,84,S18_2581,"Australian Gift Network, Co",61-7-3844-6555,31 Duncan St. West End,,South Brisbane,Queensland,4101,Australia,APAC,Calaghan,Tony,Small,10152,Scale,S1,6,6,59469.12,15,43674.504627766604,0.14445278660885533,0.032121457634630854,Bronze
10386,21,74.77,18,1570.17,2005-03-01,Resolved,1,3,2005,Planes,84,S18_2581,Euro Shopping Channel,(91) 555 94 44,"C/ Moralzarzal, 86",,Madrid,,28034,Spain,EMEA,Freyre,Diego,Small,10104,Early,S1,18,18,912294.11,259,390830.2231807512,1.0,0.5152993396387399,Gold
10398,34,76.88,15,2613.92,2005-03-30,Shipped,1,3,2005,Planes,84,S18_2581,Reims Collectables,26.47.1555,59 rue de l'Abbaye,,Reims,,51100,France,EMEA,Henriot,Paul,Small,10121,Growth,S1,18,18,135042.94,41,71024.02463976944,1.0,0.07987576822974221,Bronze
10416,15,98.84,4,1482.6,2005-05-10,Shipped,2,5,2005,Planes,84,S18_2581,L'ordine Souveniers,0522-556555,Strada Provinciale 124,,Reggio Emilia,,42100,Italy,EMEA,Moroni,Maurizio,Small,10176,Scale,S1,14,14,142601.33,39,94292.54610507246,1.0,0.08012703678424364,Bronze
10120,46,58.15,4,2674.9,2003-04-29,Shipped,2,4,2003,Motorcycles,60,S18_2625,"Australian Collectors, Co.",03 9520 4555,636 St Kilda Road,Level 3,Melbourne,Victoria,3004,Australia,APAC,Ferguson,Peter,Small,10120,Growth,S1,15,15,200995.41,55,126270.78253012049,0.14445278660885533,0.11271325808083006,Bronze
10134,30,61.78,6,1853.4,2003-07-01,Shipped,3,7,2003,Motorcycles,60,S18_2625,Lyon Souveniers,+33 1 46 62 7555,27 rue du Colonel Pierre Avia,,Paris,,75508,France,EMEA,Da Cunha,Daniel,Small,10134,Growth,S1,7,7,78570.34,20,45811.77971246006,1.0,0.042184142256092155,Bronze
10180,25,64.2,13,1605.0,2003-11-11,Shipped,4,11,2003,Motorcycles,60,S18_2625,Daedalus Designs Imports,20.16.1555,"184, chausse de Tournai",,Lille,,59000,France,EMEA,Rance,Martine,Small,10180,Scale,S1,14,14,69052.41,20,244700.2878640777,1.0,0.047883188318364044,Bronze
10188,32,65.42,5,2093.44,2003-11-18,Shipped,4,11,2003,Motorcycles,60,S18_2625,Herkku Gifts,+47 2267 3215,"Drammen 121, PR 744 Sentrum",,Bergen,,N 5804,Norway,EMEA,Oeztan,Veysel,Small,10181,Scale,S1,8,8,111640.28,29,137201.01750841748,1.0,0.06343619416528738,Bronze
10210,40,49.67,3,1986.8,2004-01-12,Shipped,1,1,2004,Motorcycles,60,S18_2625,Osaka Souveniers Co.,+81 06 6342 5555,"Dojima Avanza 4F, 1-6-20 Dojima, Kita-ku",,Osaka,Osaka,530-0003,Japan,Japan,Kentary,Mory,Small,10210,Recent,S1,17,17,67605.07,20,265331.72634408606,0.09121179679999217,0.048373524517489136,Bronze
10223,28,60.57,5,1695.96,2004-02-20,Shipped,1,2,2004,Motorcycles,60,S18_2625,"Australian Collectors, Co.",03 9520 4555,636 St Kilda Road,Level 3,Melbourne,Victoria,3004,Australia,APAC,Ferguson,Peter,Small,10120,Growth,S1,15,15,200995.41,55,126270.78253012049,0.14445278660885533,0.11271325808083006,Bronze
10275,37,63.6,5,2353.2,2004-07-23,Shipped,3,7,2004,Motorcycles,60,S18_2625,La Rochelle Gifts,40.67.8555,"67, rue des Cinquante Otages",,Nantes,,44000,France,EMEA,Labrune,Janine,Small,10275,Recent,S1,18,18,180124.9,53,210049.803514377,1.0,0.1091008571092068,Bronze
10298,32,48.46,2,1550.72,2004-09-27,Shipped,3,9,2004,Motorcycles,60,S18_2625,Atelier graphique,40.32.2555,"54, rue Royale",,Nantes,,44000,France,EMEA,Schmitt,Carine,Small,10123,Growth,S1,2,2,24179.96,7,15873.534892086329,1.0,0.014030402752811649,Bronze
10339,30,62.16,1,1864.8,2004-11-23,Shipped,4,11,2004,Motorcycles,60,S18_2625,"Tokyo Collectables, Ltd",+81 3 3584 0555,2-2-8 Roppongi,,Minato-ku,Tokyo,106-0032,Japan,Japan,Shimamura,Akiko,Small,10258,Recent,S1,16,16,120562.74,32,141042.94903846155,0.09121179679999217,0.06901754192631648,Bronze
10374,22,53.3,4,1172.6,2005-02-02,Shipped,1,2,2005,Motorcycles,60,S18_2625,"Australian Gift Network, Co",61-7-3844-6555,31 Duncan St. West End,,South Brisbane,Queensland,4101,Australia,APAC,Calaghan,Tony,Small,10152,Scale,S1,6,6,59469.12,15,43674.504627766604,0.14445278660885533,0.032121457634630854,Bronze
10389,39,100.0,5,6981.0,2005-03-03,Shipped,1,3,2005,Motorcycles,60,S18_2625,Scandinavian Gift Ideas,0695-34 6555,?kergatan 24,,Boras,,S-844 67,Sweden,EMEA,Larsson,Maria,Medium,10167,Scale,S1,8,8,134259.33,38,98402.92259036144,1.0,0.0773008431710182,Bronze
10402,55,55.72,2,3064.6,2005-04-07,Shipped,2,4,2005,Motorcycles,60,S18_2625,Auto Canal Petit,(1) 47.55.6555,"25, rue Lauriston",,Paris,,75016,France,EMEA,Perrier,Dominique,Medium,10211,Recent,S1,3,3,93170.66,27,75740.06881959911,1.0,0.054664607831659315,Bronze
10417,36,61.18,6,2202.48,2005-05-13,Disputed,2,5,2005,Motorcycles,60,S18_2625,Euro Shopping Channel,(91) 555 94 44,"C/ Moralzarzal, 86",,Madrid,,28034,Spain,EMEA,Freyre,Diego,Small,10104,Early,S1,6,6,912294.11,259,390830.2231807512,1.0,0.5152993396387399,Gold
10101,26,100.0,1,3773.38,2003-01-09,Shipped,1,1,2003,Vintage Cars,168,S18_2795,"Blauer See Auto, Co.",+49 69 66 90 2555,Lyonerstr. 34,,Frankfurt,,60528,Germany,EMEA,Keitel,Roland,Medium,10101,Early,S1,4,4,85171.59,22,46608.14145427286,1.0,0.04597909459062931,Bronze
10110,31,100.0,1,5074.39,2003-03-18,Shipped,1,3,2003,Vintage Cars,168,S18_2795,"AV Stores, Co.",(171) 555-1555,Fauntleroy Circus,,Manchester,,EC2 5NT,UK,EMEA,Ashworth,Victoria,Medium,10110,Early,S1,16,16,157807.81,51,94271.44132569559,1.0,0.09735950383251968,Bronze
10125,34,100.0,2,6483.46,2003-05-21,Shipped,2,5,2003,Vintage Cars,168,S18_2795,"Australian Collectors, Co.",03 9520 4555,636 St Kilda Road,Level 3,Melbourne,Victoria,3004,Australia,APAC,Ferguson,Peter,Medium,10120,Growth,S1,2,2,200995.41,55,126270.78253012049,0.14445278660885533,0.11271325808083006,Bronze
10139,41,100.0,8,7956.46,2003-07-16,Shipped,3,7,2003,Vintage Cars,168,S18_2795,Souveniers And Things Co.,+61 2 9495 8555,"Monitor Money Building, 815 Pacific Hwy",Level 6,Chatswood,NSW,2067,Australia,APAC,Huxley,Adrian,Large,10139,Growth,S1,8,8,151570.98,46,80882.175,0.14445278660885533,0.08967658031400969,Bronze
10173,22,100.0,7,3452.68,2003-11-05,Shipped,4,11,2003,Vintage Cars,168,S18_2795,Rovelli Gifts,035-640555,Via Ludovico il Moro 22,,Bergamo,,24100,Italy,EMEA,Rovelli,Giovanni,Medium,10106,Early,S1,16,16,137955.72,48,79297.38236220472,1.0,0.08894630469124336,Bronze
10193,22,100.0,8,3675.32,2003-11-21,Shipped,4,11,2003,Vintage Cars,168,S18_2795,"Australian Collectables, Ltd",61-9-3844-6555,7 Allen Street,,Glen Waverly,Victoria,3150,Australia,APAC,Connery,Sean,Medium,10193,Scale,S1,16,16,64591.46,23,43984.856156716414,0.14445278660885533,0.042522973876149284,Bronze
10205,40,100.0,3,7492.4,2003-12-03,Shipped,4,12,2003,Vintage Cars,168,S18_2795,Euro Shopping Channel,(91) 555 94 44,"C/ Moralzarzal, 86",,Madrid,,28034,Spain,EMEA,Freyre,Diego,Large,10104,Early,S1,5,5,912294.11,259,390830.2231807512,1.0,0.5152993396387399,Gold
10214,50,100.0,1,9534.5,2004-01-26,Shipped,1,1,2004,Vintage Cars,168,S18_2795,"Corrida Auto Replicas, Ltd",(91) 555 22 82,"C/ Araquil, 67",,Madrid,,28023,Spain,EMEA,Sommer,Mart¡n,Large,10126,Growth,S1,7,7,120615.28,32,84016.36870229007,1.0,0.0667967122594898,Bronze
10227,29,100.0,4,5579.02,2004-03-02,Shipped,1,3,2004,Vintage Cars,168,S18_2795,"Saveley & Henriot, Co.",78.32.5555,"2, rue du Commerce",,Lyon,,69004,France,EMEA,Saveley,Mary,Medium,10194,Scale,S1,15,15,142874.25,41,526758.5984848485,1.0,0.09943267580879472,Bronze
10244,43,100.0,8,5950.34,2004-04-29,Shipped,2,4,2004,Vintage Cars,168,S18_2795,Euro Shopping Channel,(91) 555 94 44,"C/ Moralzarzal, 86",,Madrid,,28034,Spain,EMEA,Freyre,Diego,Medium,10104,Early,S1,9,9,912294.11,259,390830.2231807512,1.0,0.5152993396387399,Gold
10255,24,100.0,1,3726.0,2004-06-04,Shipped,2,6,2004,Vintage Cars,168,S18_2795,Mini Caravy,88.60.1555,"24, place Kluber",,Strasbourg,,67000,France,EMEA,Citeaux,Frederique,Medium,10241,Recent,S1,2,2,80438.48,19,80000.12316076295,1.0,0.0427737169683917,Bronze
10280,22,100.0,10,4455.0,2004-08-17,Shipped,3,8,2004,Vintage Cars,168,S18_2795,Amica Models & Co.,011-4988555,Via Monte Bianco 34,,Torino,,10100,Italy,EMEA,Accorti,Paolo,Medium,10280,Recent,S1,17,17,94117.26,26,1431366.6624999999,1.0,0.10678083828361203,Bronze
10289,43,100.0,3,8272.34,2004-09-03,Shipped,3,9,2004,Vintage Cars,168,S18_2795,Herkku Gifts,+47 2267 3215,"Drammen 121, PR 744 Sentrum",,Bergen,,N 5804,Norway,EMEA,Oeztan,Veysel,Large,10181,Scale,S1,4,4,111640.28,29,137201.01750841748,1.0,0.06343619416528738,Bronze
10304,20,100.0,14,3577.6,2004-10-11,Shipped,4,10,2004,Vintage Cars,168,S18_2795,Auto Assoc. & Cie.,30.59.8555,"67, avenue de l'Europe",,Versailles,,78000,France,EMEA,Tonini,Daniel,Medium,10216,Recent,S1,17,17,64834.32,18,93535.67905138338,1.0,0.03872441348619289,Bronze
10332,24,52.67,1,1264.08,2004-11-17,Shipped,4,11,2004,Vintage Cars,168,S18_2795,"AV Stores, Co.",(171) 555-1555,Fauntleroy Circus,,Manchester,,EC2 5NT,UK,EMEA,Ashworth,Victoria,Small,10110,Early,S1,18,18,157807.81,51,94271.44132569559,1.0,0.09735950383251968,Bronze
10347,21,100.0,6,4815.3,2004-11-29,Shipped,4,11,2004,Vintage Cars,168,S18_2795,"Australian Collectors, Co.",03 9520 4555,636 St Kilda Road,Level 3,Melbourne,Victoria,3004,Australia,APAC,Ferguson,Peter,Medium,10120,Growth,S1,12,12,200995.41,55,126270.78253012049,0.14445278660885533,0.11271325808083006,Bronze
10356,30,100.0,1,4462.2,2004-12-09,Shipped,4,12,2004,Vintage Cars,168,S18_2795,Lyon Souveniers,+33 1 46 62 7555,27 rue du Colonel Pierre Avia,,Paris,,75508,France,EMEA,Da Cunha,Daniel,Medium,10134,Growth,S1,9,9,78570.34,20,45811.77971246006,1.0,0.042184142256092155,Bronze
10380,21,47.18,8,990.78,2005-02-16,Shipped,1,2,2005,Vintage Cars,168,S18_2795,Euro Shopping Channel,(91) 555 94 44,"C/ Moralzarzal, 86",,Madrid,,28034,Spain,EMEA,Freyre,Diego,Small,10104,Early,S1,13,13,912294.11,259,390830.2231807512,1.0,0.5152993396387399,Gold
10123,46,100.0,3,5161.2,2003-05-20,Shipped,2,5,2003,Classic Cars,132,S18_2870,Atelier graphique,40.32.2555,"54, rue Royale",,Nantes,,44000,France,EMEA,Schmitt,Carine,Medium,10123,Growth,S1,4,4,24179.96,7,15873.534892086329,1.0,0.014030402752811649,Bronze
10137,37,100.0,3,4346.76,2003-07-10,Shipped,3,7,2003,Classic Cars,132,S18_2870,Reims Collectables,26.47.1555,59 rue de l'Abbaye,,Reims,,51100,France,EMEA,Henriot,Paul,Medium,10121,Growth,S1,4,4,135042.94,41,71024.02463976944,1.0,0.07987576822974221,Bronze
10148,27,100.0,10,3528.36,2003-09-11,Shipped,3,9,2003,Classic Cars,132,S18_2870,"Anna's Decorations, Ltd",02 9936 8555,201 Miller Street,Level 15,North Sydney,NSW,2060,Australia,APAC,O'Hara,Anna,Medium,10148,Scale,S1,14,14,153996.13,46,102946.13086080586,0.14445278660885533,0.09107194995497356,Bronze
10161,23,100.0,9,3187.8,2003-10-17,Shipped,4,10,2003,Classic Cars,132,S18_2870,Heintze Collectables,86 21 3555,Smagsloget 45,,Aaarhus,,8200,Denmark,EMEA,Ibsen,Palle,Medium,10161,Scale,S1,12,12,100595.55,27,98702.62298387097,1.0,0.05719123450775858,Bronze
10181,27,100.0,3,3884.76,2003-11-12,Shipped,4,11,2003,Classic Cars,132,S18_2870,Herkku Gifts,+47 2267 3215,"Drammen 121, PR 744 Sentrum",,Bergen,,N 5804,Norway,EMEA,Oeztan,Veysel,Medium,10181,Scale,S1,17,17,111640.28,29,137201.01750841748,1.0,0.06343619416528738,Bronze
10212,40,100.0,7,4910.4,2004-01-16,Shipped,1,1,2004,Classic Cars,132,S18_2870,Euro Shopping Channel,(91) 555 94 44,"C/ Moralzarzal, 86",,Madrid,,28034,Spain,EMEA,Freyre,Diego,Medium,10104,Early,S1,16,16,912294.11,259,390830.2231807512,1.0,0.5152993396387399,Gold
10241,44,100.0,12,6853.44,2004-04-13,Shipped,2,4,2004,Classic Cars,132,S18_2870,Mini Caravy,88.60.1555,"24, place Kluber",,Strasbourg,,67000,France,EMEA,Citeaux,Frederique,Medium,10241,Recent,S1,12,12,80438.48,19,80000.12316076295,1.0,0.0427737169683917,Bronze
10253,37,100.0,2,5177.04,2004-06-01,Cancelled,2,6,2004,Classic Cars,132,S18_2870,"UK Collectables, Ltd.",(171) 555-2282,Berkeley Gardens 12  Brewery,,Liverpool,,WX1 6LT,UK,EMEA,Devon,Elizabeth,Medium,10253,Recent,S1,14,14,118008.27,29,78172.44745916517,1.0,0.06252151573536294,Bronze
10266,20,100.0,3,2824.8,2004-07-06,Shipped,3,7,2004,Classic Cars,132,S18_2870,L'ordine Souveniers,0522-556555,Strada Provinciale 124,,Reggio Emilia,,42100,Italy,EMEA,Moroni,Maurizio,Small,10176,Scale,S1,15,15,142601.33,39,94292.54610507246,1.0,0.08012703678424364,Bronze
10287,44,100.0,1,5052.96,2004-08-30,Shipped,3,8,2004,Classic Cars,132,S18_2870,"Vida Sport, Ltd",0897-034555,Grenzacherweg 237,,Gensve,,1203,Switzerland,EMEA,Holz,Michael,Medium,10225,Recent,S1,17,17,117713.56,31,224949.99685863874,1.0,0.07051922579065513,Bronze
10301,22,100.0,5,3223.44,2003-10-05,Shipped,4,10,2003,Classic Cars,132,S18_2870,"Norway Gifts By Mail, Co.",+47 2212 1555,"Drammensveien 126 A, PB 744 Sentrum",,Oslo,,N 0106,Norway,EMEA,Klaeboe,Jan,Medium,10284,Recent,S1,11,11,79224.23,24,89803.86319875775,1.0,0.04868280040290712,Bronze
10311,43,100.0,10,5278.68,2004-10-16,Shipped,4,10,2004,Classic Cars,132,S18_2870,Euro Shopping Channel,(91) 555 94 44,"C/ Moralzarzal, 86",,Madrid,,28034,Spain,EMEA,Freyre,Diego,Medium,10104,Early,S1,11,11,912294.11,259,390830.2231807512,1.0,0.5152993396387399,Gold
10343,25,52.32,3,1308.0,2004-11-24,Shipped,4,11,2004,Classic Cars,132,S18_2870,Reims Collectables,26.47.1555,59 rue de l'Abbaye,,Reims,,51100,France,EMEA,Henriot,Paul,Small,10121,Growth,S1,6,6,135042.94,41,71024.02463976944,1.0,0.07987576822974221,Bronze
10366,49,100.0,2,6144.6,2005-01-10,Shipped,1,1,2005,Classic Cars,132,S18_2870,Royale Belge,(071) 23 67 2555,"Boulevard Tirou, 255",,Charleroi,,B-6000,Belgium,EMEA,Cartrain,Pascale,Medium,10116,Growth,S1,3,3,33440.1,8,19041.554602184086,1.0,0.017342796176161003,Bronze
10379,29,100.0,5,5127.2,2005-02-10,Shipped,1,2,2005,Classic Cars,132,S18_2870,Euro Shopping Channel,(91) 555 94 44,"C/ Moralzarzal, 86",,Madrid,,28034,Spain,EMEA,Freyre,Diego,Medium,10104,Early,S1,5,5,912294.11,259,390830.2231807512,1.0,0.5152993396387399,Gold
10419,55,100.0,2,7695.6,2005-05-17,Shipped,2,5,2005,Classic Cars,132,S18_2870,Salzburg Collectables,6562-9555,Geislweg 14,,Salzburg,,5020,Austria,EMEA,Pipps,Georg,Large,10119,Growth,S1,14,14,149798.63,40,72804.92669773634,1.0,0.08202203553143256,Bronze
10103,27,83.07,12,2242.89,2003-01-29,Shipped,1,1,2003,Vintage Cars,101,S18_2949,Baane Mini Imports,07-98 9555,Erling Skakkes gate 78,,Stavern,,4110,Norway,EMEA,Bergulfsen,Jonas,Small,10103,Early,S1,16,16,116599.19,32,65778.52295208655,1.0,0.06520234066938801,Bronze
10112,23,100.0,2,2539.89,2003-03-24,Shipped,1,3,2003,Vintage Cars,101,S18_2949,"Volvo Model Replicas, Co",0921-12 3555,Berguvsvgen  8,,Lule,,S-958 22,Sweden,EMEA,Berglund,Christina,Small,10112,Early,S1,2,2,75754.88,19,45552.76968698518,1.0,0.040398475567936076,Bronze
10126,31,90.17,12,2795.27,2003-05-28,Shipped,2,5,2003,Vintage Cars,101,S18_2949,"Corrida Auto Replicas, Ltd",(91) 555 22 82,"C/ Araquil, 67",,Madrid,,28023,Spain,EMEA,Sommer,Mart¡n,Small,10126,Growth,S1,17,17,120615.28,32,84016.36870229007,1.0,0.0667967122594898,Bronze
10139,46,100.0,1,5545.76,2003-07-16,Shipped,3,7,2003,Vintage Cars,101,S18_2949,Souveniers And Things Co.,+61 2 9495 8555,"Monitor Money Building, 815 Pacific Hwy",Level 6,Chatswood,NSW,2067,Australia,APAC,Huxley,Adrian,Medium,10139,Growth,S1,8,8,151570.98,46,80882.175,0.14445278660885533,0.08967658031400969,Bronze
10150,47,91.18,9,4285.46,2003-09-19,Shipped,3,9,2003,Vintage Cars,101,S18_2949,"Dragon Souveniers, Ltd.",+65 221 7555,"Bronz Sok., Bronz Apt. 3/6 Tesvikiye",,Singapore,,79903,Singapore,Japan,Natividad,Eric,Medium,10117,Growth,S1,11,11,172989.68,43,91908.63639010189,0.09121179679999217,0.09132888493134783,Bronze
10174,46,100.0,5,5592.22,2003-11-06,Shipped,4,11,2003,Vintage Cars,101,S18_2949,"Australian Gift Network, Co",61-7-3844-6555,31 Duncan St. West End,,South Brisbane,Queensland,4101,Australia,APAC,Calaghan,Tony,Medium,10152,Scale,S1,5,5,59469.12,15,43674.504627766604,0.14445278660885533,0.032121457634630854,Bronze
10193,28,93.21,1,2609.88,2003-11-21,Shipped,4,11,2003,Vintage Cars,101,S18_2949,"Australian Collectables, Ltd",61-9-3844-6555,7 Allen Street,,Glen Waverly,Victoria,3150,Australia,APAC,Connery,Sean,Small,10193,Scale,S1,16,16,64591.46,23,43984.856156716414,0.14445278660885533,0.042522973876149284,Bronze
10244,30,100.0,1,3525.6,2004-04-29,Shipped,2,4,2004,Vintage Cars,101,S18_2949,Euro Shopping Channel,(91) 555 94 44,"C/ Moralzarzal, 86",,Madrid,,28034,Spain,EMEA,Freyre,Diego,Medium,10104,Early,S1,9,9,912294.11,259,390830.2231807512,1.0,0.5152993396387399,Gold
10270,31,96.24,10,2983.44,2004-07-19,Shipped,3,7,2004,Vintage Cars,101,S18_2949,Souveniers And Things Co.,+61 2 9495 8555,"Monitor Money Building, 815 Pacific Hwy",Level 6,Chatswood,NSW,2067,Australia,APAC,Huxley,Adrian,Small,10139,Growth,S1,11,11,151570.98,46,80882.175,0.14445278660885533,0.08967658031400969,Bronze
10280,46,100.0,3,5126.24,2004-08-17,Shipped,3,8,2004,Vintage Cars,101,S18_2949,Amica Models & Co.,011-4988555,Via Monte Bianco 34,,Torino,,10100,Italy,EMEA,Accorti,Paolo,Medium,10280,Recent,S1,17,17,94117.26,26,1431366.6624999999,1.0,0.10678083828361203,Bronze
10291,47,100.0,12,5713.79,2004-09-08,Shipped,3,9,2004,Vintage Cars,101,S18_2949,Scandinavian Gift Ideas,0695-34 6555,?kergatan 24,,Boras,,S-844 67,Sweden,EMEA,Larsson,Maria,Medium,10167,Scale,S1,14,14,134259.33,38,98402.92259036144,1.0,0.0773008431710182,Bronze
10304,46,100.0,7,4613.8,2004-10-11,Shipped,4,10,2004,Vintage Cars,101,S18_2949,Auto Assoc. & Cie.,30.59.8555,"67, avenue de l'Europe",,Versailles,,78000,France,EMEA,Tonini,Daniel,Medium,10216,Recent,S1,17,17,64834.32,18,93535.67905138338,1.0,0.03872441348619289,Bronze
10347,48,100.0,9,4814.4,2004-11-29,Shipped,4,11,2004,Vintage Cars,101,S18_2949,"Australian Collectors, Co.",03 9520 4555,636 St Kilda Road,Level 3,Melbourne,Victoria,3004,Australia,APAC,Ferguson,Peter,Medium,10120,Growth,S1,12,12,200995.41,55,126270.78253012049,0.14445278660885533,0.11271325808083006,Bronze
10391,32,45.25,6,1448.0,2005-03-09,Shipped,1,3,2005,Vintage Cars,101,S18_2949,"Anna's Decorations, Ltd",02 9936 8555,201 Miller Street,Level 15,North Sydney,NSW,2060,Australia,APAC,O'Hara,Anna,Small,10148,Scale,S1,10,10,153996.13,46,102946.13086080586,0.14445278660885533,0.09107194995497356,Bronze
10423,10,88.14,1,881.4,2005-05-30,In Process,2,5,2005,Vintage Cars,101,S18_2949,Petit Auto,(02) 5554 67,Rue Joseph-Bens 532,,Bruxelles,,B-1180,Belgium,EMEA,Dewey,Catherine,Small,10221,Recent,S1,5,5,74972.52,25,58472.157692307694,1.0,0.04768250670201093,Bronze
10103,35,57.46,14,2011.1,2003-01-29,Shipped,1,1,2003,Vintage Cars,62,S18_2957,Baane Mini Imports,07-98 9555,Erling Skakkes gate 78,,Stavern,,4110,Norway,EMEA,Bergulfsen,Jonas,Small,10103,Early,S1,16,16,116599.19,32,65778.52295208655,1.0,0.06520234066938801,Bronze
10126,46,73.7,14,3390.2,2003-05-28,Shipped,2,5,2003,Vintage Cars,62,S18_2957,"Corrida Auto Replicas, Ltd",(91) 555 22 82,"C/ Araquil, 67",,Madrid,,28023,Spain,EMEA,Sommer,Mart¡n,Medium,10126,Growth,S1,17,17,120615.28,32,84016.36870229007,1.0,0.0667967122594898,Bronze
10139,20,71.2,3,1424.0,2003-07-16,Shipped,3,7,2003,Vintage Cars,62,S18_2957,Souveniers And Things Co.,+61 2 9495 8555,"Monitor Money Building, 815 Pacific Hwy",Level 6,Chatswood,NSW,2067,Australia,APAC,Huxley,Adrian,Small,10139,Growth,S1,8,8,151570.98,46,80882.175,0.14445278660885533,0.08967658031400969,Bronze
10150,30,49.97,11,1499.1,2003-09-19,Shipped,3,9,2003,Vintage Cars,62,S18_2957,"Dragon Souveniers, Ltd.",+65 221 7555,"Bronz Sok., Bronz Apt. 3/6 Tesvikiye",,Singapore,,79903,Singapore,Japan,Natividad,Eric,Small,10117,Growth,S1,11,11,172989.68,43,91908.63639010189,0.09121179679999217,0.09132888493134783,Bronze
10173,28,53.72,2,1504.16,2003-11-05,Shipped,4,11,2003,Vintage Cars,62,S18_2957,Rovelli Gifts,035-640555,Via Ludovico il Moro 22,,Bergamo,,24100,Italy,EMEA,Rovelli,Giovanni,Small,10106,Early,S1,16,16,137955.72,48,79297.38236220472,1.0,0.08894630469124336,Bronze
10193,24,51.84,3,1244.16,2003-11-21,Shipped,4,11,2003,Vintage Cars,62,S18_2957,"Australian Collectables, Ltd",61-9-3844-6555,7 Allen Street,,Glen Waverly,Victoria,3150,Australia,APAC,Connery,Sean,Small,10193,Scale,S1,16,16,64591.46,23,43984.856156716414,0.14445278660885533,0.042522973876149284,Bronze
10244,24,58.09,3,1394.16,2004-04-29,Shipped,2,4,2004,Vintage Cars,62,S18_2957,Euro Shopping Channel,(91) 555 94 44,"C/ Moralzarzal, 86",,Madrid,,28034,Spain,EMEA,Freyre,Diego,Small,10104,Early,S1,9,9,912294.11,259,390830.2231807512,1.0,0.5152993396387399,Gold
10269,32,63.08,1,2018.56,2004-07-16,Shipped,3,7,2004,Vintage Cars,62,S18_2957,Salzburg Collectables,6562-9555,Geislweg 14,,Salzburg,,5020,Austria,EMEA,Pipps,Georg,Small,10119,Growth,S1,2,2,149798.63,40,72804.92669773634,1.0,0.08202203553143256,Bronze
10280,43,68.71,5,2954.53,2004-08-17,Shipped,3,8,2004,Vintage Cars,62,S18_2957,Amica Models & Co.,011-4988555,Via Monte Bianco 34,,Torino,,10100,Italy,EMEA,Accorti,Paolo,Small,10280,Recent,S1,17,17,94117.26,26,1431366.6624999999,1.0,0.10678083828361203,Bronze
10291,37,50.59,14,1871.83,2004-09-08,Shipped,3,9,2004,Vintage Cars,62,S18_2957,Scandinavian Gift Ideas,0695-34 6555,?kergatan 24,,Boras,,S-844 67,Sweden,EMEA,Larsson,Maria,Small,10167,Scale,S1,14,14,134259.33,38,98402.92259036144,1.0,0.0773008431710182,Bronze
10304,24,64.96,9,1559.04,2004-10-11,Shipped,4,10,2004,Vintage Cars,62,S18_2957,Auto Assoc. & Cie.,30.59.8555,"67, avenue de l'Europe",,Versailles,,78000,France,EMEA,Tonini,Daniel,Small,10216,Recent,S1,17,17,64834.32,18,93535.67905138338,1.0,0.03872441348619289,Bronze
10332,26,100.0,17,2979.08,2004-11-17,Shipped,4,11,2004,Vintage Cars,62,S18_2957,"AV Stores, Co.",(171) 555-1555,Fauntleroy Circus,,Manchester,,EC2 5NT,UK,EMEA,Ashworth,Victoria,Small,10110,Early,S1,18,18,157807.81,51,94271.44132569559,1.0,0.09735950383251968,Bronze
10347,34,64.96,10,2208.64,2004-11-29,Shipped,4,11,2004,Vintage Cars,62,S18_2957,"Australian Collectors, Co.",03 9520 4555,636 St Kilda Road,Level 3,Melbourne,Victoria,3004,Australia,APAC,Ferguson,Peter,Small,10120,Growth,S1,12,12,200995.41,55,126270.78253012049,0.14445278660885533,0.11271325808083006,Bronze
10392,37,59.96,3,2218.52,2005-03-10,Shipped,1,3,2005,Vintage Cars,62,S18_2957,Mini Auto Werke,7675-3555,Kirchgasse 6,,Graz,,8010,Austria,EMEA,Mendel,Roland,Small,10164,Scale,S1,3,3,52263.9,15,37625.88461538462,1.0,0.030305097200400477,Bronze
10423,31,53.72,3,1665.32,2005-05-30,In Process,2,5,2005,Vintage Cars,62,S18_2957,Petit Auto,(02) 5554 67,Rue Joseph-Bens 532,,Bruxelles,,B-1180,Belgium,EMEA,Dewey,Catherine,Small,10221,Recent,S1,5,5,74972.52,25,58472.157692307694,1.0,0.04768250670201093,Bronze
10106,41,83.44,18,3421.04,2003-02-17,Shipped,1,2,2003,Ships,86,S18_3029,Rovelli Gifts,035-640555,Via Ludovico il Moro 22,,Bergamo,,24100,Italy,EMEA,Rovelli,Giovanni,Medium,10106,Early,S1,18,18,137955.72,48,79297.38236220472,1.0,0.08894630469124336,Bronze
10119,21,89.46,9,1878.66,2003-04-28,Shipped,2,4,2003,Ships,86,S18_3029,Salzburg Collectables,6562-9555,Geislweg 14,,Salzburg,,5020,Austria,EMEA,Pipps,Georg,Small,10119,Growth,S1,14,14,149798.63,40,72804.92669773634,1.0,0.08202203553143256,Bronze
10155,44,79.14,11,3482.16,2003-10-06,Shipped,4,10,2003,Ships,86,S18_3029,"Toys of Finland, Co.",90-224 8555,Keskuskatu 45,,Helsinki,,21240,Finland,EMEA,Karttunen,Matti,Medium,10155,Scale,S1,13,13,111250.38,30,82365.9,1.0,0.06236245706238509,Bronze
10167,46,73.12,7,3363.52,2003-10-23,Cancelled,4,10,2003,Ships,86,S18_3029,Scandinavian Gift Ideas,0695-34 6555,?kergatan 24,,Boras,,S-844 67,Sweden,EMEA,Larsson,Maria,Medium,10167,Scale,S1,16,16,134259.33,38,98402.92259036144,1.0,0.0773008431710182,Bronze
10178,41,81.72,10,3350.52,2003-11-08,Shipped,4,11,2003,Ships,86,S18_3029,Alpha Cognac,61.77.6555,1 rue Alsace-Lorraine,,Toulouse,,31000,France,EMEA,Roulet,Annette,Medium,10136,Growth,S1,12,12,70488.44,20,40580.88422712934,1.0,0.040207599850367405,Bronze
10186,32,89.46,7,2862.72,2003-11-14,Shipped,4,11,2003,Ships,86,S18_3029,"Double Decker Gift Stores, Ltd",(171) 555-7555,120 Hanover Sq.,,London,,WA1 1DP,UK,EMEA,Hardy,Thomas,Small,10186,Scale,S1,9,9,36019.04,12,187813.5657142857,1.0,0.02914808134381495,Bronze
10197,46,87.74,4,4036.04,2003-11-26,Shipped,4,11,2003,Ships,86,S18_3029,Enaco Distributors,(93) 203 4555,"Rambla de Catalu¤a, 23",,Barcelona,,8022,Spain,EMEA,Saavedra,Eduardo,Medium,10118,Growth,S1,14,14,78411.86,23,49007.4125,1.0,0.04574939797050226,Bronze
10262,32,84.3,15,2697.6,2004-06-24,Cancelled,2,6,2004,Ships,86,S18_3029,Euro Shopping Channel,(91) 555 94 44,"C/ Moralzarzal, 86",,Madrid,,28034,Spain,EMEA,Freyre,Diego,Small,10104,Early,S1,16,16,912294.11,259,390830.2231807512,1.0,0.5152993396387399,Gold
10273,34,98.06,2,3334.04,2004-07-21,Shipped,3,7,2004,Ships,86,S18_3029,Petit Auto,(02) 5554 67,Rue Joseph-Bens 532,,Bruxelles,,B-1180,Belgium,EMEA,Dewey,Catherine,Medium,10221,Recent,S1,15,15,74972.52,25,58472.157692307694,1.0,0.04768250670201093,Bronze
10296,21,96.34,13,2023.14,2004-09-15,Shipped,3,9,2004,Ships,86,S18_3029,"Bavarian Collectables Imports, Co.",+49 89 61 08 9555,Hansastr. 15,,Munich,,80686,Germany,EMEA,Donnermeyer,Michael,Small,10296,Recent,S1,14,14,34993.92,14,12772780.799999999,1.0,0.523887847462416,Gold
10316,21,94.62,15,1987.02,2004-11-01,Shipped,4,11,2004,Ships,86,S18_3029,giftsbymail.co.uk,(198) 555-8888,Garden House Crowther Way,,Cowes,Isle of Wight,PO31 7PJ,UK,EMEA,Bennett,Helen,Small,10232,Recent,S1,18,18,78240.84,26,125805.75594713655,1.0,0.052193137398217876,Bronze
10327,25,45.86,5,1146.5,2004-11-10,Resolved,4,11,2004,Ships,86,S18_3029,Danish Wholesale Imports,31 12 3555,Vinb'ltet 34,,Kobenhavn,,1734,Denmark,EMEA,Petersen,Jytte,Small,10105,Early,S1,8,8,145041.6,36,66591.42641509433,1.0,0.07610272679186011,Bronze
10338,28,82.58,3,2312.24,2004-11-22,Shipped,4,11,2004,Ships,86,S18_3029,Royale Belge,(071) 23 67 2555,"Boulevard Tirou, 255",,Charleroi,,B-6000,Belgium,EMEA,Cartrain,Pascale,Small,10116,Growth,S1,3,3,33440.1,8,19041.554602184086,1.0,0.017342796176161003,Bronze
10350,43,64.97,6,2793.71,2004-12-02,Shipped,4,12,2004,Ships,86,S18_3029,Euro Shopping Channel,(91) 555 94 44,"C/ Moralzarzal, 86",,Madrid,,28034,Spain,EMEA,Freyre,Diego,Small,10104,Early,S1,17,17,912294.11,259,390830.2231807512,1.0,0.5152993396387399,Gold
10373,22,86.74,5,1908.28,2005-01-31,Shipped,1,1,2005,Ships,86,S18_3029,"Oulu Toy Supplies, Inc.",981-443655,Torikatu 38,,Oulu,,90110,Finland,EMEA,Koskitalo,Pirkko,Small,10151,Scale,S1,17,17,104370.38,32,76343.06352705411,1.0,0.06293500544345523,Bronze
10386,37,93.01,5,3441.37,2005-03-01,Resolved,1,3,2005,Ships,86,S18_3029,Euro Shopping Channel,(91) 555 94 44,"C/ Moralzarzal, 86",,Madrid,,28034,Spain,EMEA,Freyre,Diego,Medium,10104,Early,S1,18,18,912294.11,259,390830.2231807512,1.0,0.5152993396387399,Gold
10398,28,72.26,18,2023.28,2005-03-30,Shipped,1,3,2005,Ships,86,S18_3029,Reims Collectables,26.47.1555,59 rue de l'Abbaye,,Reims,,51100,France,EMEA,Henriot,Paul,Small,10121,Growth,S1,18,18,135042.94,41,71024.02463976944,1.0,0.07987576822974221,Bronze
10103,25,100.0,13,2539.5,2003-01-29,Shipped,1,1,2003,Vintage Cars,104,S18_3136,Baane Mini Imports,07-98 9555,Erling Skakkes gate 78,,Stavern,,4110,Norway,EMEA,Bergulfsen,Jonas,Small,10103,Early,S1,16,16,116599.19,32,65778.52295208655,1.0,0.06520234066938801,Bronze
10126,30,97.39,13,2921.7,2003-05-28,Shipped,2,5,2003,Vintage Cars,104,S18_3136,"Corrida Auto Replicas, Ltd",(91) 555 22 82,"C/ Araquil, 67",,Madrid,,28023,Spain,EMEA,Sommer,Mart¡n,Small,10126,Growth,S1,17,17,120615.28,32,84016.36870229007,1.0,0.0667967122594898,Bronze
10139,20,90.06,2,1801.2,2003-07-16,Shipped,3,7,2003,Vintage Cars,104,S18_3136,Souveniers And Things Co.,+61 2 9495 8555,"Monitor Money Building, 815 Pacific Hwy",Level 6,Chatswood,NSW,2067,Australia,APAC,Huxley,Adrian,Small,10139,Growth,S1,8,8,151570.98,46,80882.175,0.14445278660885533,0.08967658031400969,Bronze
10150,26,100.0,10,2804.36,2003-09-19,Shipped,3,9,2003,Vintage Cars,104,S18_3136,"Dragon Souveniers, Ltd.",+65 221 7555,"Bronz Sok., Bronz Apt. 3/6 Tesvikiye",,Singapore,,79903,Singapore,Japan,Natividad,Eric,Small,10117,Growth,S1,11,11,172989.68,43,91908.63639010189,0.09121179679999217,0.09132888493134783,Bronze
10173,31,89.01,1,2759.31,2003-11-05,Shipped,4,11,2003,Vintage Cars,104,S18_3136,Rovelli Gifts,035-640555,Via Ludovico il Moro 22,,Bergamo,,24100,Italy,EMEA,Rovelli,Giovanni,Small,10106,Early,S1,16,16,137955.72,48,79297.38236220472,1.0,0.08894630469124336,Bronze
10193,23,100.0,2,2769.89,2003-11-21,Shipped,4,11,2003,Vintage Cars,104,S18_3136,"Australian Collectables, Ltd",61-9-3844-6555,7 Allen Street,,Glen Waverly,Victoria,3150,Australia,APAC,Connery,Sean,Small,10193,Scale,S1,16,16,64591.46,23,43984.856156716414,0.14445278660885533,0.042522973876149284,Bronze
10244,29,100.0,2,3340.51,2004-04-29,Shipped,2,4,2004,Vintage Cars,104,S18_3136,Euro Shopping Channel,(91) 555 94 44,"C/ Moralzarzal, 86",,Madrid,,28034,Spain,EMEA,Freyre,Diego,Medium,10104,Early,S1,9,9,912294.11,259,390830.2231807512,1.0,0.5152993396387399,Gold
10270,38,100.0,11,4775.08,2004-07-19,Shipped,3,7,2004,Vintage Cars,104,S18_3136,Souveniers And Things Co.,+61 2 9495 8555,"Monitor Money Building, 815 Pacific Hwy",Level 6,Chatswood,NSW,2067,Australia,APAC,Huxley,Adrian,Medium,10139,Growth,S1,11,11,151570.98,46,80882.175,0.14445278660885533,0.08967658031400969,Bronze
10280,29,100.0,4,3006.43,2004-08-17,Shipped,3,8,2004,Vintage Cars,104,S18_3136,Amica Models & Co.,011-4988555,Via Monte Bianco 34,,Torino,,10100,Italy,EMEA,Accorti,Paolo,Medium,10280,Recent,S1,17,17,94117.26,26,1431366.6624999999,1.0,0.10678083828361203,Bronze
10291,23,100.0,13,2866.26,2004-09-08,Shipped,3,9,2004,Vintage Cars,104,S18_3136,Scandinavian Gift Ideas,0695-34 6555,?kergatan 24,,Boras,,S-844 67,Sweden,EMEA,Larsson,Maria,Small,10167,Scale,S1,14,14,134259.33,38,98402.92259036144,1.0,0.0773008431710182,Bronze
10304,26,85.87,8,2232.62,2004-10-11,Shipped,4,10,2004,Vintage Cars,104,S18_3136,Auto Assoc. & Cie.,30.59.8555,"67, avenue de l'Europe",,Versailles,,78000,France,EMEA,Tonini,Daniel,Small,10216,Recent,S1,17,17,64834.32,18,93535.67905138338,1.0,0.03872441348619289,Bronze
10332,40,39.8,18,1592.0,2004-11-17,Shipped,4,11,2004,Vintage Cars,104,S18_3136,"AV Stores, Co.",(171) 555-1555,Fauntleroy Circus,,Manchester,,EC2 5NT,UK,EMEA,Ashworth,Victoria,Small,10110,Early,S1,18,18,157807.81,51,94271.44132569559,1.0,0.09735950383251968,Bronze
10347,45,100.0,11,4948.2,2004-11-29,Shipped,4,11,2004,Vintage Cars,104,S18_3136,"Australian Collectors, Co.",03 9520 4555,636 St Kilda Road,Level 3,Melbourne,Victoria,3004,Australia,APAC,Ferguson,Peter,Medium,10120,Growth,S1,12,12,200995.41,55,126270.78253012049,0.14445278660885533,0.11271325808083006,Bronze
10392,29,86.92,2,2520.68,2005-03-10,Shipped,1,3,2005,Vintage Cars,104,S18_3136,Mini Auto Werke,7675-3555,Kirchgasse 6,,Graz,,8010,Austria,EMEA,Mendel,Roland,Small,10164,Scale,S1,3,3,52263.9,15,37625.88461538462,1.0,0.030305097200400477,Bronze
10423,21,84.82,2,1781.22,2005-05-30,In Process,2,5,2005,Vintage Cars,104,S18_3136,Petit Auto,(02) 5554 67,Rue Joseph-Bens 532,,Bruxelles,,B-1180,Belgium,EMEA,Dewey,Catherine,Small,10221,Recent,S1,5,5,74972.52,25,58472.157692307694,1.0,0.04768250670201093,Bronze
10105,22,100.0,11,3065.04,2003-02-11,Shipped,1,2,2003,Vintage Cars,136,S18_3140,Danish Wholesale Imports,31 12 3555,Vinb'ltet 34,,Kobenhavn,,1734,Denmark,EMEA,Petersen,Jytte,Medium,10105,Early,S1,15,15,145041.6,36,66591.42641509433,1.0,0.07610272679186011,Bronze
10117,26,100.0,5,3551.34,2003-04-16,Shipped,2,4,2003,Vintage Cars,136,S18_3140,"Dragon Souveniers, Ltd.",+65 221 7555,"Bronz Sok., Bronz Apt. 3/6 Tesvikiye",,Singapore,,79903,Singapore,Japan,Natividad,Eric,Medium,10117,Growth,S1,12,12,172989.68,43,91908.63639010189,0.09121179679999217,0.09132888493134783,Bronze
10128,41,100.0,2,5544.02,2003-06-06,Shipped,2,6,2003,Vintage Cars,136,S18_3140,Euro Shopping Channel,(91) 555 94 44,"C/ Moralzarzal, 86",,Madrid,,28034,Spain,EMEA,Freyre,Diego,Medium,10104,Early,S1,4,4,912294.11,259,390830.2231807512,1.0,0.5152993396387399,Gold
10153,31,100.0,7,3641.57,2003-09-28,Shipped,3,9,2003,Vintage Cars,136,S18_3140,Euro Shopping Channel,(91) 555 94 44,"C/ Moralzarzal, 86",,Madrid,,28034,Spain,EMEA,Freyre,Diego,Medium,10104,Early,S1,13,13,912294.11,259,390830.2231807512,1.0,0.5152993396387399,Gold
10177,23,100.0,9,3675.63,2003-11-07,Shipped,4,11,2003,Vintage Cars,136,S18_3140,CAF Imports,+34 913 728 555,"Merchants House, 27-30 Merchant's Quay",,Madrid,,28023,Spain,EMEA,Fernandez,Jesus,Medium,10177,Scale,S1,11,11,49642.05,13,135219.0167910448,1.0,0.031234068851378527,Bronze
10208,24,100.0,9,2622.48,2004-01-02,Shipped,1,1,2004,Vintage Cars,136,S18_3140,"Saveley & Henriot, Co.",78.32.5555,"2, rue du Commerce",,Lyon,,69004,France,EMEA,Saveley,Mary,Small,10194,Scale,S1,15,15,142874.25,41,526758.5984848485,1.0,0.09943267580879472,Bronze
10221,33,100.0,3,4417.38,2004-02-18,Shipped,1,2,2004,Vintage Cars,136,S18_3140,Petit Auto,(02) 5554 67,Rue Joseph-Bens 532,,Bruxelles,,B-1180,Belgium,EMEA,Dewey,Catherine,Medium,10221,Recent,S1,5,5,74972.52,25,58472.157692307694,1.0,0.04768250670201093,Bronze
10232,22,100.0,6,3606.02,2004-03-20,Shipped,1,3,2004,Vintage Cars,136,S18_3140,giftsbymail.co.uk,(198) 555-8888,Garden House Crowther Way,,Cowes,Isle of Wight,PO31 7PJ,UK,EMEA,Bennett,Helen,Medium,10232,Recent,S1,8,8,78240.84,26,125805.75594713655,1.0,0.052193137398217876,Bronze
10273,40,100.0,13,5026.4,2004-07-21,Shipped,3,7,2004,Vintage Cars,136,S18_3140,Petit Auto,(02) 5554 67,Rue Joseph-Bens 532,,Bruxelles,,B-1180,Belgium,EMEA,Dewey,Catherine,Medium,10221,Recent,S1,15,15,74972.52,25,58472.157692307694,1.0,0.04768250670201093,Bronze
10293,24,100.0,4,2819.28,2004-09-09,Shipped,3,9,2004,Vintage Cars,136,S18_3140,Amica Models & Co.,011-4988555,Via Monte Bianco 34,,Torino,,10100,Italy,EMEA,Accorti,Paolo,Small,10280,Recent,S1,9,9,94117.26,26,1431366.6624999999,1.0,0.10678083828361203,Bronze
10306,32,100.0,9,3759.04,2004-10-14,Shipped,4,10,2004,Vintage Cars,136,S18_3140,"AV Stores, Co.",(171) 555-1555,Fauntleroy Circus,,Manchester,,EC2 5NT,UK,EMEA,Ashworth,Victoria,Medium,10110,Early,S1,17,17,157807.81,51,94271.44132569559,1.0,0.09735950383251968,Bronze
10314,20,100.0,1,2731.8,2004-10-22,Shipped,4,10,2004,Vintage Cars,136,S18_3140,Heintze Collectables,86 21 3555,Smagsloget 45,,Aaarhus,,8200,Denmark,EMEA,Ibsen,Palle,Small,10161,Scale,S1,15,15,100595.55,27,98702.62298387097,1.0,0.05719123450775858,Bronze
10325,24,69.12,9,1658.88,2004-11-05,Shipped,4,11,2004,Vintage Cars,136,S18_3140,Baane Mini Imports,07-98 9555,Erling Skakkes gate 78,,Stavern,,4110,Norway,EMEA,Bergulfsen,Jonas,Small,10103,Early,S1,9,9,116599.19,32,65778.52295208655,1.0,0.06520234066938801,Bronze
10336,48,100.0,12,5778.24,2004-11-20,Shipped,4,11,2004,Vintage Cars,136,S18_3140,"La Corne D'abondance, Co.",(1) 42.34.2555,"265, boulevard Charonne",,Paris,,75012,France,EMEA,Bertrand,Marie,Medium,10114,Growth,S1,12,12,97203.68,23,59132.23866666666,1.0,0.0502654264226107,Bronze
10350,44,100.0,1,5191.12,2004-12-02,Shipped,4,12,2004,Vintage Cars,136,S18_3140,Euro Shopping Channel,(91) 555 94 44,"C/ Moralzarzal, 86",,Madrid,,28034,Spain,EMEA,Freyre,Diego,Medium,10104,Early,S1,17,17,912294.11,259,390830.2231807512,1.0,0.5152993396387399,Gold
10372,28,100.0,3,3862.88,2005-01-26,Shipped,1,1,2005,Vintage Cars,136,S18_3140,"Tokyo Collectables, Ltd",+81 3 3584 0555,2-2-8 Roppongi,,Minato-ku,Tokyo,106-0032,Japan,Japan,Shimamura,Akiko,Medium,10258,Recent,S1,9,9,120562.74,32,141042.94903846155,0.09121179679999217,0.06901754192631648,Bronze
10383,24,61.52,9,1476.48,2005-02-22,Shipped,1,2,2005,Vintage Cars,136,S18_3140,Euro Shopping Channel,(91) 555 94 44,"C/ Moralzarzal, 86",,Madrid,,28034,Spain,EMEA,Freyre,Diego,Small,10104,Early,S1,13,13,912294.11,259,390830.2231807512,1.0,0.5152993396387399,Gold
10104,23,100.0,13,4556.99,2003-01-31,Shipped,1,1,2003,Classic Cars,169,S18_3232,Euro Shopping Channel,(91) 555 94 44,"C/ Moralzarzal, 86",,Madrid,,28034,Spain,EMEA,Freyre,Diego,Medium,10104,Early,S1,13,13,912294.11,259,390830.2231807512,1.0,0.5152993396387399,Gold
10114,48,100.0,4,8209.44,2003-04-01,Shipped,2,4,2003,Classic Cars,169,S18_3232,"La Corne D'abondance, Co.",(1) 42.34.2555,"265, boulevard Charonne",,Paris,,75012,France,EMEA,Bertrand,Marie,Large,10114,Growth,S1,10,10,97203.68,23,59132.23866666666,1.0,0.0502654264226107,Bronze
10122,25,100.0,3,3598.5,2003-05-08,Shipped,2,5,2003,Classic Cars,169,S18_3232,Marseille Mini Autos,91.24.4555,"12, rue des Bouchers",,Marseille,,13008,France,EMEA,Lebihan,Laurence,Medium,10122,Growth,S1,17,17,74936.14,25,44838.83786885246,1.0,0.0471408447640282,Bronze
10136,41,100.0,3,8331.61,2003-07-04,Shipped,3,7,2003,Classic Cars,169,S18_3232,Alpha Cognac,61.77.6555,1 rue Alsace-Lorraine,,Toulouse,,31000,France,EMEA,Roulet,Annette,Large,10136,Growth,S1,3,3,70488.44,20,40580.88422712934,1.0,0.040207599850367405,Bronze
10141,34,100.0,9,4836.5,2003-08-01,Shipped,3,8,2003,Classic Cars,169,S18_3232,Suominen Souveniers,+358 9 8045 555,"Software Engineering Center, SEC Oy",,Espoo,,FIN-02271,Finland,EMEA,Suominen,Kalle,Medium,10141,Growth,S1,9,9,113961.15,30,79230.13285714285,1.0,0.06283398058431945,Bronze
10148,32,100.0,14,5418.88,2003-09-11,Shipped,3,9,2003,Classic Cars,169,S18_3232,"Anna's Decorations, Ltd",02 9936 8555,201 Miller Street,Level 15,North Sydney,NSW,2060,Australia,APAC,O'Hara,Anna,Medium,10148,Scale,S1,14,14,153996.13,46,102946.13086080586,0.14445278660885533,0.09107194995497356,Bronze
10151,21,100.0,7,3734.01,2003-09-21,Shipped,3,9,2003,Classic Cars,169,S18_3232,"Oulu Toy Supplies, Inc.",981-443655,Torikatu 38,,Oulu,,90110,Finland,EMEA,Koskitalo,Pirkko,Medium,10151,Scale,S1,10,10,104370.38,32,76343.06352705411,1.0,0.06293500544345523,Bronze
10165,47,100.0,16,8754.69,2003-10-22,Shipped,4,10,2003,Classic Cars,169,S18_3232,"Dragon Souveniers, Ltd.",+65 221 7555,"Bronz Sok., Bronz Apt. 3/6 Tesvikiye",,Singapore,,79903,Singapore,Japan,Natividad,Eric,Large,10117,Growth,S1,18,18,172989.68,43,91908.63639010189,0.09121179679999217,0.09132888493134783,Bronze
10175,29,100.0,5,4419.89,2003-11-06,Shipped,4,11,2003,Classic Cars,169,S18_3232,"Stylish Desk Decors, Co.",(171) 555-0297,35 King George,,London,,WX3 6FW,UK,EMEA,Brown,Ann,Medium,10129,Growth,S1,12,12,88804.5,26,59914.31146025878,1.0,0.05192961308909447,Bronze
10181,45,100.0,7,6324.75,2003-11-12,Shipped,4,11,2003,Classic Cars,169,S18_3232,Herkku Gifts,+47 2267 3215,"Drammen 121, PR 744 Sentrum",,Bergen,,N 5804,Norway,EMEA,Oeztan,Veysel,Medium,10181,Scale,S1,17,17,111640.28,29,137201.01750841748,1.0,0.06343619416528738,Bronze
10184,28,100.0,10,4409.72,2003-11-14,Shipped,4,11,2003,Classic Cars,169,S18_3232,"Iberia Gift Imports, Corp.",(95) 555 82 82,"C/ Romero, 33",,Sevilla,,41101,Spain,EMEA,Roel,Jose Pedro,Medium,10184,Scale,S1,13,13,54723.62,15,60896.711280487805,1.0,0.031755289392518975,Bronze
10203,48,100.0,1,8291.04,2003-12-02,Shipped,4,12,2003,Classic Cars,169,S18_3232,Euro Shopping Channel,(91) 555 94 44,"C/ Moralzarzal, 86",,Madrid,,28034,Spain,EMEA,Freyre,Diego,Large,10104,Early,S1,11,11,912294.11,259,390830.2231807512,1.0,0.5152993396387399,Gold
10212,40,100.0,11,5554.4,2004-01-16,Shipped,1,1,2004,Classic Cars,169,S18_3232,Euro Shopping Channel,(91) 555 94 44,"C/ Moralzarzal, 86",,Madrid,,28034,Spain,EMEA,Freyre,Diego,Medium,10104,Early,S1,16,16,912294.11,259,390830.2231807512,1.0,0.5152993396387399,Gold
10225,43,100.0,2,6407.86,2004-02-22,Shipped,1,2,2004,Classic Cars,169,S18_3232,"Vida Sport, Ltd",0897-034555,Grenzacherweg 237,,Gensve,,1203,Switzerland,EMEA,Holz,Michael,Medium,10225,Recent,S1,14,14,117713.56,31,224949.99685863874,1.0,0.07051922579065513,Bronze
10239,47,100.0,1,7083.37,2004-04-12,Shipped,2,4,2004,Classic Cars,169,S18_3232,"Oulu Toy Supplies, Inc.",981-443655,Torikatu 38,,Oulu,,90110,Finland,EMEA,Koskitalo,Pirkko,Large,10151,Scale,S1,5,5,104370.38,32,76343.06352705411,1.0,0.06293500544345523,Bronze
10246,36,100.0,9,7132.68,2004-05-05,Shipped,2,5,2004,Classic Cars,169,S18_3232,Euro Shopping Channel,(91) 555 94 44,"C/ Moralzarzal, 86",,Madrid,,28034,Spain,EMEA,Freyre,Diego,Large,10104,Early,S1,11,11,912294.11,259,390830.2231807512,1.0,0.5152993396387399,Gold
10253,40,100.0,6,6773.6,2004-06-01,Cancelled,2,6,2004,Classic Cars,169,S18_3232,"UK Collectables, Ltd.",(171) 555-2282,Berkeley Gardens 12  Brewery,,Liverpool,,WX1 6LT,UK,EMEA,Devon,Elizabeth,Medium,10253,Recent,S1,14,14,118008.27,29,78172.44745916517,1.0,0.06252151573536294,Bronze
10259,27,100.0,8,3657.69,2004-06-15,Shipped,2,6,2004,Classic Cars,169,S18_3232,Handji Gifts& Co,+65 224 1555,Village Close - 106 Linden Road Sandown,2nd Floor,Singapore,,69045,Singapore,APAC,Victorino,Wendy,Medium,10217,Recent,S1,13,13,115498.73,36,94734.91337078653,0.14445278660885533,0.07072781358587162,Bronze
10266,29,100.0,7,4812.55,2004-07-06,Shipped,3,7,2004,Classic Cars,169,S18_3232,L'ordine Souveniers,0522-556555,Strada Provinciale 124,,Reggio Emilia,,42100,Italy,EMEA,Moroni,Maurizio,Medium,10176,Scale,S1,15,15,142601.33,39,94292.54610507246,1.0,0.08012703678424364,Bronze
10287,36,100.0,5,5852.52,2004-08-30,Shipped,3,8,2004,Classic Cars,169,S18_3232,"Vida Sport, Ltd",0897-034555,Grenzacherweg 237,,Gensve,,1203,Switzerland,EMEA,Holz,Michael,Medium,10225,Recent,S1,17,17,117713.56,31,224949.99685863874,1.0,0.07051922579065513,Bronze
10301,23,100.0,9,4011.66,2003-10-05,Shipped,4,10,2003,Classic Cars,169,S18_3232,"Norway Gifts By Mail, Co.",+47 2212 1555,"Drammensveien 126 A, PB 744 Sentrum",,Oslo,,N 0106,Norway,EMEA,Klaeboe,Jan,Medium,10284,Recent,S1,11,11,79224.23,24,89803.86319875775,1.0,0.04868280040290712,Bronze
10310,48,100.0,3,8940.96,2004-10-16,Shipped,4,10,2004,Classic Cars,169,S18_3232,"Toms Spezialitten, Ltd",0221-5554327,Mehrheimerstr. 369,,Koln,,50739,Germany,EMEA,Pfalzheim,Henriette,Large,10191,Scale,S1,17,17,100306.58,26,110276.8123493976,1.0,0.05642266341239877,Bronze
10334,20,100.0,3,2878.8,2004-11-19,On Hold,4,11,2004,Classic Cars,169,S18_3232,"Volvo Model Replicas, Co",0921-12 3555,Berguvsvgen  8,,Lule,,S-958 22,Sweden,EMEA,Berglund,Christina,Small,10112,Early,S1,6,6,75754.88,19,45552.76968698518,1.0,0.040398475567936076,Bronze
10342,30,100.0,4,5029.5,2004-11-24,Shipped,4,11,2004,Classic Cars,169,S18_3232,"Australian Collectors, Co.",03 9520 4555,636 St Kilda Road,Level 3,Melbourne,Victoria,3004,Australia,APAC,Ferguson,Peter,Medium,10120,Growth,S1,11,11,200995.41,55,126270.78253012049,0.14445278660885533,0.11271325808083006,Bronze
10358,32,93.49,12,2991.68,2004-12-10,Shipped,4,12,2004,Classic Cars,169,S18_3232,Euro Shopping Channel,(91) 555 94 44,"C/ Moralzarzal, 86",,Madrid,,28034,Spain,EMEA,Freyre,Diego,Small,10104,Early,S1,14,14,912294.11,259,390830.2231807512,1.0,0.5152993396387399,Gold
10366,34,100.0,1,6275.72,2005-01-10,Shipped,1,1,2005,Classic Cars,169,S18_3232,Royale Belge,(071) 23 67 2555,"Boulevard Tirou, 255",,Charleroi,,B-6000,Belgium,EMEA,Cartrain,Pascale,Medium,10116,Growth,S1,3,3,33440.1,8,19041.554602184086,1.0,0.017342796176161003,Bronze
10370,27,56.85,9,1534.95,2005-01-20,Shipped,1,1,2005,Classic Cars,169,S18_3232,"Anna's Decorations, Ltd",02 9936 8555,201 Miller Street,Level 15,North Sydney,NSW,2060,Australia,APAC,O'Hara,Anna,Small,10148,Scale,S1,9,9,153996.13,46,102946.13086080586,0.14445278660885533,0.09107194995497356,Bronze
10377,39,100.0,3,7264.53,2005-02-09,Shipped,1,2,2005,Classic Cars,169,S18_3232,"Toys of Finland, Co.",90-224 8555,Keskuskatu 45,,Helsinki,,21240,Finland,EMEA,Karttunen,Matti,Large,10155,Scale,S1,6,6,111250.38,30,82365.9,1.0,0.06236245706238509,Bronze
10383,47,100.0,6,6869.05,2005-02-22,Shipped,1,2,2005,Classic Cars,169,S18_3232,Euro Shopping Channel,(91) 555 94 44,"C/ Moralzarzal, 86",,Madrid,,28034,Spain,EMEA,Freyre,Diego,Medium,10104,Early,S1,13,13,912294.11,259,390830.2231807512,1.0,0.5152993396387399,Gold
10394,22,100.0,5,3353.02,2005-03-15,Shipped,1,3,2005,Classic Cars,169,S18_3232,Euro Shopping Channel,(91) 555 94 44,"C/ Moralzarzal, 86",,Madrid,,28034,Spain,EMEA,Freyre,Diego,Medium,10104,Early,S1,7,7,912294.11,259,390830.2231807512,1.0,0.5152993396387399,Gold
10405,55,100.0,1,8289.05,2005-04-14,Shipped,2,4,2005,Classic Cars,169,S18_3232,Mini Caravy,88.60.1555,"24, place Kluber",,Strasbourg,,67000,France,EMEA,Citeaux,Frederique,Large,10241,Recent,S1,5,5,80438.48,19,80000.12316076295,1.0,0.0427737169683917,Bronze
10412,60,100.0,9,11887.8,2005-05-03,Shipped,2,5,2005,Classic Cars,169,S18_3232,Euro Shopping Channel,(91) 555 94 44,"C/ Moralzarzal, 86",,Madrid,,28034,Spain,EMEA,Freyre,Diego,Large,10104,Early,S1,11,11,912294.11,259,390830.2231807512,1.0,0.5152993396387399,Gold
10419,35,100.0,6,5926.9,2005-05-17,Shipped,2,5,2005,Classic Cars,169,S18_3232,Salzburg Collectables,6562-9555,Geislweg 14,,Salzburg,,5020,Austria,EMEA,Pipps,Georg,Medium,10119,Growth,S1,14,14,149798.63,40,72804.92669773634,1.0,0.08202203553143256,Bronze
10425,28,100.0,8,3793.16,2005-05-31,In Process,2,5,2005,Classic Cars,169,S18_3232,La Rochelle Gifts,40.67.8555,"67, rue des Cinquante Otages",,Nantes,,44000,France,EMEA,Labrune,Janine,Medium,10275,Recent,S1,13,13,180124.9,53,210049.803514377,1.0,0.1091008571092068,Bronze
10105,38,100.0,13,4330.1,2003-02-11,Shipped,1,2,2003,Trains,100,S18_3259,Danish Wholesale Imports,31 12 3555,Vinb'ltet 34,,Kobenhavn,,1734,Denmark,EMEA,Petersen,Jytte,Medium,10105,Early,S1,15,15,145041.6,36,66591.42641509433,1.0,0.07610272679186011,Bronze
10117,21,95.8,7,2011.8,2003-04-16,Shipped,2,4,2003,Trains,100,S18_3259,"Dragon Souveniers, Ltd.",+65 221 7555,"Bronz Sok., Bronz Apt. 3/6 Tesvikiye",,Singapore,,79903,Singapore,Japan,Natividad,Eric,Small,10117,Growth,S1,12,12,172989.68,43,91908.63639010189,0.09121179679999217,0.09132888493134783,Bronze
10128,41,100.0,4,4837.18,2003-06-06,Shipped,2,6,2003,Trains,100,S18_3259,Euro Shopping Channel,(91) 555 94 44,"C/ Moralzarzal, 86",,Madrid,,28034,Spain,EMEA,Freyre,Diego,Medium,10104,Early,S1,4,4,912294.11,259,390830.2231807512,1.0,0.5152993396387399,Gold
10153,29,88.74,9,2573.46,2003-09-28,Shipped,3,9,2003,Trains,100,S18_3259,Euro Shopping Channel,(91) 555 94 44,"C/ Moralzarzal, 86",,Madrid,,28034,Spain,EMEA,Freyre,Diego,Small,10104,Early,S1,13,13,912294.11,259,390830.2231807512,1.0,0.5152993396387399,Gold
10165,50,100.0,1,5344.5,2003-10-22,Shipped,4,10,2003,Trains,100,S18_3259,"Dragon Souveniers, Ltd.",+65 221 7555,"Bronz Sok., Bronz Apt. 3/6 Tesvikiye",,Singapore,,79903,Singapore,Japan,Natividad,Eric,Medium,10117,Growth,S1,18,18,172989.68,43,91908.63639010189,0.09121179679999217,0.09132888493134783,Bronze
10177,29,100.0,11,3070.52,2003-11-07,Shipped,4,11,2003,Trains,100,S18_3259,CAF Imports,+34 913 728 555,"Merchants House, 27-30 Merchant's Quay",,Madrid,,28023,Spain,EMEA,Fernandez,Jesus,Medium,10177,Scale,S1,11,11,49642.05,13,135219.0167910448,1.0,0.031234068851378527,Bronze
10208,48,100.0,11,5614.56,2004-01-02,Shipped,1,1,2004,Trains,100,S18_3259,"Saveley & Henriot, Co.",78.32.5555,"2, rue du Commerce",,Lyon,,69004,France,EMEA,Saveley,Mary,Medium,10194,Scale,S1,15,15,142874.25,41,526758.5984848485,1.0,0.09943267580879472,Bronze
10221,23,80.67,5,1855.41,2004-02-18,Shipped,1,2,2004,Trains,100,S18_3259,Petit Auto,(02) 5554 67,Rue Joseph-Bens 532,,Bruxelles,,B-1180,Belgium,EMEA,Dewey,Catherine,Small,10221,Recent,S1,5,5,74972.52,25,58472.157692307694,1.0,0.04768250670201093,Bronze
10232,48,95.8,8,4598.4,2004-03-20,Shipped,1,3,2004,Trains,100,S18_3259,giftsbymail.co.uk,(198) 555-8888,Garden House Crowther Way,,Cowes,Isle of Wight,PO31 7PJ,UK,EMEA,Bennett,Helen,Medium,10232,Recent,S1,8,8,78240.84,26,125805.75594713655,1.0,0.052193137398217876,Bronze
10273,47,100.0,15,5450.59,2004-07-21,Shipped,3,7,2004,Trains,100,S18_3259,Petit Auto,(02) 5554 67,Rue Joseph-Bens 532,,Bruxelles,,B-1180,Belgium,EMEA,Dewey,Catherine,Medium,10221,Recent,S1,15,15,74972.52,25,58472.157692307694,1.0,0.04768250670201093,Bronze
10293,22,100.0,6,2418.24,2004-09-09,Shipped,3,9,2004,Trains,100,S18_3259,Amica Models & Co.,011-4988555,Via Monte Bianco 34,,Torino,,10100,Italy,EMEA,Accorti,Paolo,Small,10280,Recent,S1,9,9,94117.26,26,1431366.6624999999,1.0,0.10678083828361203,Bronze
10306,40,91.76,11,3670.4,2004-10-14,Shipped,4,10,2004,Trains,100,S18_3259,"AV Stores, Co.",(171) 555-1555,Fauntleroy Circus,,Manchester,,EC2 5NT,UK,EMEA,Ashworth,Victoria,Medium,10110,Early,S1,17,17,157807.81,51,94271.44132569559,1.0,0.09735950383251968,Bronze
10314,23,100.0,3,2481.7,2004-10-22,Shipped,4,10,2004,Trains,100,S18_3259,Heintze Collectables,86 21 3555,Smagsloget 45,,Aaarhus,,8200,Denmark,EMEA,Ibsen,Palle,Small,10161,Scale,S1,15,15,100595.55,27,98702.62298387097,1.0,0.05719123450775858,Bronze
10326,32,100.0,6,3807.68,2004-11-09,Shipped,4,11,2004,Trains,100,S18_3259,"Volvo Model Replicas, Co",0921-12 3555,Berguvsvgen  8,,Lule,,S-958 22,Sweden,EMEA,Berglund,Christina,Medium,10112,Early,S1,6,6,75754.88,19,45552.76968698518,1.0,0.040398475567936076,Bronze
10336,21,100.0,7,2230.41,2004-11-20,Shipped,4,11,2004,Trains,100,S18_3259,"La Corne D'abondance, Co.",(1) 42.34.2555,"265, boulevard Charonne",,Paris,,75012,France,EMEA,Bertrand,Marie,Small,10114,Growth,S1,12,12,97203.68,23,59132.23866666666,1.0,0.0502654264226107,Bronze
10350,41,93.04,2,3814.64,2004-12-02,Shipped,4,12,2004,Trains,100,S18_3259,Euro Shopping Channel,(91) 555 94 44,"C/ Moralzarzal, 86",,Madrid,,28034,Spain,EMEA,Freyre,Diego,Medium,10104,Early,S1,17,17,912294.11,259,390830.2231807512,1.0,0.5152993396387399,Gold
10372,25,84.71,5,2117.75,2005-01-26,Shipped,1,1,2005,Trains,100,S18_3259,"Tokyo Collectables, Ltd",+81 3 3584 0555,2-2-8 Roppongi,,Minato-ku,Tokyo,106-0032,Japan,Japan,Shimamura,Akiko,Small,10258,Recent,S1,9,9,120562.74,32,141042.94903846155,0.09121179679999217,0.06901754192631648,Bronze
10383,26,100.0,12,3340.48,2005-02-22,Shipped,1,2,2005,Trains,100,S18_3259,Euro Shopping Channel,(91) 555 94 44,"C/ Moralzarzal, 86",,Madrid,,28034,Spain,EMEA,Freyre,Diego,Medium,10104,Early,S1,13,13,912294.11,259,390830.2231807512,1.0,0.5152993396387399,Gold
10108,26,68.35,9,1777.1,2003-03-03,Shipped,1,3,2003,Classic Cars,80,S18_3278,Cruz & Sons Co.,+63 2 555 3587,15 McCallum Street - NatWest Center #13-03,,Makati City,,1227 MM,Philippines,Japan,Cruz,Arnold,Small,10108,Early,S1,16,16,94015.73,26,54905.18631999999,0.09121179679999217,0.052875972332028814,Bronze
10122,21,73.17,13,1536.57,2003-05-08,Shipped,2,5,2003,Classic Cars,80,S18_3278,Marseille Mini Autos,91.24.4555,"12, rue des Bouchers",,Marseille,,13008,France,EMEA,Lebihan,Laurence,Small,10122,Growth,S1,17,17,74936.14,25,44838.83786885246,1.0,0.0471408447640282,Bronze
10169,32,70.76,5,2264.32,2003-11-04,Shipped,4,11,2003,Classic Cars,80,S18_3278,"Anna's Decorations, Ltd",02 9936 8555,201 Miller Street,Level 15,North Sydney,NSW,2060,Australia,APAC,O'Hara,Anna,Small,10148,Scale,S1,13,13,153996.13,46,102946.13086080586,0.14445278660885533,0.09107194995497356,Bronze
10181,30,82.82,17,2484.6,2003-11-12,Shipped,4,11,2003,Classic Cars,80,S18_3278,Herkku Gifts,+47 2267 3215,"Drammen 121, PR 744 Sentrum",,Bergen,,N 5804,Norway,EMEA,Oeztan,Veysel,Small,10181,Scale,S1,17,17,111640.28,29,137201.01750841748,1.0,0.06343619416528738,Bronze
10191,36,94.88,6,3415.68,2003-11-20,Shipped,4,11,2003,Classic Cars,80,S18_3278,"Toms Spezialitten, Ltd",0221-5554327,Mehrheimerstr. 369,,Koln,,50739,Germany,EMEA,Pfalzheim,Henriette,Medium,10191,Scale,S1,9,9,100306.58,26,110276.8123493976,1.0,0.05642266341239877,Bronze
10203,33,86.04,11,2839.32,2003-12-02,Shipped,4,12,2003,Classic Cars,80,S18_3278,Euro Shopping Channel,(91) 555 94 44,"C/ Moralzarzal, 86",,Madrid,,28034,Spain,EMEA,Freyre,Diego,Small,10104,Early,S1,11,11,912294.11,259,390830.2231807512,1.0,0.5152993396387399,Gold
10211,35,78.0,5,2730.0,2004-01-15,Shipped,1,1,2004,Classic Cars,80,S18_3278,Auto Canal Petit,(1) 47.55.6555,"25, rue Lauriston",,Paris,,75016,France,EMEA,Perrier,Dominique,Small,10211,Recent,S1,15,15,93170.66,27,75740.06881959911,1.0,0.054664607831659315,Bronze
10225,37,95.69,12,3540.53,2004-02-22,Shipped,1,2,2004,Classic Cars,80,S18_3278,"Vida Sport, Ltd",0897-034555,Grenzacherweg 237,,Gensve,,1203,Switzerland,EMEA,Holz,Michael,Medium,10225,Recent,S1,14,14,117713.56,31,224949.99685863874,1.0,0.07051922579065513,Bronze
10238,41,73.17,6,2999.97,2004-04-09,Shipped,2,4,2004,Classic Cars,80,S18_3278,Danish Wholesale Imports,31 12 3555,Vinb'ltet 34,,Kobenhavn,,1734,Denmark,EMEA,Petersen,Jytte,Small,10105,Early,S1,8,8,145041.6,36,66591.42641509433,1.0,0.07610272679186011,Bronze
10252,20,76.39,2,1527.8,2004-05-26,Shipped,2,5,2004,Classic Cars,80,S18_3278,Auto Canal Petit,(1) 47.55.6555,"25, rue Lauriston",,Paris,,75016,France,EMEA,Perrier,Dominique,Small,10211,Recent,S1,9,9,93170.66,27,75740.06881959911,1.0,0.054664607831659315,Bronze
10265,45,86.84,2,3907.8,2004-07-02,Shipped,3,7,2004,Classic Cars,80,S18_3278,"Australian Collectables, Ltd",61-9-3844-6555,7 Allen Street,,Glen Waverly,Victoria,3150,Australia,APAC,Connery,Sean,Medium,10193,Scale,S1,2,2,64591.46,23,43984.856156716414,0.14445278660885533,0.042522973876149284,Bronze
10287,43,70.76,15,3042.68,2004-08-30,Shipped,3,8,2004,Classic Cars,80,S18_3278,"Vida Sport, Ltd",0897-034555,Grenzacherweg 237,,Gensve,,1203,Switzerland,EMEA,Holz,Michael,Medium,10225,Recent,S1,17,17,117713.56,31,224949.99685863874,1.0,0.07051922579065513,Bronze
10300,49,78.8,8,3861.2,2003-10-04,Shipped,4,10,2003,Classic Cars,80,S18_3278,"Blauer See Auto, Co.",+49 69 66 90 2555,Lyonerstr. 34,,Frankfurt,,60528,Germany,EMEA,Keitel,Roland,Medium,10101,Early,S1,8,8,85171.59,22,46608.14145427286,1.0,0.04597909459062931,Bronze
10310,27,80.41,13,2171.07,2004-10-16,Shipped,4,10,2004,Classic Cars,80,S18_3278,"Toms Spezialitten, Ltd",0221-5554327,Mehrheimerstr. 369,,Koln,,50739,Germany,EMEA,Pfalzheim,Henriette,Small,10191,Scale,S1,17,17,100306.58,26,110276.8123493976,1.0,0.05642266341239877,Bronze
10342,25,66.74,5,1668.5,2004-11-24,Shipped,4,11,2004,Classic Cars,80,S18_3278,"Australian Collectors, Co.",03 9520 4555,636 St Kilda Road,Level 3,Melbourne,Victoria,3004,Australia,APAC,Ferguson,Peter,Small,10120,Growth,S1,11,11,200995.41,55,126270.78253012049,0.14445278660885533,0.11271325808083006,Bronze
10363,46,60.3,10,2773.8,2005-01-06,Shipped,1,1,2005,Classic Cars,80,S18_3278,Suominen Souveniers,+358 9 8045 555,"Software Engineering Center, SEC Oy",,Espoo,,FIN-02271,Finland,EMEA,Suominen,Kalle,Small,10141,Growth,S1,15,15,113961.15,30,79230.13285714285,1.0,0.06283398058431945,Bronze
10378,22,100.0,4,2464.0,2005-02-10,Shipped,1,2,2005,Classic Cars,80,S18_3278,Euro Shopping Channel,(91) 555 94 44,"C/ Moralzarzal, 86",,Madrid,,28034,Spain,EMEA,Freyre,Diego,Small,10104,Early,S1,10,10,912294.11,259,390830.2231807512,1.0,0.5152993396387399,Gold
10103,46,100.0,16,4791.82,2003-01-29,Shipped,1,1,2003,Vintage Cars,99,S18_3320,Baane Mini Imports,07-98 9555,Erling Skakkes gate 78,,Stavern,,4110,Norway,EMEA,Bergulfsen,Jonas,Medium,10103,Early,S1,16,16,116599.19,32,65778.52295208655,1.0,0.06520234066938801,Bronze
10126,38,82.34,16,3128.92,2003-05-28,Shipped,2,5,2003,Vintage Cars,99,S18_3320,"Corrida Auto Replicas, Ltd",(91) 555 22 82,"C/ Araquil, 67",,Madrid,,28023,Spain,EMEA,Sommer,Mart¡n,Medium,10126,Growth,S1,17,17,120615.28,32,84016.36870229007,1.0,0.0667967122594898,Bronze
10139,30,100.0,5,3095.4,2003-07-16,Shipped,3,7,2003,Vintage Cars,99,S18_3320,Souveniers And Things Co.,+61 2 9495 8555,"Monitor Money Building, 815 Pacific Hwy",Level 6,Chatswood,NSW,2067,Australia,APAC,Huxley,Adrian,Medium,10139,Growth,S1,8,8,151570.98,46,80882.175,0.14445278660885533,0.08967658031400969,Bronze
10173,29,95.24,4,2761.96,2003-11-05,Shipped,4,11,2003,Vintage Cars,99,S18_3320,Rovelli Gifts,035-640555,Via Ludovico il Moro 22,,Bergamo,,24100,Italy,EMEA,Rovelli,Giovanni,Small,10106,Early,S1,16,16,137955.72,48,79297.38236220472,1.0,0.08894630469124336,Bronze
10193,32,79.37,5,2539.84,2003-11-21,Shipped,4,11,2003,Vintage Cars,99,S18_3320,"Australian Collectables, Ltd",61-9-3844-6555,7 Allen Street,,Glen Waverly,Victoria,3150,Australia,APAC,Connery,Sean,Small,10193,Scale,S1,16,16,64591.46,23,43984.856156716414,0.14445278660885533,0.042522973876149284,Bronze
10227,33,100.0,1,3666.96,2004-03-02,Shipped,1,3,2004,Vintage Cars,99,S18_3320,"Saveley & Henriot, Co.",78.32.5555,"2, rue du Commerce",,Lyon,,69004,France,EMEA,Saveley,Mary,Medium,10194,Scale,S1,15,15,142874.25,41,526758.5984848485,1.0,0.09943267580879472,Bronze
10244,36,84.33,5,3035.88,2004-04-29,Shipped,2,4,2004,Vintage Cars,99,S18_3320,Euro Shopping Channel,(91) 555 94 44,"C/ Moralzarzal, 86",,Madrid,,28034,Spain,EMEA,Freyre,Diego,Medium,10104,Early,S1,9,9,912294.11,259,390830.2231807512,1.0,0.5152993396387399,Gold
10280,34,100.0,7,3474.46,2004-08-17,Shipped,3,8,2004,Vintage Cars,99,S18_3320,Amica Models & Co.,011-4988555,Via Monte Bianco 34,,Torino,,10100,Italy,EMEA,Accorti,Paolo,Medium,10280,Recent,S1,17,17,94117.26,26,1431366.6624999999,1.0,0.10678083828361203,Bronze
10304,38,100.0,11,3958.46,2004-10-11,Shipped,4,10,2004,Vintage Cars,99,S18_3320,Auto Assoc. & Cie.,30.59.8555,"67, avenue de l'Europe",,Versailles,,78000,France,EMEA,Tonini,Daniel,Medium,10216,Recent,S1,17,17,64834.32,18,93535.67905138338,1.0,0.03872441348619289,Bronze
10323,33,91.27,2,3011.91,2004-11-05,Shipped,4,11,2004,Vintage Cars,99,S18_3320,"Blauer See Auto, Co.",+49 69 66 90 2555,Lyonerstr. 34,,Frankfurt,,60528,Germany,EMEA,Keitel,Roland,Medium,10101,Early,S1,2,2,85171.59,22,46608.14145427286,1.0,0.04597909459062931,Bronze
10347,26,100.0,12,2656.94,2004-11-29,Shipped,4,11,2004,Vintage Cars,99,S18_3320,"Australian Collectors, Co.",03 9520 4555,636 St Kilda Road,Level 3,Melbourne,Victoria,3004,Australia,APAC,Ferguson,Peter,Small,10120,Growth,S1,12,12,200995.41,55,126270.78253012049,0.14445278660885533,0.11271325808083006,Bronze
10392,36,100.0,1,4035.96,2005-03-10,Shipped,1,3,2005,Vintage Cars,99,S18_3320,Mini Auto Werke,7675-3555,Kirchgasse 6,,Graz,,8010,Austria,EMEA,Mendel,Roland,Medium,10164,Scale,S1,3,3,52263.9,15,37625.88461538462,1.0,0.030305097200400477,Bronze
10423,21,89.29,5,1875.09,2005-05-30,In Process,2,5,2005,Vintage Cars,99,S18_3320,Petit Auto,(02) 5554 67,Rue Joseph-Bens 532,,Bruxelles,,B-1180,Belgium,EMEA,Dewey,Catherine,Small,10221,Recent,S1,5,5,74972.52,25,58472.157692307694,1.0,0.04768250670201093,Bronze
10108,29,100.0,8,4049.56,2003-03-03,Shipped,1,3,2003,Classic Cars,146,S18_3482,Cruz & Sons Co.,+63 2 555 3587,15 McCallum Street - NatWest Center #13-03,,Makati City,,1227 MM,Philippines,Japan,Cruz,Arnold,Medium,10108,Early,S1,16,16,94015.73,26,54905.18631999999,0.09121179679999217,0.052875972332028814,Bronze
10122,21,100.0,12,2469.39,2003-05-08,Shipped,2,5,2003,Classic Cars,146,S18_3482,Marseille Mini Autos,91.24.4555,"12, rue des Bouchers",,Marseille,,13008,France,EMEA,Lebihan,Laurence,Small,10122,Growth,S1,17,17,74936.14,25,44838.83786885246,1.0,0.0471408447640282,Bronze
10169,36,100.0,4,4444.92,2003-11-04,Shipped,4,11,2003,Classic Cars,146,S18_3482,"Anna's Decorations, Ltd",02 9936 8555,201 Miller Street,Level 15,North Sydney,NSW,2060,Australia,APAC,O'Hara,Anna,Medium,10148,Scale,S1,13,13,153996.13,46,102946.13086080586,0.14445278660885533,0.09107194995497356,Bronze
10181,22,100.0,16,3395.48,2003-11-12,Shipped,4,11,2003,Classic Cars,146,S18_3482,Herkku Gifts,+47 2267 3215,"Drammen 121, PR 744 Sentrum",,Bergen,,N 5804,Norway,EMEA,Oeztan,Veysel,Medium,10181,Scale,S1,17,17,111640.28,29,137201.01750841748,1.0,0.06343619416528738,Bronze
10191,23,100.0,5,3414.58,2003-11-20,Shipped,4,11,2003,Classic Cars,146,S18_3482,"Toms Spezialitten, Ltd",0221-5554327,Mehrheimerstr. 369,,Koln,,50739,Germany,EMEA,Pfalzheim,Henriette,Medium,10191,Scale,S1,9,9,100306.58,26,110276.8123493976,1.0,0.05642266341239877,Bronze
10203,32,100.0,10,5127.04,2003-12-02,Shipped,4,12,2003,Classic Cars,146,S18_3482,Euro Shopping Channel,(91) 555 94 44,"C/ Moralzarzal, 86",,Madrid,,28034,Spain,EMEA,Freyre,Diego,Medium,10104,Early,S1,11,11,912294.11,259,390830.2231807512,1.0,0.5152993396387399,Gold
10211,28,100.0,4,3745.28,2004-01-15,Shipped,1,1,2004,Classic Cars,146,S18_3482,Auto Canal Petit,(1) 47.55.6555,"25, rue Lauriston",,Paris,,75016,France,EMEA,Perrier,Dominique,Medium,10211,Recent,S1,15,15,93170.66,27,75740.06881959911,1.0,0.054664607831659315,Bronze
10225,27,100.0,11,4564.08,2004-02-22,Shipped,1,2,2004,Classic Cars,146,S18_3482,"Vida Sport, Ltd",0897-034555,Grenzacherweg 237,,Gensve,,1203,Switzerland,EMEA,Holz,Michael,Medium,10225,Recent,S1,14,14,117713.56,31,224949.99685863874,1.0,0.07051922579065513,Bronze
10238,49,100.0,5,6554.24,2004-04-09,Shipped,2,4,2004,Classic Cars,146,S18_3482,Danish Wholesale Imports,31 12 3555,Vinb'ltet 34,,Kobenhavn,,1734,Denmark,EMEA,Petersen,Jytte,Medium,10105,Early,S1,8,8,145041.6,36,66591.42641509433,1.0,0.07610272679186011,Bronze
10252,41,100.0,1,6749.83,2004-05-26,Shipped,2,5,2004,Classic Cars,146,S18_3482,Auto Canal Petit,(1) 47.55.6555,"25, rue Lauriston",,Paris,,75016,France,EMEA,Perrier,Dominique,Medium,10211,Recent,S1,9,9,93170.66,27,75740.06881959911,1.0,0.054664607831659315,Bronze
10265,49,100.0,1,8427.02,2004-07-02,Shipped,3,7,2004,Classic Cars,146,S18_3482,"Australian Collectables, Ltd",61-9-3844-6555,7 Allen Street,,Glen Waverly,Victoria,3150,Australia,APAC,Connery,Sean,Large,10193,Scale,S1,2,2,64591.46,23,43984.856156716414,0.14445278660885533,0.042522973876149284,Bronze
10287,40,100.0,14,6761.6,2004-08-30,Shipped,3,8,2004,Classic Cars,146,S18_3482,"Vida Sport, Ltd",0897-034555,Grenzacherweg 237,,Gensve,,1203,Switzerland,EMEA,Holz,Michael,Medium,10225,Recent,S1,17,17,117713.56,31,224949.99685863874,1.0,0.07051922579065513,Bronze
10300,23,100.0,7,3786.49,2003-10-04,Shipped,4,10,2003,Classic Cars,146,S18_3482,"Blauer See Auto, Co.",+49 69 66 90 2555,Lyonerstr. 34,,Frankfurt,,60528,Germany,EMEA,Keitel,Roland,Medium,10101,Early,S1,8,8,85171.59,22,46608.14145427286,1.0,0.04597909459062931,Bronze
10310,49,100.0,12,6266.12,2004-10-16,Shipped,4,10,2004,Classic Cars,146,S18_3482,"Toms Spezialitten, Ltd",0221-5554327,Mehrheimerstr. 369,,Koln,,50739,Germany,EMEA,Pfalzheim,Henriette,Medium,10191,Scale,S1,17,17,100306.58,26,110276.8123493976,1.0,0.05642266341239877,Bronze
10320,25,100.0,5,3491.0,2004-11-03,Shipped,4,11,2004,Classic Cars,146,S18_3482,"Volvo Model Replicas, Co",0921-12 3555,Berguvsvgen  8,,Lule,,S-958 22,Sweden,EMEA,Berglund,Christina,Medium,10112,Early,S1,5,5,75754.88,19,45552.76968698518,1.0,0.040398475567936076,Bronze
10330,37,100.0,3,4405.22,2004-11-16,Shipped,4,11,2004,Classic Cars,146,S18_3482,Cruz & Sons Co.,+63 2 555 3587,15 McCallum Street - NatWest Center #13-03,,Makati City,,1227 MM,Philippines,Japan,Cruz,Arnold,Medium,10108,Early,S1,4,4,94015.73,26,54905.18631999999,0.09121179679999217,0.052875972332028814,Bronze
10342,55,100.0,7,6548.3,2004-11-24,Shipped,4,11,2004,Classic Cars,146,S18_3482,"Australian Collectors, Co.",03 9520 4555,636 St Kilda Road,Level 3,Melbourne,Victoria,3004,Australia,APAC,Ferguson,Peter,Medium,10120,Growth,S1,11,11,200995.41,55,126270.78253012049,0.14445278660885533,0.11271325808083006,Bronze
10355,23,100.0,7,3177.91,2004-12-07,Shipped,4,12,2004,Classic Cars,146,S18_3482,Euro Shopping Channel,(91) 555 94 44,"C/ Moralzarzal, 86",,Madrid,,28034,Spain,EMEA,Freyre,Diego,Medium,10104,Early,S1,10,10,912294.11,259,390830.2231807512,1.0,0.5152993396387399,Gold
10363,24,100.0,11,4142.64,2005-01-06,Shipped,1,1,2005,Classic Cars,146,S18_3482,Suominen Souveniers,+358 9 8045 555,"Software Engineering Center, SEC Oy",,Espoo,,FIN-02271,Finland,EMEA,Suominen,Kalle,Medium,10141,Growth,S1,15,15,113961.15,30,79230.13285714285,1.0,0.06283398058431945,Bronze
10378,43,96.49,10,4149.07,2005-02-10,Shipped,1,2,2005,Classic Cars,146,S18_3482,Euro Shopping Channel,(91) 555 94 44,"C/ Moralzarzal, 86",,Madrid,,28034,Spain,EMEA,Freyre,Diego,Medium,10104,Early,S1,10,10,912294.11,259,390830.2231807512,1.0,0.5152993396387399,Gold
10123,34,100.0,4,5331.88,2003-05-20,Shipped,2,5,2003,Classic Cars,141,S18_3685,Atelier graphique,40.32.2555,"54, rue Royale",,Nantes,,44000,France,EMEA,Schmitt,Carine,Medium,10123,Growth,S1,4,4,24179.96,7,15873.534892086329,1.0,0.014030402752811649,Bronze
10137,31,100.0,4,5124.3,2003-07-10,Shipped,3,7,2003,Classic Cars,141,S18_3685,Reims Collectables,26.47.1555,59 rue de l'Abbaye,,Reims,,51100,France,EMEA,Henriot,Paul,Medium,10121,Growth,S1,4,4,135042.94,41,71024.02463976944,1.0,0.07987576822974221,Bronze
10148,28,100.0,11,3639.44,2003-09-11,Shipped,3,9,2003,Classic Cars,141,S18_3685,"Anna's Decorations, Ltd",02 9936 8555,201 Miller Street,Level 15,North Sydney,NSW,2060,Australia,APAC,O'Hara,Anna,Medium,10148,Scale,S1,14,14,153996.13,46,102946.13086080586,0.14445278660885533,0.09107194995497356,Bronze
10161,36,100.0,10,5544.0,2003-10-17,Shipped,4,10,2003,Classic Cars,141,S18_3685,Heintze Collectables,86 21 3555,Smagsloget 45,,Aaarhus,,8200,Denmark,EMEA,Ibsen,Palle,Medium,10161,Scale,S1,12,12,100595.55,27,98702.62298387097,1.0,0.05719123450775858,Bronze
10181,39,100.0,4,5785.26,2003-11-12,Shipped,4,11,2003,Classic Cars,141,S18_3685,Herkku Gifts,+47 2267 3215,"Drammen 121, PR 744 Sentrum",,Bergen,,N 5804,Norway,EMEA,Oeztan,Veysel,Medium,10181,Scale,S1,17,17,111640.28,29,137201.01750841748,1.0,0.06343619416528738,Bronze
10212,45,100.0,8,6357.6,2004-01-16,Shipped,1,1,2004,Classic Cars,141,S18_3685,Euro Shopping Channel,(91) 555 94 44,"C/ Moralzarzal, 86",,Madrid,,28034,Spain,EMEA,Freyre,Diego,Medium,10104,Early,S1,16,16,912294.11,259,390830.2231807512,1.0,0.5152993396387399,Gold
10240,37,100.0,1,5959.22,2004-04-13,Shipped,2,4,2004,Classic Cars,141,S18_3685,Osaka Souveniers Co.,+81 06 6342 5555,"Dojima Avanza 4F, 1-6-20 Dojima, Kita-ku",,Osaka,Osaka,530-0003,Japan,Japan,Kentary,Mory,Medium,10210,Recent,S1,3,3,67605.07,20,265331.72634408606,0.09121179679999217,0.048373524517489136,Bronze
10253,31,100.0,3,4029.38,2004-06-01,Cancelled,2,6,2004,Classic Cars,141,S18_3685,"UK Collectables, Ltd.",(171) 555-2282,Berkeley Gardens 12  Brewery,,Liverpool,,WX1 6LT,UK,EMEA,Devon,Elizabeth,Medium,10253,Recent,S1,14,14,118008.27,29,78172.44745916517,1.0,0.06252151573536294,Bronze
10266,33,100.0,4,5035.14,2004-07-06,Shipped,3,7,2004,Classic Cars,141,S18_3685,L'ordine Souveniers,0522-556555,Strada Provinciale 124,,Reggio Emilia,,42100,Italy,EMEA,Moroni,Maurizio,Medium,10176,Scale,S1,15,15,142601.33,39,94292.54610507246,1.0,0.08012703678424364,Bronze
10287,27,100.0,2,4310.55,2004-08-30,Shipped,3,8,2004,Classic Cars,141,S18_3685,"Vida Sport, Ltd",0897-034555,Grenzacherweg 237,,Gensve,,1203,Switzerland,EMEA,Holz,Michael,Medium,10225,Recent,S1,17,17,117713.56,31,224949.99685863874,1.0,0.07051922579065513,Bronze
10301,39,100.0,6,6446.7,2003-10-05,Shipped,4,10,2003,Classic Cars,141,S18_3685,"Norway Gifts By Mail, Co.",+47 2212 1555,"Drammensveien 126 A, PB 744 Sentrum",,Oslo,,N 0106,Norway,EMEA,Klaeboe,Jan,Medium,10284,Recent,S1,11,11,79224.23,24,89803.86319875775,1.0,0.04868280040290712,Bronze
10311,32,100.0,11,3616.64,2004-10-16,Shipped,4,10,2004,Classic Cars,141,S18_3685,Euro Shopping Channel,(91) 555 94 44,"C/ Moralzarzal, 86",,Madrid,,28034,Spain,EMEA,Freyre,Diego,Medium,10104,Early,S1,11,11,912294.11,259,390830.2231807512,1.0,0.5152993396387399,Gold
10343,44,84.88,2,3734.72,2004-11-24,Shipped,4,11,2004,Classic Cars,141,S18_3685,Reims Collectables,26.47.1555,59 rue de l'Abbaye,,Reims,,51100,France,EMEA,Henriot,Paul,Medium,10121,Growth,S1,6,6,135042.94,41,71024.02463976944,1.0,0.07987576822974221,Bronze
10379,32,70.83,4,2266.56,2005-02-10,Shipped,1,2,2005,Classic Cars,141,S18_3685,Euro Shopping Channel,(91) 555 94 44,"C/ Moralzarzal, 86",,Madrid,,28034,Spain,EMEA,Freyre,Diego,Small,10104,Early,S1,5,5,912294.11,259,390830.2231807512,1.0,0.5152993396387399,Gold
10406,65,100.0,1,10468.9,2005-04-15,Disputed,2,4,2005,Classic Cars,141,S18_3685,Danish Wholesale Imports,31 12 3555,Vinb'ltet 34,,Kobenhavn,,1734,Denmark,EMEA,Petersen,Jytte,Large,10105,Early,S1,3,3,145041.6,36,66591.42641509433,1.0,0.07610272679186011,Bronze
10419,43,100.0,3,5589.14,2005-05-17,Shipped,2,5,2005,Classic Cars,141,S18_3685,Salzburg Collectables,6562-9555,Geislweg 14,,Salzburg,,5020,Austria,EMEA,Pipps,Georg,Medium,10119,Growth,S1,14,14,149798.63,40,72804.92669773634,1.0,0.08202203553143256,Bronze
10108,43,67.77,12,2914.11,2003-03-03,Shipped,1,3,2003,Motorcycles,62,S18_3782,Cruz & Sons Co.,+63 2 555 3587,15 McCallum Street - NatWest Center #13-03,,Makati City,,1227 MM,Philippines,Japan,Cruz,Arnold,Small,10108,Early,S1,16,16,94015.73,26,54905.18631999999,0.09121179679999217,0.052875972332028814,Bronze
10122,35,49.74,16,1740.9,2003-05-08,Shipped,2,5,2003,Motorcycles,62,S18_3782,Marseille Mini Autos,91.24.4555,"12, rue des Bouchers",,Marseille,,13008,France,EMEA,Lebihan,Laurence,Small,10122,Growth,S1,17,17,74936.14,25,44838.83786885246,1.0,0.0471408447640282,Bronze
10169,38,68.39,8,2598.82,2003-11-04,Shipped,4,11,2003,Motorcycles,62,S18_3782,"Anna's Decorations, Ltd",02 9936 8555,201 Miller Street,Level 15,North Sydney,NSW,2060,Australia,APAC,O'Hara,Anna,Small,10148,Scale,S1,13,13,153996.13,46,102946.13086080586,0.14445278660885533,0.09107194995497356,Bronze
10180,21,50.36,3,1057.56,2003-11-11,Shipped,4,11,2003,Motorcycles,62,S18_3782,Daedalus Designs Imports,20.16.1555,"184, chausse de Tournai",,Lille,,59000,France,EMEA,Rance,Martine,Small,10180,Scale,S1,14,14,69052.41,20,244700.2878640777,1.0,0.047883188318364044,Bronze
10191,43,72.74,9,3127.82,2003-11-20,Shipped,4,11,2003,Motorcycles,62,S18_3782,"Toms Spezialitten, Ltd",0221-5554327,Mehrheimerstr. 369,,Koln,,50739,Germany,EMEA,Pfalzheim,Henriette,Medium,10191,Scale,S1,9,9,100306.58,26,110276.8123493976,1.0,0.05642266341239877,Bronze
10211,46,54.09,8,2488.14,2004-01-15,Shipped,1,1,2004,Motorcycles,62,S18_3782,Auto Canal Petit,(1) 47.55.6555,"25, rue Lauriston",,Paris,,75016,France,EMEA,Perrier,Dominique,Small,10211,Recent,S1,15,15,93170.66,27,75740.06881959911,1.0,0.054664607831659315,Bronze
10224,38,58.44,1,2220.72,2004-02-21,Shipped,1,2,2004,Motorcycles,62,S18_3782,Daedalus Designs Imports,20.16.1555,"184, chausse de Tournai",,Lille,,59000,France,EMEA,Rance,Martine,Small,10180,Scale,S1,6,6,69052.41,20,244700.2878640777,1.0,0.047883188318364044,Bronze
10252,31,52.84,5,1638.04,2004-05-26,Shipped,2,5,2004,Motorcycles,62,S18_3782,Auto Canal Petit,(1) 47.55.6555,"25, rue Lauriston",,Paris,,75016,France,EMEA,Perrier,Dominique,Small,10211,Recent,S1,9,9,93170.66,27,75740.06881959911,1.0,0.054664607831659315,Bronze
10286,38,57.2,1,2173.6,2004-08-28,Shipped,3,8,2004,Motorcycles,62,S18_3782,"La Corne D'abondance, Co.",(1) 42.34.2555,"265, boulevard Charonne",,Paris,,75012,France,EMEA,Bertrand,Marie,Small,10114,Growth,S1,1,1,97203.68,23,59132.23866666666,1.0,0.0502654264226107,Bronze
10299,39,55.95,3,2182.05,2004-09-30,Shipped,3,9,2004,Motorcycles,62,S18_3782,"Toys of Finland, Co.",90-224 8555,Keskuskatu 45,,Helsinki,,21240,Finland,EMEA,Karttunen,Matti,Small,10155,Scale,S1,11,11,111250.38,30,82365.9,1.0,0.06236245706238509,Bronze
10310,42,67.14,16,2819.88,2004-10-16,Shipped,4,10,2004,Motorcycles,62,S18_3782,"Toms Spezialitten, Ltd",0221-5554327,Mehrheimerstr. 369,,Koln,,50739,Germany,EMEA,Pfalzheim,Henriette,Small,10191,Scale,S1,17,17,100306.58,26,110276.8123493976,1.0,0.05642266341239877,Bronze
10330,29,69.63,2,2019.27,2004-11-16,Shipped,4,11,2004,Motorcycles,62,S18_3782,Cruz & Sons Co.,+63 2 555 3587,15 McCallum Street - NatWest Center #13-03,,Makati City,,1227 MM,Philippines,Japan,Cruz,Arnold,Small,10108,Early,S1,4,4,94015.73,26,54905.18631999999,0.09121179679999217,0.052875972332028814,Bronze
10342,26,55.95,8,1454.7,2004-11-24,Shipped,4,11,2004,Motorcycles,62,S18_3782,"Australian Collectors, Co.",03 9520 4555,636 St Kilda Road,Level 3,Melbourne,Victoria,3004,Australia,APAC,Ferguson,Peter,Small,10120,Growth,S1,11,11,200995.41,55,126270.78253012049,0.14445278660885533,0.11271325808083006,Bronze
10355,31,53.47,1,1657.57,2004-12-07,Shipped,4,12,2004,Motorcycles,62,S18_3782,Euro Shopping Channel,(91) 555 94 44,"C/ Moralzarzal, 86",,Madrid,,28034,Spain,EMEA,Freyre,Diego,Small,10104,Early,S1,10,10,912294.11,259,390830.2231807512,1.0,0.5152993396387399,Gold
10363,32,89.12,12,2851.84,2005-01-06,Shipped,1,1,2005,Motorcycles,62,S18_3782,Suominen Souveniers,+358 9 8045 555,"Software Engineering Center, SEC Oy",,Espoo,,FIN-02271,Finland,EMEA,Suominen,Kalle,Small,10141,Growth,S1,15,15,113961.15,30,79230.13285714285,1.0,0.06283398058431945,Bronze
10378,28,100.0,9,4609.64,2005-02-10,Shipped,1,2,2005,Motorcycles,62,S18_3782,Euro Shopping Channel,(91) 555 94 44,"C/ Moralzarzal, 86",,Madrid,,28034,Spain,EMEA,Freyre,Diego,Medium,10104,Early,S1,10,10,912294.11,259,390830.2231807512,1.0,0.5152993396387399,Gold
10403,36,52.22,1,1879.92,2005-04-08,Shipped,2,4,2005,Motorcycles,62,S18_3782,"UK Collectables, Ltd.",(171) 555-2282,Berkeley Gardens 12  Brewery,,Liverpool,,WX1 6LT,UK,EMEA,Devon,Elizabeth,Small,10253,Recent,S1,9,9,118008.27,29,78172.44745916517,1.0,0.06252151573536294,Bronze
10106,41,100.0,17,4774.86,2003-02-17,Shipped,1,2,2003,Vintage Cars,105,S18_3856,Rovelli Gifts,035-640555,Via Ludovico il Moro 22,,Bergamo,,24100,Italy,EMEA,Rovelli,Giovanni,Medium,10106,Early,S1,18,18,137955.72,48,79297.38236220472,1.0,0.08894630469124336,Bronze
10119,27,99.52,8,2687.04,2003-04-28,Shipped,2,4,2003,Vintage Cars,105,S18_3856,Salzburg Collectables,6562-9555,Geislweg 14,,Salzburg,,5020,Austria,EMEA,Pipps,Georg,Small,10119,Growth,S1,14,14,149798.63,40,72804.92669773634,1.0,0.08202203553143256,Bronze
10155,29,100.0,10,3622.97,2003-10-06,Shipped,4,10,2003,Vintage Cars,105,S18_3856,"Toys of Finland, Co.",90-224 8555,Keskuskatu 45,,Helsinki,,21240,Finland,EMEA,Karttunen,Matti,Medium,10155,Scale,S1,13,13,111250.38,30,82365.9,1.0,0.06236245706238509,Bronze
10167,34,100.0,6,3599.58,2003-10-23,Cancelled,4,10,2003,Vintage Cars,105,S18_3856,Scandinavian Gift Ideas,0695-34 6555,?kergatan 24,,Boras,,S-844 67,Sweden,EMEA,Larsson,Maria,Medium,10167,Scale,S1,16,16,134259.33,38,98402.92259036144,1.0,0.0773008431710182,Bronze
10178,48,100.0,9,5386.56,2003-11-08,Shipped,4,11,2003,Vintage Cars,105,S18_3856,Alpha Cognac,61.77.6555,1 rue Alsace-Lorraine,,Toulouse,,31000,France,EMEA,Roulet,Annette,Medium,10136,Growth,S1,12,12,70488.44,20,40580.88422712934,1.0,0.040207599850367405,Bronze
10186,46,100.0,6,4918.78,2003-11-14,Shipped,4,11,2003,Vintage Cars,105,S18_3856,"Double Decker Gift Stores, Ltd",(171) 555-7555,120 Hanover Sq.,,London,,WA1 1DP,UK,EMEA,Hardy,Thomas,Medium,10186,Scale,S1,9,9,36019.04,12,187813.5657142857,1.0,0.02914808134381495,Bronze
10197,22,100.0,3,2538.8,2003-11-26,Shipped,4,11,2003,Vintage Cars,105,S18_3856,Enaco Distributors,(93) 203 4555,"Rambla de Catalu¤a, 23",,Barcelona,,8022,Spain,EMEA,Saavedra,Eduardo,Small,10118,Growth,S1,14,14,78411.86,23,49007.4125,1.0,0.04574939797050226,Bronze
10262,34,100.0,14,4103.46,2004-06-24,Cancelled,2,6,2004,Vintage Cars,105,S18_3856,Euro Shopping Channel,(91) 555 94 44,"C/ Moralzarzal, 86",,Madrid,,28034,Spain,EMEA,Freyre,Diego,Medium,10104,Early,S1,16,16,912294.11,259,390830.2231807512,1.0,0.5152993396387399,Gold
10273,50,85.75,1,4287.5,2004-07-21,Shipped,3,7,2004,Vintage Cars,105,S18_3856,Petit Auto,(02) 5554 67,Rue Joseph-Bens 532,,Bruxelles,,B-1180,Belgium,EMEA,Dewey,Catherine,Medium,10221,Recent,S1,15,15,74972.52,25,58472.157692307694,1.0,0.04768250670201093,Bronze
10296,22,84.7,12,1863.4,2004-09-15,Shipped,3,9,2004,Vintage Cars,105,S18_3856,"Bavarian Collectables Imports, Co.",+49 89 61 08 9555,Hansastr. 15,,Munich,,80686,Germany,EMEA,Donnermeyer,Michael,Small,10296,Recent,S1,14,14,34993.92,14,12772780.799999999,1.0,0.523887847462416,Gold
10316,47,86.81,14,4080.07,2004-11-01,Shipped,4,11,2004,Vintage Cars,105,S18_3856,giftsbymail.co.uk,(198) 555-8888,Garden House Crowther Way,,Cowes,Isle of Wight,PO31 7PJ,UK,EMEA,Bennett,Helen,Medium,10232,Recent,S1,18,18,78240.84,26,125805.75594713655,1.0,0.052193137398217876,Bronze
10328,34,100.0,6,3815.48,2004-11-12,Shipped,4,11,2004,Vintage Cars,105,S18_3856,Rovelli Gifts,035-640555,Via Ludovico il Moro 22,,Bergamo,,24100,Italy,EMEA,Rovelli,Giovanni,Medium,10106,Early,S1,14,14,137955.72,48,79297.38236220472,1.0,0.08894630469124336,Bronze
10338,45,100.0,2,5526.45,2004-11-22,Shipped,4,11,2004,Vintage Cars,105,S18_3856,Royale Belge,(071) 23 67 2555,"Boulevard Tirou, 255",,Charleroi,,B-6000,Belgium,EMEA,Cartrain,Pascale,Medium,10116,Growth,S1,3,3,33440.1,8,19041.554602184086,1.0,0.017342796176161003,Bronze
10351,20,100.0,2,3374.6,2004-12-03,Shipped,4,12,2004,Vintage Cars,105,S18_3856,"Stylish Desk Decors, Co.",(171) 555-0297,35 King George,,London,,WX3 6FW,UK,EMEA,Brown,Ann,Medium,10129,Growth,S1,5,5,88804.5,26,59914.31146025878,1.0,0.05192961308909447,Bronze
10373,50,60.49,6,3024.5,2005-01-31,Shipped,1,1,2005,Vintage Cars,105,S18_3856,"Oulu Toy Supplies, Inc.",981-443655,Torikatu 38,,Oulu,,90110,Finland,EMEA,Koskitalo,Pirkko,Medium,10151,Scale,S1,17,17,104370.38,32,76343.06352705411,1.0,0.06293500544345523,Bronze
10386,22,57.55,6,1266.1,2005-03-01,Resolved,1,3,2005,Vintage Cars,105,S18_3856,Euro Shopping Channel,(91) 555 94 44,"C/ Moralzarzal, 86",,Madrid,,28034,Spain,EMEA,Freyre,Diego,Small,10104,Early,S1,18,18,912294.11,259,390830.2231807512,1.0,0.5152993396387399,Gold
10398,45,100.0,17,4811.85,2005-03-30,Shipped,1,3,2005,Vintage Cars,105,S18_3856,Reims Collectables,26.47.1555,59 rue de l'Abbaye,,Reims,,51100,France,EMEA,Henriot,Paul,Medium,10121,Growth,S1,18,18,135042.94,41,71024.02463976944,1.0,0.07987576822974221,Bronze
10415,51,100.0,5,6209.25,2005-05-09,Disputed,2,5,2005,Vintage Cars,105,S18_3856,"Australian Collectables, Ltd",61-9-3844-6555,7 Allen Street,,Glen Waverly,Victoria,3150,Australia,APAC,Connery,Sean,Medium,10193,Scale,S1,5,5,64591.46,23,43984.856156716414,0.14445278660885533,0.042522973876149284,Bronze
10104,38,100.0,3,5348.5,2003-01-31,Shipped,1,1,2003,Classic Cars,143,S18_4027,Euro Shopping Channel,(91) 555 94 44,"C/ Moralzarzal, 86",,Madrid,,28034,Spain,EMEA,Freyre,Diego,Medium,10104,Early,S1,13,13,912294.11,259,390830.2231807512,1.0,0.5152993396387399,Gold
10117,22,100.0,12,2780.58,2003-04-16,Shipped,2,4,2003,Classic Cars,143,S18_4027,"Dragon Souveniers, Ltd.",+65 221 7555,"Bronz Sok., Bronz Apt. 3/6 Tesvikiye",,Singapore,,79903,Singapore,Japan,Natividad,Eric,Small,10117,Growth,S1,12,12,172989.68,43,91908.63639010189,0.09121179679999217,0.09132888493134783,Bronze
10152,35,100.0,1,4524.1,2003-09-25,Shipped,3,9,2003,Classic Cars,143,S18_4027,"Australian Gift Network, Co",61-7-3844-6555,31 Duncan St. West End,,South Brisbane,Queensland,4101,Australia,APAC,Calaghan,Tony,Medium,10152,Scale,S1,4,4,59469.12,15,43674.504627766604,0.14445278660885533,0.032121457634630854,Bronze
10165,28,100.0,6,3337.6,2003-10-22,Shipped,4,10,2003,Classic Cars,143,S18_4027,"Dragon Souveniers, Ltd.",+65 221 7555,"Bronz Sok., Bronz Apt. 3/6 Tesvikiye",,Singapore,,79903,Singapore,Japan,Natividad,Eric,Medium,10117,Growth,S1,18,18,172989.68,43,91908.63639010189,0.09121179679999217,0.09132888493134783,Bronze
10176,36,100.0,5,5532.12,2003-11-06,Shipped,4,11,2003,Classic Cars,143,S18_4027,L'ordine Souveniers,0522-556555,Strada Provinciale 124,,Reggio Emilia,,42100,Italy,EMEA,Moroni,Maurizio,Medium,10176,Scale,S1,10,10,142601.33,39,94292.54610507246,1.0,0.08012703678424364,Bronze
10220,50,100.0,5,8258.0,2004-02-12,Shipped,1,2,2004,Classic Cars,143,S18_4027,"Clover Collections, Co.",+353 1862 1555,25 Maiden Lane,Floor No. 4,Dublin,,2,Ireland,EMEA,Cassidy,Dean,Large,10220,Recent,S1,9,9,57756.43,16,96702.27958715596,1.0,0.03498010163810477,Bronze
10230,42,100.0,3,7238.28,2004-03-15,Shipped,1,3,2004,Classic Cars,143,S18_4027,"Blauer See Auto, Co.",+49 69 66 90 2555,Lyonerstr. 34,,Frankfurt,,60528,Germany,EMEA,Keitel,Roland,Large,10101,Early,S1,8,8,85171.59,22,46608.14145427286,1.0,0.04597909459062931,Bronze
10247,48,100.0,5,6756.0,2004-05-05,Shipped,2,5,2004,Classic Cars,143,S18_4027,Suominen Souveniers,+358 9 8045 555,"Software Engineering Center, SEC Oy",,Espoo,,FIN-02271,Finland,EMEA,Suominen,Kalle,Medium,10141,Growth,S1,6,6,113961.15,30,79230.13285714285,1.0,0.06283398058431945,Bronze
10306,23,100.0,16,3600.65,2004-10-14,Shipped,4,10,2004,Classic Cars,143,S18_4027,"AV Stores, Co.",(171) 555-1555,Fauntleroy Circus,,Manchester,,EC2 5NT,UK,EMEA,Ashworth,Victoria,Medium,10110,Early,S1,17,17,157807.81,51,94271.44132569559,1.0,0.09735950383251968,Bronze
10314,29,100.0,8,4206.74,2004-10-22,Shipped,4,10,2004,Classic Cars,143,S18_4027,Heintze Collectables,86 21 3555,Smagsloget 45,,Aaarhus,,8200,Denmark,EMEA,Ibsen,Palle,Medium,10161,Scale,S1,15,15,100595.55,27,98702.62298387097,1.0,0.05719123450775858,Bronze
10358,25,100.0,13,2528.25,2004-12-10,Shipped,4,12,2004,Classic Cars,143,S18_4027,Euro Shopping Channel,(91) 555 94 44,"C/ Moralzarzal, 86",,Madrid,,28034,Spain,EMEA,Freyre,Diego,Small,10104,Early,S1,14,14,912294.11,259,390830.2231807512,1.0,0.5152993396387399,Gold
10372,48,100.0,6,7031.52,2005-01-26,Shipped,1,1,2005,Classic Cars,143,S18_4027,"Tokyo Collectables, Ltd",+81 3 3584 0555,2-2-8 Roppongi,,Minato-ku,Tokyo,106-0032,Japan,Japan,Shimamura,Akiko,Large,10258,Recent,S1,9,9,120562.74,32,141042.94903846155,0.09121179679999217,0.06901754192631648,Bronze
10383,38,100.0,1,5340.9,2005-02-22,Shipped,1,2,2005,Classic Cars,143,S18_4027,Euro Shopping Channel,(91) 555 94 44,"C/ Moralzarzal, 86",,Madrid,,28034,Spain,EMEA,Freyre,Diego,Medium,10104,Early,S1,13,13,912294.11,259,390830.2231807512,1.0,0.5152993396387399,Gold
10394,37,100.0,1,6376.58,2005-03-15,Shipped,1,3,2005,Classic Cars,143,S18_4027,Euro Shopping Channel,(91) 555 94 44,"C/ Moralzarzal, 86",,Madrid,,28034,Spain,EMEA,Freyre,Diego,Medium,10104,Early,S1,7,7,912294.11,259,390830.2231807512,1.0,0.5152993396387399,Gold
10110,28,89.27,8,2499.56,2003-03-18,Shipped,1,3,2003,Vintage Cars,92,S18_4409,"AV Stores, Co.",(171) 555-1555,Fauntleroy Circus,,Manchester,,EC2 5NT,UK,EMEA,Ashworth,Victoria,Small,10110,Early,S1,16,16,157807.81,51,94271.44132569559,1.0,0.09735950383251968,Bronze
10148,34,100.0,1,3598.22,2003-09-11,Shipped,3,9,2003,Vintage Cars,92,S18_4409,"Anna's Decorations, Ltd",02 9936 8555,201 Miller Street,Level 15,North Sydney,NSW,2060,Australia,APAC,O'Hara,Anna,Medium,10148,Scale,S1,14,14,153996.13,46,102946.13086080586,0.14445278660885533,0.09107194995497356,Bronze
10173,21,75.46,14,1584.66,2003-11-05,Shipped,4,11,2003,Vintage Cars,92,S18_4409,Rovelli Gifts,035-640555,Via Ludovico il Moro 22,,Bergamo,,24100,Italy,EMEA,Rovelli,Giovanni,Small,10106,Early,S1,16,16,137955.72,48,79297.38236220472,1.0,0.08894630469124336,Bronze
10193,24,97.55,15,2341.2,2003-11-21,Shipped,4,11,2003,Vintage Cars,92,S18_4409,"Australian Collectables, Ltd",61-9-3844-6555,7 Allen Street,,Glen Waverly,Victoria,3150,Australia,APAC,Connery,Sean,Small,10193,Scale,S1,16,16,64591.46,23,43984.856156716414,0.14445278660885533,0.042522973876149284,Bronze
10213,38,94.79,1,3602.02,2004-01-22,Shipped,1,1,2004,Vintage Cars,92,S18_4409,"Double Decker Gift Stores, Ltd",(171) 555-7555,120 Hanover Sq.,,London,,WA1 1DP,UK,EMEA,Hardy,Thomas,Medium,10186,Scale,S1,3,3,36019.04,12,187813.5657142857,1.0,0.02914808134381495,Bronze
10227,34,100.0,11,3566.94,2004-03-02,Shipped,1,3,2004,Vintage Cars,92,S18_4409,"Saveley & Henriot, Co.",78.32.5555,"2, rue du Commerce",,Lyon,,69004,France,EMEA,Saveley,Mary,Medium,10194,Scale,S1,15,15,142874.25,41,526758.5984848485,1.0,0.09943267580879472,Bronze
10241,42,90.19,3,3787.98,2004-04-13,Shipped,2,4,2004,Vintage Cars,92,S18_4409,Mini Caravy,88.60.1555,"24, place Kluber",,Strasbourg,,67000,France,EMEA,Citeaux,Frederique,Medium,10241,Recent,S1,12,12,80438.48,19,80000.12316076295,1.0,0.0427737169683917,Bronze
10280,35,100.0,17,3704.05,2004-08-17,Shipped,3,8,2004,Vintage Cars,92,S18_4409,Amica Models & Co.,011-4988555,Via Monte Bianco 34,,Torino,,10100,Italy,EMEA,Accorti,Paolo,Medium,10280,Recent,S1,17,17,94117.26,26,1431366.6624999999,1.0,0.10678083828361203,Bronze
10288,35,80.99,6,2834.65,2004-09-01,Shipped,3,9,2004,Vintage Cars,92,S18_4409,Handji Gifts& Co,+65 224 1555,Village Close - 106 Linden Road Sandown,2nd Floor,Singapore,,69045,Singapore,APAC,Victorino,Wendy,Small,10217,Recent,S1,14,14,115498.73,36,94734.91337078653,0.14445278660885533,0.07072781358587162,Bronze
10302,38,89.27,2,3392.26,2003-10-06,Shipped,4,10,2003,Vintage Cars,92,S18_4409,"UK Collectables, Ltd.",(171) 555-2282,Berkeley Gardens 12  Brewery,,Liverpool,,WX1 6LT,UK,EMEA,Devon,Elizabeth,Medium,10253,Recent,S1,6,6,118008.27,29,78172.44745916517,1.0,0.06252151573536294,Bronze
10311,41,81.91,1,3358.31,2004-10-16,Shipped,4,10,2004,Vintage Cars,92,S18_4409,Euro Shopping Channel,(91) 555 94 44,"C/ Moralzarzal, 86",,Madrid,,28034,Spain,EMEA,Freyre,Diego,Medium,10104,Early,S1,11,11,912294.11,259,390830.2231807512,1.0,0.5152993396387399,Gold
10332,50,100.0,2,7310.0,2004-11-17,Shipped,4,11,2004,Vintage Cars,92,S18_4409,"AV Stores, Co.",(171) 555-1555,Fauntleroy Circus,,Manchester,,EC2 5NT,UK,EMEA,Ashworth,Victoria,Large,10110,Early,S1,18,18,157807.81,51,94271.44132569559,1.0,0.09735950383251968,Bronze
10344,21,100.0,4,2203.11,2004-11-25,Shipped,4,11,2004,Vintage Cars,92,S18_4409,Marseille Mini Autos,91.24.4555,"12, rue des Bouchers",,Marseille,,13008,France,EMEA,Lebihan,Laurence,Small,10122,Growth,S1,7,7,74936.14,25,44838.83786885246,1.0,0.0471408447640282,Bronze
10380,32,100.0,1,3376.64,2005-02-16,Shipped,1,2,2005,Vintage Cars,92,S18_4409,Euro Shopping Channel,(91) 555 94 44,"C/ Moralzarzal, 86",,Madrid,,28034,Spain,EMEA,Freyre,Diego,Medium,10104,Early,S1,13,13,912294.11,259,390830.2231807512,1.0,0.5152993396387399,Gold
10420,66,92.95,6,6134.7,2005-05-29,In Process,2,5,2005,Vintage Cars,92,S18_4409,Souveniers And Things Co.,+61 2 9495 8555,"Monitor Money Building, 815 Pacific Hwy",Level 6,Chatswood,NSW,2067,Australia,APAC,Huxley,Adrian,Medium,10139,Growth,S1,13,13,151570.98,46,80882.175,0.14445278660885533,0.08967658031400969,Bronze
10105,41,82.5,10,3382.5,2003-02-11,Shipped,1,2,2003,Vintage Cars,87,S18_4522,Danish Wholesale Imports,31 12 3555,Vinb'ltet 34,,Kobenhavn,,1734,Denmark,EMEA,Petersen,Jytte,Medium,10105,Early,S1,15,15,145041.6,36,66591.42641509433,1.0,0.07610272679186011,Bronze
10117,23,97.42,4,2240.66,2003-04-16,Shipped,2,4,2003,Vintage Cars,87,S18_4522,"Dragon Souveniers, Ltd.",+65 221 7555,"Bronz Sok., Bronz Apt. 3/6 Tesvikiye",,Singapore,,79903,Singapore,Japan,Natividad,Eric,Small,10117,Growth,S1,12,12,172989.68,43,91908.63639010189,0.09121179679999217,0.09132888493134783,Bronze
10128,43,92.16,1,3962.88,2003-06-06,Shipped,2,6,2003,Vintage Cars,87,S18_4522,Euro Shopping Channel,(91) 555 94 44,"C/ Moralzarzal, 86",,Madrid,,28034,Spain,EMEA,Freyre,Diego,Medium,10104,Early,S1,4,4,912294.11,259,390830.2231807512,1.0,0.5152993396387399,Gold
10153,22,83.38,6,1834.36,2003-09-28,Shipped,3,9,2003,Vintage Cars,87,S18_4522,Euro Shopping Channel,(91) 555 94 44,"C/ Moralzarzal, 86",,Madrid,,28034,Spain,EMEA,Freyre,Diego,Small,10104,Early,S1,13,13,912294.11,259,390830.2231807512,1.0,0.5152993396387399,Gold
10177,35,74.6,8,2611.0,2003-11-07,Shipped,4,11,2003,Vintage Cars,87,S18_4522,CAF Imports,+34 913 728 555,"Merchants House, 27-30 Merchant's Quay",,Madrid,,28023,Spain,EMEA,Fernandez,Jesus,Small,10177,Scale,S1,11,11,49642.05,13,135219.0167910448,1.0,0.031234068851378527,Bronze
10197,50,100.0,14,5090.5,2003-11-26,Shipped,4,11,2003,Vintage Cars,87,S18_4522,Enaco Distributors,(93) 203 4555,"Rambla de Catalu¤a, 23",,Barcelona,,8022,Spain,EMEA,Saavedra,Eduardo,Medium,10118,Growth,S1,14,14,78411.86,23,49007.4125,1.0,0.04574939797050226,Bronze
10208,45,87.77,8,3949.65,2004-01-02,Shipped,1,1,2004,Vintage Cars,87,S18_4522,"Saveley & Henriot, Co.",78.32.5555,"2, rue du Commerce",,Lyon,,69004,France,EMEA,Saveley,Mary,Medium,10194,Scale,S1,15,15,142874.25,41,526758.5984848485,1.0,0.09943267580879472,Bronze
10221,39,89.53,2,3491.67,2004-02-18,Shipped,1,2,2004,Vintage Cars,87,S18_4522,Petit Auto,(02) 5554 67,Rue Joseph-Bens 532,,Bruxelles,,B-1180,Belgium,EMEA,Dewey,Catherine,Medium,10221,Recent,S1,5,5,74972.52,25,58472.157692307694,1.0,0.04768250670201093,Bronze
10232,23,89.53,5,2059.19,2004-03-20,Shipped,1,3,2004,Vintage Cars,87,S18_4522,giftsbymail.co.uk,(198) 555-8888,Garden House Crowther Way,,Cowes,Isle of Wight,PO31 7PJ,UK,EMEA,Bennett,Helen,Small,10232,Recent,S1,8,8,78240.84,26,125805.75594713655,1.0,0.052193137398217876,Bronze
10273,33,71.09,12,2345.97,2004-07-21,Shipped,3,7,2004,Vintage Cars,87,S18_4522,Petit Auto,(02) 5554 67,Rue Joseph-Bens 532,,Bruxelles,,B-1180,Belgium,EMEA,Dewey,Catherine,Small,10221,Recent,S1,15,15,74972.52,25,58472.157692307694,1.0,0.04768250670201093,Bronze
10293,49,100.0,3,4946.06,2004-09-09,Shipped,3,9,2004,Vintage Cars,87,S18_4522,Amica Models & Co.,011-4988555,Via Monte Bianco 34,,Torino,,10100,Italy,EMEA,Accorti,Paolo,Medium,10280,Recent,S1,9,9,94117.26,26,1431366.6624999999,1.0,0.10678083828361203,Bronze
10306,39,90.4,8,3525.6,2004-10-14,Shipped,4,10,2004,Vintage Cars,87,S18_4522,"AV Stores, Co.",(171) 555-1555,Fauntleroy Circus,,Manchester,,EC2 5NT,UK,EMEA,Ashworth,Victoria,Medium,10110,Early,S1,17,17,157807.81,51,94271.44132569559,1.0,0.09735950383251968,Bronze
10315,36,100.0,7,3602.16,2004-10-29,Shipped,4,10,2004,Vintage Cars,87,S18_4522,La Rochelle Gifts,40.67.8555,"67, rue des Cinquante Otages",,Nantes,,44000,France,EMEA,Labrune,Janine,Medium,10275,Recent,S1,7,7,180124.9,53,210049.803514377,1.0,0.1091008571092068,Bronze
10326,50,86.01,5,4300.5,2004-11-09,Shipped,4,11,2004,Vintage Cars,87,S18_4522,"Volvo Model Replicas, Co",0921-12 3555,Berguvsvgen  8,,Lule,,S-958 22,Sweden,EMEA,Berglund,Christina,Medium,10112,Early,S1,6,6,75754.88,19,45552.76968698518,1.0,0.040398475567936076,Bronze
10350,30,100.0,3,3023.1,2004-12-02,Shipped,4,12,2004,Vintage Cars,87,S18_4522,Euro Shopping Channel,(91) 555 94 44,"C/ Moralzarzal, 86",,Madrid,,28034,Spain,EMEA,Freyre,Diego,Medium,10104,Early,S1,17,17,912294.11,259,390830.2231807512,1.0,0.5152993396387399,Gold
10372,41,86.89,7,3562.49,2005-01-26,Shipped,1,1,2005,Vintage Cars,87,S18_4522,"Tokyo Collectables, Ltd",+81 3 3584 0555,2-2-8 Roppongi,,Minato-ku,Tokyo,106-0032,Japan,Japan,Shimamura,Akiko,Medium,10258,Recent,S1,9,9,120562.74,32,141042.94903846155,0.09121179679999217,0.06901754192631648,Bronze
10383,28,58.58,7,1640.24,2005-02-22,Shipped,1,2,2005,Vintage Cars,87,S18_4522,Euro Shopping Channel,(91) 555 94 44,"C/ Moralzarzal, 86",,Madrid,,28034,Spain,EMEA,Freyre,Diego,Small,10104,Early,S1,13,13,912294.11,259,390830.2231807512,1.0,0.5152993396387399,Gold
10103,36,100.0,5,4228.2,2003-01-29,Shipped,1,1,2003,Trucks and Buses,121,S18_4600,Baane Mini Imports,07-98 9555,Erling Skakkes gate 78,,Stavern,,4110,Norway,EMEA,Bergulfsen,Jonas,Medium,10103,Early,S1,16,16,116599.19,32,65778.52295208655,1.0,0.06520234066938801,Bronze
10114,41,100.0,9,4815.45,2003-04-01,Shipped,2,4,2003,Trucks and Buses,121,S18_4600,"La Corne D'abondance, Co.",(1) 42.34.2555,"265, boulevard Charonne",,Paris,,75012,France,EMEA,Bertrand,Marie,Medium,10114,Growth,S1,10,10,97203.68,23,59132.23866666666,1.0,0.0502654264226107,Bronze
10126,50,100.0,5,7083.0,2003-05-28,Shipped,2,5,2003,Trucks and Buses,121,S18_4600,"Corrida Auto Replicas, Ltd",(91) 555 22 82,"C/ Araquil, 67",,Madrid,,28023,Spain,EMEA,Sommer,Mart¡n,Large,10126,Growth,S1,17,17,120615.28,32,84016.36870229007,1.0,0.0667967122594898,Bronze
10150,49,100.0,2,6467.02,2003-09-19,Shipped,3,9,2003,Trucks and Buses,121,S18_4600,"Dragon Souveniers, Ltd.",+65 221 7555,"Bronz Sok., Bronz Apt. 3/6 Tesvikiye",,Singapore,,79903,Singapore,Japan,Natividad,Eric,Medium,10117,Growth,S1,11,11,172989.68,43,91908.63639010189,0.09121179679999217,0.09132888493134783,Bronze
10164,45,100.0,3,5012.55,2003-10-21,Resolved,4,10,2003,Trucks and Buses,121,S18_4600,Mini Auto Werke,7675-3555,Kirchgasse 6,,Graz,,8010,Austria,EMEA,Mendel,Roland,Medium,10164,Scale,S1,8,8,52263.9,15,37625.88461538462,1.0,0.030305097200400477,Bronze
10175,47,100.0,10,5121.59,2003-11-06,Shipped,4,11,2003,Trucks and Buses,121,S18_4600,"Stylish Desk Decors, Co.",(171) 555-0297,35 King George,,London,,WX3 6FW,UK,EMEA,Brown,Ann,Medium,10129,Growth,S1,12,12,88804.5,26,59914.31146025878,1.0,0.05192961308909447,Bronze
10194,32,100.0,5,4262.08,2003-11-25,Shipped,4,11,2003,Trucks and Buses,121,S18_4600,"Saveley & Henriot, Co.",78.32.5555,"2, rue du Commerce",,Lyon,,69004,France,EMEA,Saveley,Mary,Medium,10194,Scale,S1,11,11,142874.25,41,526758.5984848485,1.0,0.09943267580879472,Bronze
10217,38,100.0,5,4509.08,2004-02-04,Shipped,1,2,2004,Trucks and Buses,121,S18_4600,Handji Gifts& Co,+65 224 1555,Village Close - 106 Linden Road Sandown,2nd Floor,Singapore,,69045,Singapore,APAC,Victorino,Wendy,Medium,10217,Recent,S1,7,7,115498.73,36,94734.91337078653,0.14445278660885533,0.07072781358587162,Bronze
10259,41,100.0,13,4666.62,2004-06-15,Shipped,2,6,2004,Trucks and Buses,121,S18_4600,Handji Gifts& Co,+65 224 1555,Village Close - 106 Linden Road Sandown,2nd Floor,Singapore,,69045,Singapore,APAC,Victorino,Wendy,Medium,10217,Recent,S1,13,13,115498.73,36,94734.91337078653,0.14445278660885533,0.07072781358587162,Bronze
10270,38,100.0,3,5383.08,2004-07-19,Shipped,3,7,2004,Trucks and Buses,121,S18_4600,Souveniers And Things Co.,+61 2 9495 8555,"Monitor Money Building, 815 Pacific Hwy",Level 6,Chatswood,NSW,2067,Australia,APAC,Huxley,Adrian,Medium,10139,Growth,S1,11,11,151570.98,46,80882.175,0.14445278660885533,0.08967658031400969,Bronze
10291,48,100.0,5,5288.64,2004-09-08,Shipped,3,9,2004,Trucks and Buses,121,S18_4600,Scandinavian Gift Ideas,0695-34 6555,?kergatan 24,,Boras,,S-844 67,Sweden,EMEA,Larsson,Maria,Medium,10167,Scale,S1,14,14,134259.33,38,98402.92259036144,1.0,0.0773008431710182,Bronze
10323,47,100.0,1,6203.06,2004-11-05,Shipped,4,11,2004,Trucks and Buses,121,S18_4600,"Blauer See Auto, Co.",+49 69 66 90 2555,Lyonerstr. 34,,Frankfurt,,60528,Germany,EMEA,Keitel,Roland,Medium,10101,Early,S1,2,2,85171.59,22,46608.14145427286,1.0,0.04597909459062931,Bronze
10334,49,100.0,4,6763.47,2004-11-19,On Hold,4,11,2004,Trucks and Buses,121,S18_4600,"Volvo Model Replicas, Co",0921-12 3555,Berguvsvgen  8,,Lule,,S-958 22,Sweden,EMEA,Berglund,Christina,Medium,10112,Early,S1,6,6,75754.88,19,45552.76968698518,1.0,0.040398475567936076,Bronze
10347,45,100.0,4,5884.65,2004-11-29,Shipped,4,11,2004,Trucks and Buses,121,S18_4600,"Australian Collectors, Co.",03 9520 4555,636 St Kilda Road,Level 3,Melbourne,Victoria,3004,Australia,APAC,Ferguson,Peter,Medium,10120,Growth,S1,12,12,200995.41,55,126270.78253012049,0.14445278660885533,0.11271325808083006,Bronze
10370,29,57.53,6,1668.37,2005-01-20,Shipped,1,1,2005,Trucks and Buses,121,S18_4600,"Anna's Decorations, Ltd",02 9936 8555,201 Miller Street,Level 15,North Sydney,NSW,2060,Australia,APAC,O'Hara,Anna,Small,10148,Scale,S1,9,9,153996.13,46,102946.13086080586,0.14445278660885533,0.09107194995497356,Bronze
10425,38,100.0,13,4325.16,2005-05-31,In Process,2,5,2005,Trucks and Buses,121,S18_4600,La Rochelle Gifts,40.67.8555,"67, rue des Cinquante Otages",,Nantes,,44000,France,EMEA,Labrune,Janine,Medium,10275,Recent,S1,13,13,180124.9,53,210049.803514377,1.0,0.1091008571092068,Bronze
10103,41,47.29,9,1938.89,2003-01-29,Shipped,1,1,2003,Vintage Cars,50,S18_4668,Baane Mini Imports,07-98 9555,Erling Skakkes gate 78,,Stavern,,4110,Norway,EMEA,Bergulfsen,Jonas,Small,10103,Early,S1,16,16,116599.19,32,65778.52295208655,1.0,0.06520234066938801,Bronze
10126,43,53.83,9,2314.69,2003-05-28,Shipped,2,5,2003,Vintage Cars,50,S18_4668,"Corrida Auto Replicas, Ltd",(91) 555 22 82,"C/ Araquil, 67",,Madrid,,28023,Spain,EMEA,Sommer,Mart¡n,Small,10126,Growth,S1,17,17,120615.28,32,84016.36870229007,1.0,0.0667967122594898,Bronze
10150,30,42.76,6,1282.8,2003-09-19,Shipped,3,9,2003,Vintage Cars,50,S18_4668,"Dragon Souveniers, Ltd.",+65 221 7555,"Bronz Sok., Bronz Apt. 3/6 Tesvikiye",,Singapore,,79903,Singapore,Japan,Natividad,Eric,Small,10117,Growth,S1,11,11,172989.68,43,91908.63639010189,0.09121179679999217,0.09132888493134783,Bronze
10164,25,53.83,7,1345.75,2003-10-21,Resolved,4,10,2003,Vintage Cars,50,S18_4668,Mini Auto Werke,7675-3555,Kirchgasse 6,,Graz,,8010,Austria,EMEA,Mendel,Roland,Small,10164,Scale,S1,8,8,52263.9,15,37625.88461538462,1.0,0.030305097200400477,Bronze
10174,49,44.78,2,2194.22,2003-11-06,Shipped,4,11,2003,Vintage Cars,50,S18_4668,"Australian Gift Network, Co",61-7-3844-6555,31 Duncan St. West End,,South Brisbane,Queensland,4101,Australia,APAC,Calaghan,Tony,Small,10152,Scale,S1,5,5,59469.12,15,43674.504627766604,0.14445278660885533,0.032121457634630854,Bronze
10194,41,44.78,9,1835.98,2003-11-25,Shipped,4,11,2003,Vintage Cars,50,S18_4668,"Saveley & Henriot, Co.",78.32.5555,"2, rue du Commerce",,Lyon,,69004,France,EMEA,Saveley,Mary,Small,10194,Scale,S1,11,11,142874.25,41,526758.5984848485,1.0,0.09943267580879472,Bronze
10258,21,59.87,4,1257.27,2004-06-15,Shipped,2,6,2004,Vintage Cars,50,S18_4668,"Tokyo Collectables, Ltd",+81 3 3584 0555,2-2-8 Roppongi,,Minato-ku,Tokyo,106-0032,Japan,Japan,Shimamura,Akiko,Small,10258,Recent,S1,6,6,120562.74,32,141042.94903846155,0.09121179679999217,0.06901754192631648,Bronze
10270,44,58.36,7,2567.84,2004-07-19,Shipped,3,7,2004,Vintage Cars,50,S18_4668,Souveniers And Things Co.,+61 2 9495 8555,"Monitor Money Building, 815 Pacific Hwy",Level 6,Chatswood,NSW,2067,Australia,APAC,Huxley,Adrian,Small,10139,Growth,S1,11,11,151570.98,46,80882.175,0.14445278660885533,0.08967658031400969,Bronze
10291,29,51.82,9,1502.78,2004-09-08,Shipped,3,9,2004,Vintage Cars,50,S18_4668,Scandinavian Gift Ideas,0695-34 6555,?kergatan 24,,Boras,,S-844 67,Sweden,EMEA,Larsson,Maria,Small,10167,Scale,S1,14,14,134259.33,38,98402.92259036144,1.0,0.0773008431710182,Bronze
10304,34,49.3,4,1676.2,2004-10-11,Shipped,4,10,2004,Vintage Cars,50,S18_4668,Auto Assoc. & Cie.,30.59.8555,"67, avenue de l'Europe",,Versailles,,78000,France,EMEA,Tonini,Daniel,Small,10216,Recent,S1,17,17,64834.32,18,93535.67905138338,1.0,0.03872441348619289,Bronze
10348,29,100.0,6,7110.8,2004-11-01,Shipped,4,11,2004,Vintage Cars,50,S18_4668,"Corrida Auto Replicas, Ltd",(91) 555 22 82,"C/ Araquil, 67",,Madrid,,28023,Spain,EMEA,Sommer,Mart¡n,Large,10126,Growth,S1,8,8,120615.28,32,84016.36870229007,1.0,0.0667967122594898,Bronze
10358,30,100.0,8,5302.8,2004-12-10,Shipped,4,12,2004,Vintage Cars,50,S18_4668,Euro Shopping Channel,(91) 555 94 44,"C/ Moralzarzal, 86",,Madrid,,28034,Spain,EMEA,Freyre,Diego,Medium,10104,Early,S1,14,14,912294.11,259,390830.2231807512,1.0,0.5152993396387399,Gold
10370,20,100.0,2,2730.0,2005-01-20,Shipped,1,1,2005,Vintage Cars,50,S18_4668,"Anna's Decorations, Ltd",02 9936 8555,201 Miller Street,Level 15,North Sydney,NSW,2060,Australia,APAC,O'Hara,Anna,Small,10148,Scale,S1,9,9,153996.13,46,102946.13086080586,0.14445278660885533,0.09107194995497356,Bronze
10424,26,59.87,4,1556.62,2005-05-31,In Process,2,5,2005,Vintage Cars,50,S18_4668,Euro Shopping Channel,(91) 555 94 44,"C/ Moralzarzal, 86",,Madrid,,28034,Spain,EMEA,Freyre,Diego,Small,10104,Early,S1,6,6,912294.11,259,390830.2231807512,1.0,0.5152993396387399,Gold
10108,44,100.0,11,5565.12,2003-03-03,Shipped,1,3,2003,Classic Cars,148,S18_4721,Cruz & Sons Co.,+63 2 555 3587,15 McCallum Street - NatWest Center #13-03,,Makati City,,1227 MM,Philippines,Japan,Cruz,Arnold,Medium,10108,Early,S1,16,16,94015.73,26,54905.18631999999,0.09121179679999217,0.052875972332028814,Bronze
10122,28,100.0,15,3583.16,2003-05-08,Shipped,2,5,2003,Classic Cars,148,S18_4721,Marseille Mini Autos,91.24.4555,"12, rue des Bouchers",,Marseille,,13008,France,EMEA,Lebihan,Laurence,Medium,10122,Growth,S1,17,17,74936.14,25,44838.83786885246,1.0,0.0471408447640282,Bronze
10169,33,100.0,7,4910.4,2003-11-04,Shipped,4,11,2003,Classic Cars,148,S18_4721,"Anna's Decorations, Ltd",02 9936 8555,201 Miller Street,Level 15,North Sydney,NSW,2060,Australia,APAC,O'Hara,Anna,Medium,10148,Scale,S1,13,13,153996.13,46,102946.13086080586,0.14445278660885533,0.09107194995497356,Bronze
10180,44,100.0,2,5565.12,2003-11-11,Shipped,4,11,2003,Classic Cars,148,S18_4721,Daedalus Designs Imports,20.16.1555,"184, chausse de Tournai",,Lille,,59000,France,EMEA,Rance,Martine,Medium,10180,Scale,S1,14,14,69052.41,20,244700.2878640777,1.0,0.047883188318364044,Bronze
10191,32,100.0,8,4237.76,2003-11-20,Shipped,4,11,2003,Classic Cars,148,S18_4721,"Toms Spezialitten, Ltd",0221-5554327,Mehrheimerstr. 369,,Koln,,50739,Germany,EMEA,Pfalzheim,Henriette,Medium,10191,Scale,S1,9,9,100306.58,26,110276.8123493976,1.0,0.05642266341239877,Bronze
10211,41,100.0,7,5673.58,2004-01-15,Shipped,1,1,2004,Classic Cars,148,S18_4721,Auto Canal Petit,(1) 47.55.6555,"25, rue Lauriston",,Paris,,75016,France,EMEA,Perrier,Dominique,Medium,10211,Recent,S1,15,15,93170.66,27,75740.06881959911,1.0,0.054664607831659315,Bronze
10225,35,100.0,14,5260.15,2004-02-22,Shipped,1,2,2004,Classic Cars,148,S18_4721,"Vida Sport, Ltd",0897-034555,Grenzacherweg 237,,Gensve,,1203,Switzerland,EMEA,Holz,Michael,Medium,10225,Recent,S1,14,14,117713.56,31,224949.99685863874,1.0,0.07051922579065513,Bronze
10238,44,100.0,8,6350.96,2004-04-09,Shipped,2,4,2004,Classic Cars,148,S18_4721,Danish Wholesale Imports,31 12 3555,Vinb'ltet 34,,Kobenhavn,,1734,Denmark,EMEA,Petersen,Jytte,Medium,10105,Early,S1,8,8,145041.6,36,66591.42641509433,1.0,0.07610272679186011,Bronze
10252,26,100.0,4,3559.4,2004-05-26,Shipped,2,5,2004,Classic Cars,148,S18_4721,Auto Canal Petit,(1) 47.55.6555,"25, rue Lauriston",,Paris,,75016,France,EMEA,Perrier,Dominique,Medium,10211,Recent,S1,9,9,93170.66,27,75740.06881959911,1.0,0.054664607831659315,Bronze
10287,34,100.0,17,4300.32,2004-08-30,Shipped,3,8,2004,Classic Cars,148,S18_4721,"Vida Sport, Ltd",0897-034555,Grenzacherweg 237,,Gensve,,1203,Switzerland,EMEA,Holz,Michael,Medium,10225,Recent,S1,17,17,117713.56,31,224949.99685863874,1.0,0.07051922579065513,Bronze
10299,49,100.0,2,7947.31,2004-09-30,Shipped,3,9,2004,Classic Cars,148,S18_4721,"Toys of Finland, Co.",90-224 8555,Keskuskatu 45,,Helsinki,,21240,Finland,EMEA,Karttunen,Matti,Large,10155,Scale,S1,11,11,111250.38,30,82365.9,1.0,0.06236245706238509,Bronze
10310,40,100.0,15,5356.8,2004-10-16,Shipped,4,10,2004,Classic Cars,148,S18_4721,"Toms Spezialitten, Ltd",0221-5554327,Mehrheimerstr. 369,,Koln,,50739,Germany,EMEA,Pfalzheim,Henriette,Medium,10191,Scale,S1,17,17,100306.58,26,110276.8123493976,1.0,0.05642266341239877,Bronze
10330,50,100.0,4,6101.0,2004-11-16,Shipped,4,11,2004,Classic Cars,148,S18_4721,Cruz & Sons Co.,+63 2 555 3587,15 McCallum Street - NatWest Center #13-03,,Makati City,,1227 MM,Philippines,Japan,Cruz,Arnold,Medium,10108,Early,S1,4,4,94015.73,26,54905.18631999999,0.09121179679999217,0.052875972332028814,Bronze
10342,38,100.0,11,6276.46,2004-11-24,Shipped,4,11,2004,Classic Cars,148,S18_4721,"Australian Collectors, Co.",03 9520 4555,636 St Kilda Road,Level 3,Melbourne,Victoria,3004,Australia,APAC,Ferguson,Peter,Medium,10120,Growth,S1,11,11,200995.41,55,126270.78253012049,0.14445278660885533,0.11271325808083006,Bronze
10355,25,100.0,2,4203.5,2004-12-07,Shipped,4,12,2004,Classic Cars,148,S18_4721,Euro Shopping Channel,(91) 555 94 44,"C/ Moralzarzal, 86",,Madrid,,28034,Spain,EMEA,Freyre,Diego,Medium,10104,Early,S1,10,10,912294.11,259,390830.2231807512,1.0,0.5152993396387399,Gold
10363,28,58.18,13,1629.04,2005-01-06,Shipped,1,1,2005,Classic Cars,148,S18_4721,Suominen Souveniers,+358 9 8045 555,"Software Engineering Center, SEC Oy",,Espoo,,FIN-02271,Finland,EMEA,Suominen,Kalle,Small,10141,Growth,S1,15,15,113961.15,30,79230.13285714285,1.0,0.06283398058431945,Bronze
10378,49,67.14,8,3289.86,2005-02-10,Shipped,1,2,2005,Classic Cars,148,S18_4721,Euro Shopping Channel,(91) 555 94 44,"C/ Moralzarzal, 86",,Madrid,,28034,Spain,EMEA,Freyre,Diego,Medium,10104,Early,S1,10,10,912294.11,259,390830.2231807512,1.0,0.5152993396387399,Gold
10110,42,61.29,9,2574.18,2003-03-18,Shipped,1,3,2003,Classic Cars,71,S18_4933,"AV Stores, Co.",(171) 555-1555,Fauntleroy Circus,,Manchester,,EC2 5NT,UK,EMEA,Ashworth,Victoria,Small,10110,Early,S1,16,16,157807.81,51,94271.44132569559,1.0,0.09735950383251968,Bronze
10148,29,81.25,2,2356.25,2003-09-11,Shipped,3,9,2003,Classic Cars,71,S18_4933,"Anna's Decorations, Ltd",02 9936 8555,201 Miller Street,Level 15,North Sydney,NSW,2060,Australia,APAC,O'Hara,Anna,Small,10148,Scale,S1,14,14,153996.13,46,102946.13086080586,0.14445278660885533,0.09107194995497356,Bronze
10161,25,80.54,1,2013.5,2003-10-17,Shipped,4,10,2003,Classic Cars,71,S18_4933,Heintze Collectables,86 21 3555,Smagsloget 45,,Aaarhus,,8200,Denmark,EMEA,Ibsen,Palle,Small,10161,Scale,S1,12,12,100595.55,27,98702.62298387097,1.0,0.05719123450775858,Bronze
10173,39,71.98,15,2807.22,2003-11-05,Shipped,4,11,2003,Classic Cars,71,S18_4933,Rovelli Gifts,035-640555,Via Ludovico il Moro 22,,Bergamo,,24100,Italy,EMEA,Rovelli,Giovanni,Small,10106,Early,S1,16,16,137955.72,48,79297.38236220472,1.0,0.08894630469124336,Bronze
10193,25,76.26,16,1906.5,2003-11-21,Shipped,4,11,2003,Classic Cars,71,S18_4933,"Australian Collectables, Ltd",61-9-3844-6555,7 Allen Street,,Glen Waverly,Victoria,3150,Australia,APAC,Connery,Sean,Small,10193,Scale,S1,16,16,64591.46,23,43984.856156716414,0.14445278660885533,0.042522973876149284,Bronze
10213,25,83.39,2,2084.75,2004-01-22,Shipped,1,1,2004,Classic Cars,71,S18_4933,"Double Decker Gift Stores, Ltd",(171) 555-7555,120 Hanover Sq.,,London,,WA1 1DP,UK,EMEA,Hardy,Thomas,Small,10186,Scale,S1,3,3,36019.04,12,187813.5657142857,1.0,0.02914808134381495,Bronze
10227,37,57.73,12,2136.01,2004-03-02,Shipped,1,3,2004,Classic Cars,71,S18_4933,"Saveley & Henriot, Co.",78.32.5555,"2, rue du Commerce",,Lyon,,69004,France,EMEA,Saveley,Mary,Small,10194,Scale,S1,15,15,142874.25,41,526758.5984848485,1.0,0.09943267580879472,Bronze
10241,30,66.99,4,2009.7,2004-04-13,Shipped,2,4,2004,Classic Cars,71,S18_4933,Mini Caravy,88.60.1555,"24, place Kluber",,Strasbourg,,67000,France,EMEA,Citeaux,Frederique,Small,10241,Recent,S1,12,12,80438.48,19,80000.12316076295,1.0,0.0427737169683917,Bronze
10279,26,60.58,1,1575.08,2004-08-09,Shipped,3,8,2004,Classic Cars,71,S18_4933,Euro Shopping Channel,(91) 555 94 44,"C/ Moralzarzal, 86",,Madrid,,28034,Spain,EMEA,Freyre,Diego,Small,10104,Early,S1,6,6,912294.11,259,390830.2231807512,1.0,0.5152993396387399,Gold
10288,23,73.41,7,1688.43,2004-09-01,Shipped,3,9,2004,Classic Cars,71,S18_4933,Handji Gifts& Co,+65 224 1555,Village Close - 106 Linden Road Sandown,2nd Floor,Singapore,,69045,Singapore,APAC,Victorino,Wendy,Small,10217,Recent,S1,14,14,115498.73,36,94734.91337078653,0.14445278660885533,0.07072781358587162,Bronze
10302,23,72.7,3,1672.1,2003-10-06,Shipped,4,10,2003,Classic Cars,71,S18_4933,"UK Collectables, Ltd.",(171) 555-2282,Berkeley Gardens 12  Brewery,,Liverpool,,WX1 6LT,UK,EMEA,Devon,Elizabeth,Small,10253,Recent,S1,6,6,118008.27,29,78172.44745916517,1.0,0.06252151573536294,Bronze
10311,25,66.99,2,1674.75,2004-10-16,Shipped,4,10,2004,Classic Cars,71,S18_4933,Euro Shopping Channel,(91) 555 94 44,"C/ Moralzarzal, 86",,Madrid,,28034,Spain,EMEA,Freyre,Diego,Small,10104,Early,S1,11,11,912294.11,259,390830.2231807512,1.0,0.5152993396387399,Gold
10332,21,100.0,3,3472.98,2004-11-17,Shipped,4,11,2004,Classic Cars,71,S18_4933,"AV Stores, Co.",(171) 555-1555,Fauntleroy Circus,,Manchester,,EC2 5NT,UK,EMEA,Ashworth,Victoria,Medium,10110,Early,S1,18,18,157807.81,51,94271.44132569559,1.0,0.09735950383251968,Bronze
10344,26,63.43,5,1649.18,2004-11-25,Shipped,4,11,2004,Classic Cars,71,S18_4933,Marseille Mini Autos,91.24.4555,"12, rue des Bouchers",,Marseille,,13008,France,EMEA,Lebihan,Laurence,Small,10122,Growth,S1,7,7,74936.14,25,44838.83786885246,1.0,0.0471408447640282,Bronze
10380,24,100.0,2,4536.0,2005-02-16,Shipped,1,2,2005,Classic Cars,71,S18_4933,Euro Shopping Channel,(91) 555 94 44,"C/ Moralzarzal, 86",,Madrid,,28034,Spain,EMEA,Freyre,Diego,Medium,10104,Early,S1,13,13,912294.11,259,390830.2231807512,1.0,0.5152993396387399,Gold
10420,36,57.73,7,2078.28,2005-05-29,In Process,2,5,2005,Classic Cars,71,S18_4933,Souveniers And Things Co.,+61 2 9495 8555,"Monitor Money Building, 815 Pacific Hwy",Level 6,Chatswood,NSW,2067,Australia,APAC,Huxley,Adrian,Small,10139,Growth,S1,13,13,151570.98,46,80882.175,0.14445278660885533,0.08967658031400969,Bronze
10110,36,85.25,13,3069.0,2003-03-18,Shipped,1,3,2003,Classic Cars,73,S24_1046,"AV Stores, Co.",(171) 555-1555,Fauntleroy Circus,,Manchester,,EC2 5NT,UK,EMEA,Ashworth,Victoria,Medium,10110,Early,S2,16,16,157807.81,51,94271.44132569559,1.0,0.09735950383251968,Bronze
10148,25,60.26,6,1506.5,2003-09-11,Shipped,3,9,2003,Classic Cars,73,S24_1046,"Anna's Decorations, Ltd",02 9936 8555,201 Miller Street,Level 15,North Sydney,NSW,2060,Australia,APAC,O'Hara,Anna,Small,10148,Scale,S2,14,14,153996.13,46,102946.13086080586,0.14445278660885533,0.09107194995497356,Bronze
10161,37,72.76,5,2692.12,2003-10-17,Shipped,4,10,2003,Classic Cars,73,S24_1046,Heintze Collectables,86 21 3555,Smagsloget 45,,Aaarhus,,8200,Denmark,EMEA,Ibsen,Palle,Small,10161,Scale,S2,12,12,100595.55,27,98702.62298387097,1.0,0.05719123450775858,Bronze
10212,41,82.31,3,3374.71,2004-01-16,Shipped,1,1,2004,Classic Cars,73,S24_1046,Euro Shopping Channel,(91) 555 94 44,"C/ Moralzarzal, 86",,Madrid,,28034,Spain,EMEA,Freyre,Diego,Medium,10104,Early,S2,16,16,912294.11,259,390830.2231807512,1.0,0.5152993396387399,Gold
10241,22,76.43,8,1681.46,2004-04-13,Shipped,2,4,2004,Classic Cars,73,S24_1046,Mini Caravy,88.60.1555,"24, place Kluber",,Strasbourg,,67000,France,EMEA,Citeaux,Frederique,Small,10241,Recent,S2,12,12,80438.48,19,80000.12316076295,1.0,0.0427737169683917,Bronze
10279,32,74.96,5,2398.72,2004-08-09,Shipped,3,8,2004,Classic Cars,73,S24_1046,Euro Shopping Channel,(91) 555 94 44,"C/ Moralzarzal, 86",,Madrid,,28034,Spain,EMEA,Freyre,Diego,Small,10104,Early,S2,6,6,912294.11,259,390830.2231807512,1.0,0.5152993396387399,Gold
10288,36,66.14,11,2381.04,2004-09-01,Shipped,3,9,2004,Classic Cars,73,S24_1046,Handji Gifts& Co,+65 224 1555,Village Close - 106 Linden Road Sandown,2nd Floor,Singapore,,69045,Singapore,APAC,Victorino,Wendy,Small,10217,Recent,S2,14,14,115498.73,36,94734.91337078653,0.14445278660885533,0.07072781358587162,Bronze
10301,27,72.02,1,1944.54,2003-10-05,Shipped,4,10,2003,Classic Cars,73,S24_1046,"Norway Gifts By Mail, Co.",+47 2212 1555,"Drammensveien 126 A, PB 744 Sentrum",,Oslo,,N 0106,Norway,EMEA,Klaeboe,Jan,Small,10284,Recent,S2,11,11,79224.23,24,89803.86319875775,1.0,0.04868280040290712,Bronze
10311,26,87.45,6,2273.7,2004-10-16,Shipped,4,10,2004,Classic Cars,73,S24_1046,Euro Shopping Channel,(91) 555 94 44,"C/ Moralzarzal, 86",,Madrid,,28034,Spain,EMEA,Freyre,Diego,Small,10104,Early,S2,11,11,912294.11,259,390830.2231807512,1.0,0.5152993396387399,Gold
10332,23,56.84,4,1307.32,2004-11-17,Shipped,4,11,2004,Classic Cars,73,S24_1046,"AV Stores, Co.",(171) 555-1555,Fauntleroy Circus,,Manchester,,EC2 5NT,UK,EMEA,Ashworth,Victoria,Small,10110,Early,S2,18,18,157807.81,51,94271.44132569559,1.0,0.09735950383251968,Bronze
10344,29,59.53,7,1726.37,2004-11-25,Shipped,4,11,2004,Classic Cars,73,S24_1046,Marseille Mini Autos,91.24.4555,"12, rue des Bouchers",,Marseille,,13008,France,EMEA,Lebihan,Laurence,Small,10122,Growth,S2,7,7,74936.14,25,44838.83786885246,1.0,0.0471408447640282,Bronze
10380,34,100.0,3,3441.82,2005-02-16,Shipped,1,2,2005,Classic Cars,73,S24_1046,Euro Shopping Channel,(91) 555 94 44,"C/ Moralzarzal, 86",,Madrid,,28034,Spain,EMEA,Freyre,Diego,Medium,10104,Early,S2,13,13,912294.11,259,390830.2231807512,1.0,0.5152993396387399,Gold
10420,60,64.67,11,3880.2,2005-05-29,In Process,2,5,2005,Classic Cars,73,S24_1046,Souveniers And Things Co.,+61 2 9495 8555,"Monitor Money Building, 815 Pacific Hwy",Level 6,Chatswood,NSW,2067,Australia,APAC,Huxley,Adrian,Medium,10139,Growth,S2,13,13,151570.98,46,80882.175,0.14445278660885533,0.08967658031400969,Bronze
10104,35,55.49,6,1942.15,2003-01-31,Shipped,1,1,2003,Classic Cars,57,S24_1444,Euro Shopping Channel,(91) 555 94 44,"C/ Moralzarzal, 86",,Madrid,,28034,Spain,EMEA,Freyre,Diego,Small,10104,Early,S2,13,13,912294.11,259,390830.2231807512,1.0,0.5152993396387399,Gold
10141,20,54.33,2,1086.6,2003-08-01,Shipped,3,8,2003,Classic Cars,57,S24_1444,Suominen Souveniers,+358 9 8045 555,"Software Engineering Center, SEC Oy",,Espoo,,FIN-02271,Finland,EMEA,Suominen,Kalle,Small,10141,Growth,S2,9,9,113961.15,30,79230.13285714285,1.0,0.06283398058431945,Bronze
10152,25,65.31,4,1632.75,2003-09-25,Shipped,3,9,2003,Classic Cars,57,S24_1444,"Australian Gift Network, Co",61-7-3844-6555,31 Duncan St. West End,,South Brisbane,Queensland,4101,Australia,APAC,Calaghan,Tony,Small,10152,Scale,S2,4,4,59469.12,15,43674.504627766604,0.14445278660885533,0.032121457634630854,Bronze
10165,25,69.36,9,1734.0,2003-10-22,Shipped,4,10,2003,Classic Cars,57,S24_1444,"Dragon Souveniers, Ltd.",+65 221 7555,"Bronz Sok., Bronz Apt. 3/6 Tesvikiye",,Singapore,,79903,Singapore,Japan,Natividad,Eric,Small,10117,Growth,S2,18,18,172989.68,43,91908.63639010189,0.09121179679999217,0.09132888493134783,Bronze
10176,27,68.78,8,1857.06,2003-11-06,Shipped,4,11,2003,Classic Cars,57,S24_1444,L'ordine Souveniers,0522-556555,Strada Provinciale 124,,Reggio Emilia,,42100,Italy,EMEA,Moroni,Maurizio,Small,10176,Scale,S2,10,10,142601.33,39,94292.54610507246,1.0,0.08012703678424364,Bronze
10184,31,60.11,3,1863.41,2003-11-14,Shipped,4,11,2003,Classic Cars,57,S24_1444,"Iberia Gift Imports, Corp.",(95) 555 82 82,"C/ Romero, 33",,Sevilla,,41101,Spain,EMEA,Roel,Jose Pedro,Small,10184,Scale,S2,13,13,54723.62,15,60896.711280487805,1.0,0.031755289392518975,Bronze
10220,26,56.07,8,1457.82,2004-02-12,Shipped,1,2,2004,Classic Cars,57,S24_1444,"Clover Collections, Co.",+353 1862 1555,25 Maiden Lane,Floor No. 4,Dublin,,2,Ireland,EMEA,Cassidy,Dean,Small,10220,Recent,S2,9,9,57756.43,16,96702.27958715596,1.0,0.03498010163810477,Bronze
10230,36,54.33,6,1955.88,2004-03-15,Shipped,1,3,2004,Classic Cars,57,S24_1444,"Blauer See Auto, Co.",+49 69 66 90 2555,Lyonerstr. 34,,Frankfurt,,60528,Germany,EMEA,Keitel,Roland,Small,10101,Early,S2,8,8,85171.59,22,46608.14145427286,1.0,0.04597909459062931,Bronze
10246,44,52.6,2,2314.4,2004-05-05,Shipped,2,5,2004,Classic Cars,57,S24_1444,Euro Shopping Channel,(91) 555 94 44,"C/ Moralzarzal, 86",,Madrid,,28034,Spain,EMEA,Freyre,Diego,Small,10104,Early,S2,11,11,912294.11,259,390830.2231807512,1.0,0.5152993396387399,Gold
10259,28,46.82,1,1310.96,2004-06-15,Shipped,2,6,2004,Classic Cars,57,S24_1444,Handji Gifts& Co,+65 224 1555,Village Close - 106 Linden Road Sandown,2nd Floor,Singapore,,69045,Singapore,APAC,Victorino,Wendy,Small,10217,Recent,S2,13,13,115498.73,36,94734.91337078653,0.14445278660885533,0.07072781358587162,Bronze
10314,44,53.18,11,2339.92,2004-10-22,Shipped,4,10,2004,Classic Cars,57,S24_1444,Heintze Collectables,86 21 3555,Smagsloget 45,,Aaarhus,,8200,Denmark,EMEA,Ibsen,Palle,Small,10161,Scale,S2,15,15,100595.55,27,98702.62298387097,1.0,0.05719123450775858,Bronze
10336,45,100.0,4,5972.4,2004-11-20,Shipped,4,11,2004,Classic Cars,57,S24_1444,"La Corne D'abondance, Co.",(1) 42.34.2555,"265, boulevard Charonne",,Paris,,75012,France,EMEA,Bertrand,Marie,Medium,10114,Growth,S2,12,12,97203.68,23,59132.23866666666,1.0,0.0502654264226107,Bronze
10358,44,60.76,14,2673.44,2004-12-10,Shipped,4,12,2004,Classic Cars,57,S24_1444,Euro Shopping Channel,(91) 555 94 44,"C/ Moralzarzal, 86",,Madrid,,28034,Spain,EMEA,Freyre,Diego,Small,10104,Early,S2,14,14,912294.11,259,390830.2231807512,1.0,0.5152993396387399,Gold
10383,22,91.76,2,2018.72,2005-02-22,Shipped,1,2,2005,Classic Cars,57,S24_1444,Euro Shopping Channel,(91) 555 94 44,"C/ Moralzarzal, 86",,Madrid,,28034,Spain,EMEA,Freyre,Diego,Small,10104,Early,S2,13,13,912294.11,259,390830.2231807512,1.0,0.5152993396387399,Gold
10394,31,50.29,2,1558.99,2005-03-15,Shipped,1,3,2005,Classic Cars,57,S24_1444,Euro Shopping Channel,(91) 555 94 44,"C/ Moralzarzal, 86",,Madrid,,28034,Spain,EMEA,Freyre,Diego,Small,10104,Early,S2,7,7,912294.11,259,390830.2231807512,1.0,0.5152993396387399,Gold
10412,21,52.6,2,1104.6,2005-05-03,Shipped,2,5,2005,Classic Cars,57,S24_1444,Euro Shopping Channel,(91) 555 94 44,"C/ Moralzarzal, 86",,Madrid,,28034,Spain,EMEA,Freyre,Diego,Small,10104,Early,S2,11,11,912294.11,259,390830.2231807512,1.0,0.5152993396387399,Gold
10425,55,46.82,1,2575.1,2005-05-31,In Process,2,5,2005,Classic Cars,57,S24_1444,La Rochelle Gifts,40.67.8555,"67, rue des Cinquante Otages",,Nantes,,44000,France,EMEA,Labrune,Janine,Small,10275,Recent,S2,13,13,180124.9,53,210049.803514377,1.0,0.1091008571092068,Bronze
10120,35,98.05,1,3431.75,2003-04-29,Shipped,2,4,2003,Motorcycles,112,S24_1578,"Australian Collectors, Co.",03 9520 4555,636 St Kilda Road,Level 3,Melbourne,Victoria,3004,Australia,APAC,Ferguson,Peter,Medium,10120,Growth,S2,15,15,200995.41,55,126270.78253012049,0.14445278660885533,0.11271325808083006,Bronze
10134,35,93.54,3,3273.9,2003-07-01,Shipped,3,7,2003,Motorcycles,112,S24_1578,Lyon Souveniers,+33 1 46 62 7555,27 rue du Colonel Pierre Avia,,Paris,,75508,France,EMEA,Da Cunha,Daniel,Medium,10134,Growth,S2,7,7,78570.34,20,45811.77971246006,1.0,0.042184142256092155,Bronze
10180,48,100.0,10,5355.36,2003-11-11,Shipped,4,11,2003,Motorcycles,112,S24_1578,Daedalus Designs Imports,20.16.1555,"184, chausse de Tournai",,Lille,,59000,France,EMEA,Rance,Martine,Medium,10180,Scale,S2,14,14,69052.41,20,244700.2878640777,1.0,0.047883188318364044,Bronze
10188,25,100.0,2,2535.75,2003-11-18,Shipped,4,11,2003,Motorcycles,112,S24_1578,Herkku Gifts,+47 2267 3215,"Drammen 121, PR 744 Sentrum",,Bergen,,N 5804,Norway,EMEA,Oeztan,Veysel,Small,10181,Scale,S2,8,8,111640.28,29,137201.01750841748,1.0,0.06343619416528738,Bronze
10211,25,90.16,15,2254.0,2004-01-15,Shipped,1,1,2004,Motorcycles,112,S24_1578,Auto Canal Petit,(1) 47.55.6555,"25, rue Lauriston",,Paris,,75016,France,EMEA,Perrier,Dominique,Small,10211,Recent,S2,15,15,93170.66,27,75740.06881959911,1.0,0.054664607831659315,Bronze
10223,32,91.29,2,2921.28,2004-02-20,Shipped,1,2,2004,Motorcycles,112,S24_1578,"Australian Collectors, Co.",03 9520 4555,636 St Kilda Road,Level 3,Melbourne,Victoria,3004,Australia,APAC,Ferguson,Peter,Small,10120,Growth,S2,15,15,200995.41,55,126270.78253012049,0.14445278660885533,0.11271325808083006,Bronze
10275,21,100.0,2,2153.76,2004-07-23,Shipped,3,7,2004,Motorcycles,112,S24_1578,La Rochelle Gifts,40.67.8555,"67, rue des Cinquante Otages",,Nantes,,44000,France,EMEA,Labrune,Janine,Small,10275,Recent,S2,18,18,180124.9,53,210049.803514377,1.0,0.1091008571092068,Bronze
10299,47,100.0,10,5455.76,2004-09-30,Shipped,3,9,2004,Motorcycles,112,S24_1578,"Toys of Finland, Co.",90-224 8555,Keskuskatu 45,,Helsinki,,21240,Finland,EMEA,Karttunen,Matti,Medium,10155,Scale,S2,11,11,111250.38,30,82365.9,1.0,0.06236245706238509,Bronze
10309,21,100.0,6,2650.62,2004-10-15,Shipped,4,10,2004,Motorcycles,112,S24_1578,Baane Mini Imports,07-98 9555,Erling Skakkes gate 78,,Stavern,,4110,Norway,EMEA,Bergulfsen,Jonas,Small,10103,Early,S2,6,6,116599.19,32,65778.52295208655,1.0,0.06520234066938801,Bronze
10339,27,84.39,10,2278.53,2004-11-23,Shipped,4,11,2004,Motorcycles,112,S24_1578,"Tokyo Collectables, Ltd",+81 3 3584 0555,2-2-8 Roppongi,,Minato-ku,Tokyo,106-0032,Japan,Japan,Shimamura,Akiko,Small,10258,Recent,S2,16,16,120562.74,32,141042.94903846155,0.09121179679999217,0.06901754192631648,Bronze
10374,38,100.0,6,4197.1,2005-02-02,Shipped,1,2,2005,Motorcycles,112,S24_1578,"Australian Gift Network, Co",61-7-3844-6555,31 Duncan St. West End,,South Brisbane,Queensland,4101,Australia,APAC,Calaghan,Tony,Medium,10152,Scale,S2,6,6,59469.12,15,43674.504627766604,0.14445278660885533,0.032121457634630854,Bronze
10389,45,100.0,1,4597.65,2005-03-03,Shipped,1,3,2005,Motorcycles,112,S24_1578,Scandinavian Gift Ideas,0695-34 6555,?kergatan 24,,Boras,,S-844 67,Sweden,EMEA,Larsson,Maria,Medium,10167,Scale,S2,8,8,134259.33,38,98402.92259036144,1.0,0.0773008431710182,Bronze
10403,46,100.0,8,5287.7,2005-04-08,Shipped,2,4,2005,Motorcycles,112,S24_1578,"UK Collectables, Ltd.",(171) 555-2282,Berkeley Gardens 12  Brewery,,Liverpool,,WX1 6LT,UK,EMEA,Devon,Elizabeth,Medium,10253,Recent,S2,9,9,118008.27,29,78172.44745916517,1.0,0.06252151573536294,Bronze
10417,35,100.0,3,3550.05,2005-05-13,Disputed,2,5,2005,Motorcycles,112,S24_1578,Euro Shopping Channel,(91) 555 94 44,"C/ Moralzarzal, 86",,Madrid,,28034,Spain,EMEA,Freyre,Diego,Medium,10104,Early,S2,6,6,912294.11,259,390830.2231807512,1.0,0.5152993396387399,Gold
10110,29,59.37,15,1721.73,2003-03-18,Shipped,1,3,2003,Classic Cars,50,S24_1628,"AV Stores, Co.",(171) 555-1555,Fauntleroy Circus,,Manchester,,EC2 5NT,UK,EMEA,Ashworth,Victoria,Small,10110,Early,S2,16,16,157807.81,51,94271.44132569559,1.0,0.09735950383251968,Bronze
10123,50,59.87,1,2993.5,2003-05-20,Shipped,2,5,2003,Classic Cars,50,S24_1628,Atelier graphique,40.32.2555,"54, rue Royale",,Nantes,,44000,France,EMEA,Schmitt,Carine,Small,10123,Growth,S2,4,4,24179.96,7,15873.534892086329,1.0,0.014030402752811649,Bronze
10137,26,49.81,1,1295.06,2003-07-10,Shipped,3,7,2003,Classic Cars,50,S24_1628,Reims Collectables,26.47.1555,59 rue de l'Abbaye,,Reims,,51100,France,EMEA,Henriot,Paul,Small,10121,Growth,S2,4,4,135042.94,41,71024.02463976944,1.0,0.07987576822974221,Bronze
10148,47,56.85,8,2671.95,2003-09-11,Shipped,3,9,2003,Classic Cars,50,S24_1628,"Anna's Decorations, Ltd",02 9936 8555,201 Miller Street,Level 15,North Sydney,NSW,2060,Australia,APAC,O'Hara,Anna,Small,10148,Scale,S2,14,14,153996.13,46,102946.13086080586,0.14445278660885533,0.09107194995497356,Bronze
10161,23,53.33,7,1226.59,2003-10-17,Shipped,4,10,2003,Classic Cars,50,S24_1628,Heintze Collectables,86 21 3555,Smagsloget 45,,Aaarhus,,8200,Denmark,EMEA,Ibsen,Palle,Small,10161,Scale,S2,12,12,100595.55,27,98702.62298387097,1.0,0.05719123450775858,Bronze
10181,34,53.83,1,1830.22,2003-11-12,Shipped,4,11,2003,Classic Cars,50,S24_1628,Herkku Gifts,+47 2267 3215,"Drammen 121, PR 744 Sentrum",,Bergen,,N 5804,Norway,EMEA,Oeztan,Veysel,Small,10181,Scale,S2,17,17,111640.28,29,137201.01750841748,1.0,0.06343619416528738,Bronze
10212,45,53.33,5,2399.85,2004-01-16,Shipped,1,1,2004,Classic Cars,50,S24_1628,Euro Shopping Channel,(91) 555 94 44,"C/ Moralzarzal, 86",,Madrid,,28034,Spain,EMEA,Freyre,Diego,Small,10104,Early,S2,16,16,912294.11,259,390830.2231807512,1.0,0.5152993396387399,Gold
10241,21,40.25,10,845.25,2004-04-13,Shipped,2,4,2004,Classic Cars,50,S24_1628,Mini Caravy,88.60.1555,"24, place Kluber",,Strasbourg,,67000,France,EMEA,Citeaux,Frederique,Small,10241,Recent,S2,12,12,80438.48,19,80000.12316076295,1.0,0.0427737169683917,Bronze
10266,28,48.3,1,1352.4,2004-07-06,Shipped,3,7,2004,Classic Cars,50,S24_1628,L'ordine Souveniers,0522-556555,Strada Provinciale 124,,Reggio Emilia,,42100,Italy,EMEA,Moroni,Maurizio,Small,10176,Scale,S2,15,15,142601.33,39,94292.54610507246,1.0,0.08012703678424364,Bronze
10288,50,52.32,13,2616.0,2004-09-01,Shipped,3,9,2004,Classic Cars,50,S24_1628,Handji Gifts& Co,+65 224 1555,Village Close - 106 Linden Road Sandown,2nd Floor,Singapore,,69045,Singapore,APAC,Victorino,Wendy,Small,10217,Recent,S2,14,14,115498.73,36,94734.91337078653,0.14445278660885533,0.07072781358587162,Bronze
10301,22,51.32,3,1129.04,2003-10-05,Shipped,4,10,2003,Classic Cars,50,S24_1628,"Norway Gifts By Mail, Co.",+47 2212 1555,"Drammensveien 126 A, PB 744 Sentrum",,Oslo,,N 0106,Norway,EMEA,Klaeboe,Jan,Small,10284,Recent,S2,11,11,79224.23,24,89803.86319875775,1.0,0.04868280040290712,Bronze
10311,45,49.3,8,2218.5,2004-10-16,Shipped,4,10,2004,Classic Cars,50,S24_1628,Euro Shopping Channel,(91) 555 94 44,"C/ Moralzarzal, 86",,Madrid,,28034,Spain,EMEA,Freyre,Diego,Small,10104,Early,S2,11,11,912294.11,259,390830.2231807512,1.0,0.5152993396387399,Gold
10332,20,87.96,5,1759.2,2004-11-17,Shipped,4,11,2004,Classic Cars,50,S24_1628,"AV Stores, Co.",(171) 555-1555,Fauntleroy Circus,,Manchester,,EC2 5NT,UK,EMEA,Ashworth,Victoria,Small,10110,Early,S2,18,18,157807.81,51,94271.44132569559,1.0,0.09735950383251968,Bronze
10343,27,36.21,6,977.67,2004-11-24,Shipped,4,11,2004,Classic Cars,50,S24_1628,Reims Collectables,26.47.1555,59 rue de l'Abbaye,,Reims,,51100,France,EMEA,Henriot,Paul,Small,10121,Growth,S2,6,6,135042.94,41,71024.02463976944,1.0,0.07987576822974221,Bronze
10379,32,100.0,3,3970.56,2005-02-10,Shipped,1,2,2005,Classic Cars,50,S24_1628,Euro Shopping Channel,(91) 555 94 44,"C/ Moralzarzal, 86",,Madrid,,28034,Spain,EMEA,Freyre,Diego,Medium,10104,Early,S2,5,5,912294.11,259,390830.2231807512,1.0,0.5152993396387399,Gold
10420,37,60.37,13,2233.69,2005-05-29,In Process,2,5,2005,Classic Cars,50,S24_1628,Souveniers And Things Co.,+61 2 9495 8555,"Monitor Money Building, 815 Pacific Hwy",Level 6,Chatswood,NSW,2067,Australia,APAC,Huxley,Adrian,Small,10139,Growth,S2,13,13,151570.98,46,80882.175,0.14445278660885533,0.08967658031400969,Bronze
10106,28,88.63,4,2481.64,2003-02-17,Shipped,1,2,2003,Planes,109,S24_1785,Rovelli Gifts,035-640555,Via Ludovico il Moro 22,,Bergamo,,24100,Italy,EMEA,Rovelli,Giovanni,Small,10106,Early,S2,18,18,137955.72,48,79297.38236220472,1.0,0.08894630469124336,Bronze
10120,39,100.0,10,4651.53,2003-04-29,Shipped,2,4,2003,Planes,109,S24_1785,"Australian Collectors, Co.",03 9520 4555,636 St Kilda Road,Level 3,Melbourne,Victoria,3004,Australia,APAC,Ferguson,Peter,Medium,10120,Growth,S2,15,15,200995.41,55,126270.78253012049,0.14445278660885533,0.11271325808083006,Bronze
10133,41,94.1,5,3858.1,2003-06-27,Shipped,2,6,2003,Planes,109,S24_1785,Euro Shopping Channel,(91) 555 94 44,"C/ Moralzarzal, 86",,Madrid,,28034,Spain,EMEA,Freyre,Diego,Medium,10104,Early,S2,8,8,912294.11,259,390830.2231807512,1.0,0.5152993396387399,Gold
10210,27,98.48,9,2658.96,2004-01-12,Shipped,1,1,2004,Planes,109,S24_1785,Osaka Souveniers Co.,+81 06 6342 5555,"Dojima Avanza 4F, 1-6-20 Dojima, Kita-ku",,Osaka,Osaka,530-0003,Japan,Japan,Kentary,Mory,Small,10210,Recent,S2,17,17,67605.07,20,265331.72634408606,0.09121179679999217,0.048373524517489136,Bronze
10223,34,100.0,11,3608.76,2004-02-20,Shipped,1,2,2004,Planes,109,S24_1785,"Australian Collectors, Co.",03 9520 4555,636 St Kilda Road,Level 3,Melbourne,Victoria,3004,Australia,APAC,Ferguson,Peter,Medium,10120,Growth,S2,15,15,200995.41,55,126270.78253012049,0.14445278660885533,0.11271325808083006,Bronze
10262,34,97.38,1,3310.92,2004-06-24,Cancelled,2,6,2004,Planes,109,S24_1785,Euro Shopping Channel,(91) 555 94 44,"C/ Moralzarzal, 86",,Madrid,,28034,Spain,EMEA,Freyre,Diego,Medium,10104,Early,S2,16,16,912294.11,259,390830.2231807512,1.0,0.5152993396387399,Gold
10275,25,95.2,11,2380.0,2004-07-23,Shipped,3,7,2004,Planes,109,S24_1785,La Rochelle Gifts,40.67.8555,"67, rue des Cinquante Otages",,Nantes,,44000,France,EMEA,Labrune,Janine,Small,10275,Recent,S2,18,18,180124.9,53,210049.803514377,1.0,0.1091008571092068,Bronze
10284,22,100.0,3,2310.88,2004-08-21,Shipped,3,8,2004,Planes,109,S24_1785,"Norway Gifts By Mail, Co.",+47 2212 1555,"Drammensveien 126 A, PB 744 Sentrum",,Oslo,,N 0106,Norway,EMEA,Klaeboe,Jan,Small,10284,Recent,S2,13,13,79224.23,24,89803.86319875775,1.0,0.04868280040290712,Bronze
10297,32,100.0,6,4061.76,2004-09-16,Shipped,3,9,2004,Planes,109,S24_1785,"Clover Collections, Co.",+353 1862 1555,25 Maiden Lane,Floor No. 4,Dublin,,2,Ireland,EMEA,Cassidy,Dean,Medium,10220,Recent,S2,7,7,57756.43,16,96702.27958715596,1.0,0.03498010163810477,Bronze
10316,25,100.0,1,2872.25,2004-11-01,Shipped,4,11,2004,Planes,109,S24_1785,giftsbymail.co.uk,(198) 555-8888,Garden House Crowther Way,,Cowes,Isle of Wight,PO31 7PJ,UK,EMEA,Bennett,Helen,Small,10232,Recent,S2,18,18,78240.84,26,125805.75594713655,1.0,0.052193137398217876,Bronze
10328,47,87.54,14,4114.38,2004-11-12,Shipped,4,11,2004,Planes,109,S24_1785,Rovelli Gifts,035-640555,Via Ludovico il Moro 22,,Bergamo,,24100,Italy,EMEA,Rovelli,Giovanni,Medium,10106,Early,S2,14,14,137955.72,48,79297.38236220472,1.0,0.08894630469124336,Bronze
10339,21,50.65,7,1063.65,2004-11-23,Shipped,4,11,2004,Planes,109,S24_1785,"Tokyo Collectables, Ltd",+81 3 3584 0555,2-2-8 Roppongi,,Minato-ku,Tokyo,106-0032,Japan,Japan,Shimamura,Akiko,Small,10258,Recent,S2,16,16,120562.74,32,141042.94903846155,0.09121179679999217,0.06901754192631648,Bronze
10374,46,94.1,3,4328.6,2005-02-02,Shipped,1,2,2005,Planes,109,S24_1785,"Australian Gift Network, Co",61-7-3844-6555,31 Duncan St. West End,,South Brisbane,Queensland,4101,Australia,APAC,Calaghan,Tony,Medium,10152,Scale,S2,6,6,59469.12,15,43674.504627766604,0.14445278660885533,0.032121457634630854,Bronze
10386,33,41.71,11,1376.43,2005-03-01,Resolved,1,3,2005,Planes,109,S24_1785,Euro Shopping Channel,(91) 555 94 44,"C/ Moralzarzal, 86",,Madrid,,28034,Spain,EMEA,Freyre,Diego,Small,10104,Early,S2,18,18,912294.11,259,390830.2231807512,1.0,0.5152993396387399,Gold
10398,43,100.0,16,5552.16,2005-03-30,Shipped,1,3,2005,Planes,109,S24_1785,Reims Collectables,26.47.1555,59 rue de l'Abbaye,,Reims,,51100,France,EMEA,Henriot,Paul,Medium,10121,Growth,S2,18,18,135042.94,41,71024.02463976944,1.0,0.07987576822974221,Bronze
10416,47,88.63,6,4165.61,2005-05-10,Shipped,2,5,2005,Planes,109,S24_1785,L'ordine Souveniers,0522-556555,Strada Provinciale 124,,Reggio Emilia,,42100,Italy,EMEA,Moroni,Maurizio,Medium,10176,Scale,S2,14,14,142601.33,39,94292.54610507246,1.0,0.08012703678424364,Bronze
10101,45,31.2,3,1404.0,2003-01-09,Shipped,1,1,2003,Vintage Cars,33,S24_1937,"Blauer See Auto, Co.",+49 69 66 90 2555,Lyonerstr. 34,,Frankfurt,,60528,Germany,EMEA,Keitel,Roland,Small,10101,Early,S2,4,4,85171.59,22,46608.14145427286,1.0,0.04597909459062931,Bronze
10110,20,35.51,3,710.2,2003-03-18,Shipped,1,3,2003,Vintage Cars,33,S24_1937,"AV Stores, Co.",(171) 555-1555,Fauntleroy Circus,,Manchester,,EC2 5NT,UK,EMEA,Ashworth,Victoria,Small,10110,Early,S2,16,16,157807.81,51,94271.44132569559,1.0,0.09735950383251968,Bronze
10173,31,31.53,9,977.43,2003-11-05,Shipped,4,11,2003,Vintage Cars,33,S24_1937,Rovelli Gifts,035-640555,Via Ludovico il Moro 22,,Bergamo,,24100,Italy,EMEA,Rovelli,Giovanni,Small,10106,Early,S2,16,16,137955.72,48,79297.38236220472,1.0,0.08894630469124336,Bronze
10193,26,29.21,10,759.46,2003-11-21,Shipped,4,11,2003,Vintage Cars,33,S24_1937,"Australian Collectables, Ltd",61-9-3844-6555,7 Allen Street,,Glen Waverly,Victoria,3150,Australia,APAC,Connery,Sean,Small,10193,Scale,S2,16,16,64591.46,23,43984.856156716414,0.14445278660885533,0.042522973876149284,Bronze
10205,32,37.17,5,1189.44,2003-12-03,Shipped,4,12,2003,Vintage Cars,33,S24_1937,Euro Shopping Channel,(91) 555 94 44,"C/ Moralzarzal, 86",,Madrid,,28034,Spain,EMEA,Freyre,Diego,Small,10104,Early,S2,5,5,912294.11,259,390830.2231807512,1.0,0.5152993396387399,Gold
10214,20,34.19,3,683.8,2004-01-26,Shipped,1,1,2004,Vintage Cars,33,S24_1937,"Corrida Auto Replicas, Ltd",(91) 555 22 82,"C/ Araquil, 67",,Madrid,,28023,Spain,EMEA,Sommer,Mart¡n,Small,10126,Growth,S2,7,7,120615.28,32,84016.36870229007,1.0,0.0667967122594898,Bronze
10227,42,29.21,6,1226.82,2004-03-02,Shipped,1,3,2004,Vintage Cars,33,S24_1937,"Saveley & Henriot, Co.",78.32.5555,"2, rue du Commerce",,Lyon,,69004,France,EMEA,Saveley,Mary,Small,10194,Scale,S2,15,15,142874.25,41,526758.5984848485,1.0,0.09943267580879472,Bronze
10280,20,28.88,12,577.6,2004-08-17,Shipped,3,8,2004,Vintage Cars,33,S24_1937,Amica Models & Co.,011-4988555,Via Monte Bianco 34,,Torino,,10100,Italy,EMEA,Accorti,Paolo,Small,10280,Recent,S2,17,17,94117.26,26,1431366.6624999999,1.0,0.10678083828361203,Bronze
10288,29,38.17,1,1106.93,2004-09-01,Shipped,3,9,2004,Vintage Cars,33,S24_1937,Handji Gifts& Co,+65 224 1555,Village Close - 106 Linden Road Sandown,2nd Floor,Singapore,,69045,Singapore,APAC,Victorino,Wendy,Small,10217,Recent,S2,14,14,115498.73,36,94734.91337078653,0.14445278660885533,0.07072781358587162,Bronze
10304,23,30.2,16,694.6,2004-10-11,Shipped,4,10,2004,Vintage Cars,33,S24_1937,Auto Assoc. & Cie.,30.59.8555,"67, avenue de l'Europe",,Versailles,,78000,France,EMEA,Tonini,Daniel,Small,10216,Recent,S2,17,17,64834.32,18,93535.67905138338,1.0,0.03872441348619289,Bronze
10332,45,81.91,6,3685.95,2004-11-17,Shipped,4,11,2004,Vintage Cars,33,S24_1937,"AV Stores, Co.",(171) 555-1555,Fauntleroy Circus,,Manchester,,EC2 5NT,UK,EMEA,Ashworth,Victoria,Medium,10110,Early,S2,18,18,157807.81,51,94271.44132569559,1.0,0.09735950383251968,Bronze
10344,20,35.18,6,703.6,2004-11-25,Shipped,4,11,2004,Vintage Cars,33,S24_1937,Marseille Mini Autos,91.24.4555,"12, rue des Bouchers",,Marseille,,13008,France,EMEA,Lebihan,Laurence,Small,10122,Growth,S2,7,7,74936.14,25,44838.83786885246,1.0,0.0471408447640282,Bronze
10356,48,100.0,5,9720.0,2004-12-09,Shipped,4,12,2004,Vintage Cars,33,S24_1937,Lyon Souveniers,+33 1 46 62 7555,27 rue du Colonel Pierre Avia,,Paris,,75508,France,EMEA,Da Cunha,Daniel,Large,10134,Growth,S2,9,9,78570.34,20,45811.77971246006,1.0,0.042184142256092155,Bronze
10380,32,70.56,4,2257.92,2005-02-16,Shipped,1,2,2005,Vintage Cars,33,S24_1937,Euro Shopping Channel,(91) 555 94 44,"C/ Moralzarzal, 86",,Madrid,,28034,Spain,EMEA,Freyre,Diego,Small,10104,Early,S2,13,13,912294.11,259,390830.2231807512,1.0,0.5152993396387399,Gold
10391,33,100.0,8,8344.71,2005-03-09,Shipped,1,3,2005,Vintage Cars,33,S24_1937,"Anna's Decorations, Ltd",02 9936 8555,201 Miller Street,Level 15,North Sydney,NSW,2060,Australia,APAC,O'Hara,Anna,Large,10148,Scale,S2,10,10,153996.13,46,102946.13086080586,0.14445278660885533,0.09107194995497356,Bronze
10409,61,29.54,1,1801.94,2005-04-23,Shipped,2,4,2005,Vintage Cars,33,S24_1937,Handji Gifts& Co,+65 224 1555,Village Close - 106 Linden Road Sandown,2nd Floor,Singapore,,69045,Singapore,APAC,Victorino,Wendy,Small,10217,Recent,S2,2,2,115498.73,36,94734.91337078653,0.14445278660885533,0.07072781358587162,Bronze
10420,45,26.88,1,1209.6,2005-05-29,In Process,2,5,2005,Vintage Cars,33,S24_1937,Souveniers And Things Co.,+61 2 9495 8555,"Monitor Money Building, 815 Pacific Hwy",Level 6,Chatswood,NSW,2067,Australia,APAC,Huxley,Adrian,Small,10139,Growth,S2,13,13,151570.98,46,80882.175,0.14445278660885533,0.08967658031400969,Bronze
10120,34,83.79,5,2848.86,2003-04-29,Shipped,2,4,2003,Motorcycles,76,S24_2000,"Australian Collectors, Co.",03 9520 4555,636 St Kilda Road,Level 3,Melbourne,Victoria,3004,Australia,APAC,Ferguson,Peter,Small,10120,Growth,S2,15,15,200995.41,55,126270.78253012049,0.14445278660885533,0.11271325808083006,Bronze
10134,43,83.03,7,3570.29,2003-07-01,Shipped,3,7,2003,Motorcycles,76,S24_2000,Lyon Souveniers,+33 1 46 62 7555,27 rue du Colonel Pierre Avia,,Paris,,75508,France,EMEA,Da Cunha,Daniel,Medium,10134,Growth,S2,7,7,78570.34,20,45811.77971246006,1.0,0.042184142256092155,Bronze
10158,22,67.03,1,1474.66,2003-10-10,Shipped,4,10,2003,Motorcycles,76,S24_2000,Baane Mini Imports,07-98 9555,Erling Skakkes gate 78,,Stavern,,4110,Norway,EMEA,Bergulfsen,Jonas,Small,10103,Early,S2,1,1,116599.19,32,65778.52295208655,1.0,0.06520234066938801,Bronze
10180,28,68.55,14,1919.4,2003-11-11,Shipped,4,11,2003,Motorcycles,76,S24_2000,Daedalus Designs Imports,20.16.1555,"184, chausse de Tournai",,Lille,,59000,France,EMEA,Rance,Martine,Small,10180,Scale,S2,14,14,69052.41,20,244700.2878640777,1.0,0.047883188318364044,Bronze
10188,40,91.4,6,3656.0,2003-11-18,Shipped,4,11,2003,Motorcycles,76,S24_2000,Herkku Gifts,+47 2267 3215,"Drammen 121, PR 744 Sentrum",,Bergen,,N 5804,Norway,EMEA,Oeztan,Veysel,Medium,10181,Scale,S2,8,8,111640.28,29,137201.01750841748,1.0,0.06343619416528738,Bronze
10210,30,61.7,4,1851.0,2004-01-12,Shipped,1,1,2004,Motorcycles,76,S24_2000,Osaka Souveniers Co.,+81 06 6342 5555,"Dojima Avanza 4F, 1-6-20 Dojima, Kita-ku",,Osaka,Osaka,530-0003,Japan,Japan,Kentary,Mory,Small,10210,Recent,S2,17,17,67605.07,20,265331.72634408606,0.09121179679999217,0.048373524517489136,Bronze
10223,38,69.31,6,2633.78,2004-02-20,Shipped,1,2,2004,Motorcycles,76,S24_2000,"Australian Collectors, Co.",03 9520 4555,636 St Kilda Road,Level 3,Melbourne,Victoria,3004,Australia,APAC,Ferguson,Peter,Small,10120,Growth,S2,15,15,200995.41,55,126270.78253012049,0.14445278660885533,0.11271325808083006,Bronze
10275,30,79.98,6,2399.4,2004-07-23,Shipped,3,7,2004,Motorcycles,76,S24_2000,La Rochelle Gifts,40.67.8555,"67, rue des Cinquante Otages",,Nantes,,44000,France,EMEA,Labrune,Janine,Small,10275,Recent,S2,18,18,180124.9,53,210049.803514377,1.0,0.1091008571092068,Bronze
10297,32,65.51,1,2096.32,2004-09-16,Shipped,3,9,2004,Motorcycles,76,S24_2000,"Clover Collections, Co.",+353 1862 1555,25 Maiden Lane,Floor No. 4,Dublin,,2,Ireland,EMEA,Cassidy,Dean,Small,10220,Recent,S2,7,7,57756.43,16,96702.27958715596,1.0,0.03498010163810477,Bronze
10340,55,79.98,8,4398.9,2004-11-24,Shipped,4,11,2004,Motorcycles,76,S24_2000,Enaco Distributors,(93) 203 4555,"Rambla de Catalu¤a, 23",,Barcelona,,8022,Spain,EMEA,Saavedra,Eduardo,Medium,10118,Growth,S2,8,8,78411.86,23,49007.4125,1.0,0.04574939797050226,Bronze
10363,21,100.0,8,3595.62,2005-01-06,Shipped,1,1,2005,Motorcycles,76,S24_2000,Suominen Souveniers,+358 9 8045 555,"Software Engineering Center, SEC Oy",,Espoo,,FIN-02271,Finland,EMEA,Suominen,Kalle,Medium,10141,Growth,S2,15,15,113961.15,30,79230.13285714285,1.0,0.06283398058431945,Bronze
10375,23,100.0,9,2443.29,2005-02-03,Shipped,1,2,2005,Motorcycles,76,S24_2000,La Rochelle Gifts,40.67.8555,"67, rue des Cinquante Otages",,Nantes,,44000,France,EMEA,Labrune,Janine,Small,10275,Recent,S2,15,15,180124.9,53,210049.803514377,1.0,0.1091008571092068,Bronze
10389,49,81.4,2,3988.6,2005-03-03,Shipped,1,3,2005,Motorcycles,76,S24_2000,Scandinavian Gift Ideas,0695-34 6555,?kergatan 24,,Boras,,S-844 67,Sweden,EMEA,Larsson,Maria,Medium,10167,Scale,S2,8,8,134259.33,38,98402.92259036144,1.0,0.0773008431710182,Bronze
10402,59,87.6,3,5168.4,2005-04-07,Shipped,2,4,2005,Motorcycles,76,S24_2000,Auto Canal Petit,(1) 47.55.6555,"25, rue Lauriston",,Paris,,75016,France,EMEA,Perrier,Dominique,Medium,10211,Recent,S2,3,3,93170.66,27,75740.06881959911,1.0,0.054664607831659315,Bronze
10416,32,87.6,1,2803.2,2005-05-10,Shipped,2,5,2005,Motorcycles,76,S24_2000,L'ordine Souveniers,0522-556555,Strada Provinciale 124,,Reggio Emilia,,42100,Italy,EMEA,Moroni,Maurizio,Small,10176,Scale,S2,14,14,142601.33,39,94292.54610507246,1.0,0.08012703678424364,Bronze
10105,43,100.0,9,6341.21,2003-02-11,Shipped,1,2,2003,Ships,122,S24_2011,Danish Wholesale Imports,31 12 3555,Vinb'ltet 34,,Kobenhavn,,1734,Denmark,EMEA,Petersen,Jytte,Medium,10105,Early,S2,15,15,145041.6,36,66591.42641509433,1.0,0.07610272679186011,Bronze
10117,41,100.0,3,5189.78,2003-04-16,Shipped,2,4,2003,Ships,122,S24_2011,"Dragon Souveniers, Ltd.",+65 221 7555,"Bronz Sok., Bronz Apt. 3/6 Tesvikiye",,Singapore,,79903,Singapore,Japan,Natividad,Eric,Medium,10117,Growth,S2,12,12,172989.68,43,91908.63639010189,0.09121179679999217,0.09132888493134783,Bronze
10129,45,100.0,9,6027.75,2003-06-12,Shipped,2,6,2003,Ships,122,S24_2011,"Stylish Desk Decors, Co.",(171) 555-0297,35 King George,,London,,WX3 6FW,UK,EMEA,Brown,Ann,Medium,10129,Growth,S2,9,9,88804.5,26,59914.31146025878,1.0,0.05192961308909447,Bronze
10153,40,100.0,5,5456.4,2003-09-28,Shipped,3,9,2003,Ships,122,S24_2011,Euro Shopping Channel,(91) 555 94 44,"C/ Moralzarzal, 86",,Madrid,,28034,Spain,EMEA,Freyre,Diego,Medium,10104,Early,S2,13,13,912294.11,259,390830.2231807512,1.0,0.5152993396387399,Gold
10167,33,100.0,16,3812.16,2003-10-23,Cancelled,4,10,2003,Ships,122,S24_2011,Scandinavian Gift Ideas,0695-34 6555,?kergatan 24,,Boras,,S-844 67,Sweden,EMEA,Larsson,Maria,Medium,10167,Scale,S2,16,16,134259.33,38,98402.92259036144,1.0,0.0773008431710182,Bronze
10177,50,100.0,7,6083.0,2003-11-07,Shipped,4,11,2003,Ships,122,S24_2011,CAF Imports,+34 913 728 555,"Merchants House, 27-30 Merchant's Quay",,Madrid,,28023,Spain,EMEA,Fernandez,Jesus,Medium,10177,Scale,S2,11,11,49642.05,13,135219.0167910448,1.0,0.031234068851378527,Bronze
10197,41,100.0,13,4534.6,2003-11-26,Shipped,4,11,2003,Ships,122,S24_2011,Enaco Distributors,(93) 203 4555,"Rambla de Catalu¤a, 23",,Barcelona,,8022,Spain,EMEA,Saavedra,Eduardo,Medium,10118,Growth,S2,14,14,78411.86,23,49007.4125,1.0,0.04574939797050226,Bronze
10208,35,100.0,7,4301.15,2004-01-02,Shipped,1,1,2004,Ships,122,S24_2011,"Saveley & Henriot, Co.",78.32.5555,"2, rue du Commerce",,Lyon,,69004,France,EMEA,Saveley,Mary,Medium,10194,Scale,S2,15,15,142874.25,41,526758.5984848485,1.0,0.09943267580879472,Bronze
10221,49,100.0,1,6804.63,2004-02-18,Shipped,1,2,2004,Ships,122,S24_2011,Petit Auto,(02) 5554 67,Rue Joseph-Bens 532,,Bruxelles,,B-1180,Belgium,EMEA,Dewey,Catherine,Medium,10221,Recent,S2,5,5,74972.52,25,58472.157692307694,1.0,0.04768250670201093,Bronze
10232,46,100.0,4,5652.94,2004-03-20,Shipped,1,3,2004,Ships,122,S24_2011,giftsbymail.co.uk,(198) 555-8888,Garden House Crowther Way,,Cowes,Isle of Wight,PO31 7PJ,UK,EMEA,Bennett,Helen,Medium,10232,Recent,S2,8,8,78240.84,26,125805.75594713655,1.0,0.052193137398217876,Bronze
10273,22,100.0,11,2784.76,2004-07-21,Shipped,3,7,2004,Ships,122,S24_2011,Petit Auto,(02) 5554 67,Rue Joseph-Bens 532,,Bruxelles,,B-1180,Belgium,EMEA,Dewey,Catherine,Small,10221,Recent,S2,15,15,74972.52,25,58472.157692307694,1.0,0.04768250670201093,Bronze
10293,21,100.0,2,2941.89,2004-09-09,Shipped,3,9,2004,Ships,122,S24_2011,Amica Models & Co.,011-4988555,Via Monte Bianco 34,,Torino,,10100,Italy,EMEA,Accorti,Paolo,Small,10280,Recent,S2,9,9,94117.26,26,1431366.6624999999,1.0,0.10678083828361203,Bronze
10306,29,100.0,7,3207.4,2004-10-14,Shipped,4,10,2004,Ships,122,S24_2011,"AV Stores, Co.",(171) 555-1555,Fauntleroy Circus,,Manchester,,EC2 5NT,UK,EMEA,Ashworth,Victoria,Medium,10110,Early,S2,17,17,157807.81,51,94271.44132569559,1.0,0.09735950383251968,Bronze
10315,35,100.0,6,4215.05,2004-10-29,Shipped,4,10,2004,Ships,122,S24_2011,La Rochelle Gifts,40.67.8555,"67, rue des Cinquante Otages",,Nantes,,44000,France,EMEA,Labrune,Janine,Medium,10275,Recent,S2,7,7,180124.9,53,210049.803514377,1.0,0.1091008571092068,Bronze
10326,41,100.0,4,4333.29,2004-11-09,Shipped,4,11,2004,Ships,122,S24_2011,"Volvo Model Replicas, Co",0921-12 3555,Berguvsvgen  8,,Lule,,S-958 22,Sweden,EMEA,Berglund,Christina,Medium,10112,Early,S2,6,6,75754.88,19,45552.76968698518,1.0,0.040398475567936076,Bronze
10350,34,50.33,7,1711.22,2004-12-02,Shipped,4,12,2004,Ships,122,S24_2011,Euro Shopping Channel,(91) 555 94 44,"C/ Moralzarzal, 86",,Madrid,,28034,Spain,EMEA,Freyre,Diego,Small,10104,Early,S2,17,17,912294.11,259,390830.2231807512,1.0,0.5152993396387399,Gold
10372,37,100.0,8,3910.53,2005-01-26,Shipped,1,1,2005,Ships,122,S24_2011,"Tokyo Collectables, Ltd",+81 3 3584 0555,2-2-8 Roppongi,,Minato-ku,Tokyo,106-0032,Japan,Japan,Shimamura,Akiko,Medium,10258,Recent,S2,9,9,120562.74,32,141042.94903846155,0.09121179679999217,0.06901754192631648,Bronze
10101,46,53.76,2,2472.96,2003-01-09,Shipped,1,1,2003,Vintage Cars,44,S24_2022,"Blauer See Auto, Co.",+49 69 66 90 2555,Lyonerstr. 34,,Frankfurt,,60528,Germany,EMEA,Keitel,Roland,Small,10101,Early,S2,4,4,85171.59,22,46608.14145427286,1.0,0.04597909459062931,Bronze
10110,39,44.35,2,1729.65,2003-03-18,Shipped,1,3,2003,Vintage Cars,44,S24_2022,"AV Stores, Co.",(171) 555-1555,Fauntleroy Circus,,Manchester,,EC2 5NT,UK,EMEA,Ashworth,Victoria,Small,10110,Early,S2,16,16,157807.81,51,94271.44132569559,1.0,0.09735950383251968,Bronze
10173,27,41.22,8,1112.94,2003-11-05,Shipped,4,11,2003,Vintage Cars,44,S24_2022,Rovelli Gifts,035-640555,Via Ludovico il Moro 22,,Bergamo,,24100,Italy,EMEA,Rovelli,Giovanni,Small,10106,Early,S2,16,16,137955.72,48,79297.38236220472,1.0,0.08894630469124336,Bronze
10193,20,50.62,9,1012.4,2003-11-21,Shipped,4,11,2003,Vintage Cars,44,S24_2022,"Australian Collectables, Ltd",61-9-3844-6555,7 Allen Street,,Glen Waverly,Victoria,3150,Australia,APAC,Connery,Sean,Small,10193,Scale,S2,16,16,64591.46,23,43984.856156716414,0.14445278660885533,0.042522973876149284,Bronze
10205,24,38.08,4,913.92,2003-12-03,Shipped,4,12,2003,Vintage Cars,44,S24_2022,Euro Shopping Channel,(91) 555 94 44,"C/ Moralzarzal, 86",,Madrid,,28034,Spain,EMEA,Freyre,Diego,Small,10104,Early,S2,5,5,912294.11,259,390830.2231807512,1.0,0.5152993396387399,Gold
10214,49,47.94,2,2349.06,2004-01-26,Shipped,1,1,2004,Vintage Cars,44,S24_2022,"Corrida Auto Replicas, Ltd",(91) 555 22 82,"C/ Araquil, 67",,Madrid,,28023,Spain,EMEA,Sommer,Mart¡n,Small,10126,Growth,S2,7,7,120615.28,32,84016.36870229007,1.0,0.0667967122594898,Bronze
10227,24,48.38,5,1161.12,2004-03-02,Shipped,1,3,2004,Vintage Cars,44,S24_2022,"Saveley & Henriot, Co.",78.32.5555,"2, rue du Commerce",,Lyon,,69004,France,EMEA,Saveley,Mary,Small,10194,Scale,S2,15,15,142874.25,41,526758.5984848485,1.0,0.09943267580879472,Bronze
10244,39,45.25,9,1764.75,2004-04-29,Shipped,2,4,2004,Vintage Cars,44,S24_2022,Euro Shopping Channel,(91) 555 94 44,"C/ Moralzarzal, 86",,Madrid,,28034,Spain,EMEA,Freyre,Diego,Small,10104,Early,S2,9,9,912294.11,259,390830.2231807512,1.0,0.5152993396387399,Gold
10255,37,45.7,2,1690.9,2004-06-04,Shipped,2,6,2004,Vintage Cars,44,S24_2022,Mini Caravy,88.60.1555,"24, place Kluber",,Strasbourg,,67000,France,EMEA,Citeaux,Frederique,Small,10241,Recent,S2,2,2,80438.48,19,80000.12316076295,1.0,0.0427737169683917,Bronze
10280,45,47.49,11,2137.05,2004-08-17,Shipped,3,8,2004,Vintage Cars,44,S24_2022,Amica Models & Co.,011-4988555,Via Monte Bianco 34,,Torino,,10100,Italy,EMEA,Accorti,Paolo,Small,10280,Recent,S2,17,17,94117.26,26,1431366.6624999999,1.0,0.10678083828361203,Bronze
10289,45,48.38,4,2177.1,2004-09-03,Shipped,3,9,2004,Vintage Cars,44,S24_2022,Herkku Gifts,+47 2267 3215,"Drammen 121, PR 744 Sentrum",,Bergen,,N 5804,Norway,EMEA,Oeztan,Veysel,Small,10181,Scale,S2,4,4,111640.28,29,137201.01750841748,1.0,0.06343619416528738,Bronze
10304,44,39.42,15,1734.48,2004-10-11,Shipped,4,10,2004,Vintage Cars,44,S24_2022,Auto Assoc. & Cie.,30.59.8555,"67, avenue de l'Europe",,Versailles,,78000,France,EMEA,Tonini,Daniel,Small,10216,Recent,S2,17,17,64834.32,18,93535.67905138338,1.0,0.03872441348619289,Bronze
10332,26,85.52,10,2223.52,2004-11-17,Shipped,4,11,2004,Vintage Cars,44,S24_2022,"AV Stores, Co.",(171) 555-1555,Fauntleroy Circus,,Manchester,,EC2 5NT,UK,EMEA,Ashworth,Victoria,Small,10110,Early,S2,18,18,157807.81,51,94271.44132569559,1.0,0.09735950383251968,Bronze
10345,43,53.76,1,2311.68,2004-11-25,Shipped,4,11,2004,Vintage Cars,44,S24_2022,Atelier graphique,40.32.2555,"54, rue Royale",,Nantes,,44000,France,EMEA,Schmitt,Carine,Small,10123,Growth,S2,1,1,24179.96,7,15873.534892086329,1.0,0.014030402752811649,Bronze
10356,26,31.86,7,828.36,2004-12-09,Shipped,4,12,2004,Vintage Cars,44,S24_2022,Lyon Souveniers,+33 1 46 62 7555,27 rue du Colonel Pierre Avia,,Paris,,75508,France,EMEA,Da Cunha,Daniel,Small,10134,Growth,S2,9,9,78570.34,20,45811.77971246006,1.0,0.042184142256092155,Bronze
10380,27,68.35,5,1845.45,2005-02-16,Shipped,1,2,2005,Vintage Cars,44,S24_2022,Euro Shopping Channel,(91) 555 94 44,"C/ Moralzarzal, 86",,Madrid,,28034,Spain,EMEA,Freyre,Diego,Small,10104,Early,S2,13,13,912294.11,259,390830.2231807512,1.0,0.5152993396387399,Gold
10391,24,100.0,1,4042.08,2005-03-09,Shipped,1,3,2005,Vintage Cars,44,S24_2022,"Anna's Decorations, Ltd",02 9936 8555,201 Miller Street,Level 15,North Sydney,NSW,2060,Australia,APAC,O'Hara,Anna,Medium,10148,Scale,S2,10,10,153996.13,46,102946.13086080586,0.14445278660885533,0.09107194995497356,Bronze
10103,36,100.0,1,3680.28,2003-01-29,Shipped,1,1,2003,Trucks and Buses,127,S24_2300,Baane Mini Imports,07-98 9555,Erling Skakkes gate 78,,Stavern,,4110,Norway,EMEA,Bergulfsen,Jonas,Medium,10103,Early,S2,16,16,116599.19,32,65778.52295208655,1.0,0.06520234066938801,Bronze
10114,21,100.0,5,2925.09,2003-04-01,Shipped,2,4,2003,Trucks and Buses,127,S24_2300,"La Corne D'abondance, Co.",(1) 42.34.2555,"265, boulevard Charonne",,Paris,,75012,France,EMEA,Bertrand,Marie,Small,10114,Growth,S2,10,10,97203.68,23,59132.23866666666,1.0,0.0502654264226107,Bronze
10126,27,100.0,1,3415.77,2003-05-28,Shipped,2,5,2003,Trucks and Buses,127,S24_2300,"Corrida Auto Replicas, Ltd",(91) 555 22 82,"C/ Araquil, 67",,Madrid,,28023,Spain,EMEA,Sommer,Mart¡n,Medium,10126,Growth,S2,17,17,120615.28,32,84016.36870229007,1.0,0.0667967122594898,Bronze
10151,42,100.0,8,5098.8,2003-09-21,Shipped,3,9,2003,Trucks and Buses,127,S24_2300,"Oulu Toy Supplies, Inc.",981-443655,Torikatu 38,,Oulu,,90110,Finland,EMEA,Koskitalo,Pirkko,Medium,10151,Scale,S2,10,10,104370.38,32,76343.06352705411,1.0,0.06293500544345523,Bronze
10165,32,100.0,17,4661.76,2003-10-22,Shipped,4,10,2003,Trucks and Buses,127,S24_2300,"Dragon Souveniers, Ltd.",+65 221 7555,"Bronz Sok., Bronz Apt. 3/6 Tesvikiye",,Singapore,,79903,Singapore,Japan,Natividad,Eric,Medium,10117,Growth,S2,18,18,172989.68,43,91908.63639010189,0.09121179679999217,0.09132888493134783,Bronze
10175,28,100.0,6,2969.96,2003-11-06,Shipped,4,11,2003,Trucks and Buses,127,S24_2300,"Stylish Desk Decors, Co.",(171) 555-0297,35 King George,,London,,WX3 6FW,UK,EMEA,Brown,Ann,Small,10129,Growth,S2,12,12,88804.5,26,59914.31146025878,1.0,0.05192961308909447,Bronze
10184,24,100.0,11,3496.32,2003-11-14,Shipped,4,11,2003,Trucks and Buses,127,S24_2300,"Iberia Gift Imports, Corp.",(95) 555 82 82,"C/ Romero, 33",,Sevilla,,41101,Spain,EMEA,Roel,Jose Pedro,Medium,10184,Scale,S2,13,13,54723.62,15,60896.711280487805,1.0,0.031755289392518975,Bronze
10194,49,100.0,1,5760.93,2003-11-25,Shipped,4,11,2003,Trucks and Buses,127,S24_2300,"Saveley & Henriot, Co.",78.32.5555,"2, rue du Commerce",,Lyon,,69004,France,EMEA,Saveley,Mary,Medium,10194,Scale,S2,11,11,142874.25,41,526758.5984848485,1.0,0.09943267580879472,Bronze
10217,28,100.0,1,3148.88,2004-02-04,Shipped,1,2,2004,Trucks and Buses,127,S24_2300,Handji Gifts& Co,+65 224 1555,Village Close - 106 Linden Road Sandown,2nd Floor,Singapore,,69045,Singapore,APAC,Victorino,Wendy,Medium,10217,Recent,S2,7,7,115498.73,36,94734.91337078653,0.14445278660885533,0.07072781358587162,Bronze
10246,29,100.0,10,3520.6,2004-05-05,Shipped,2,5,2004,Trucks and Buses,127,S24_2300,Euro Shopping Channel,(91) 555 94 44,"C/ Moralzarzal, 86",,Madrid,,28034,Spain,EMEA,Freyre,Diego,Medium,10104,Early,S2,11,11,912294.11,259,390830.2231807512,1.0,0.5152993396387399,Gold
10259,47,100.0,9,5285.62,2004-06-15,Shipped,2,6,2004,Trucks and Buses,127,S24_2300,Handji Gifts& Co,+65 224 1555,Village Close - 106 Linden Road Sandown,2nd Floor,Singapore,,69045,Singapore,APAC,Victorino,Wendy,Medium,10217,Recent,S2,13,13,115498.73,36,94734.91337078653,0.14445278660885533,0.07072781358587162,Bronze
10291,48,100.0,1,5398.08,2004-09-08,Shipped,3,9,2004,Trucks and Buses,127,S24_2300,Scandinavian Gift Ideas,0695-34 6555,?kergatan 24,,Boras,,S-844 67,Sweden,EMEA,Larsson,Maria,Medium,10167,Scale,S2,14,14,134259.33,38,98402.92259036144,1.0,0.0773008431710182,Bronze
10334,42,100.0,5,5528.04,2004-11-19,On Hold,4,11,2004,Trucks and Buses,127,S24_2300,"Volvo Model Replicas, Co",0921-12 3555,Berguvsvgen  8,,Lule,,S-958 22,Sweden,EMEA,Berglund,Christina,Medium,10112,Early,S2,6,6,75754.88,19,45552.76968698518,1.0,0.040398475567936076,Bronze
10348,37,100.0,1,5981.42,2004-11-01,Shipped,4,11,2004,Trucks and Buses,127,S24_2300,"Corrida Auto Replicas, Ltd",(91) 555 22 82,"C/ Araquil, 67",,Madrid,,28023,Spain,EMEA,Sommer,Mart¡n,Medium,10126,Growth,S2,8,8,120615.28,32,84016.36870229007,1.0,0.0667967122594898,Bronze
10358,41,100.0,7,5684.65,2004-12-10,Shipped,4,12,2004,Trucks and Buses,127,S24_2300,Euro Shopping Channel,(91) 555 94 44,"C/ Moralzarzal, 86",,Madrid,,28034,Spain,EMEA,Freyre,Diego,Medium,10104,Early,S2,14,14,912294.11,259,390830.2231807512,1.0,0.5152993396387399,Gold
10412,70,100.0,10,8498.0,2005-05-03,Shipped,2,5,2005,Trucks and Buses,127,S24_2300,Euro Shopping Channel,(91) 555 94 44,"C/ Moralzarzal, 86",,Madrid,,28034,Spain,EMEA,Freyre,Diego,Large,10104,Early,S2,11,11,912294.11,259,390830.2231807512,1.0,0.5152993396387399,Gold
10425,49,100.0,9,5510.54,2005-05-31,In Process,2,5,2005,Trucks and Buses,127,S24_2300,La Rochelle Gifts,40.67.8555,"67, rue des Cinquante Otages",,Nantes,,44000,France,EMEA,Labrune,Janine,Medium,10275,Recent,S2,13,13,180124.9,53,210049.803514377,1.0,0.1091008571092068,Bronze
10108,35,58.87,15,2060.45,2003-03-03,Shipped,1,3,2003,Motorcycles,69,S24_2360,Cruz & Sons Co.,+63 2 555 3587,15 McCallum Street - NatWest Center #13-03,,Makati City,,1227 MM,Philippines,Japan,Cruz,Arnold,Small,10108,Early,S2,16,16,94015.73,26,54905.18631999999,0.09121179679999217,0.052875972332028814,Bronze
10121,32,76.88,2,2460.16,2003-05-07,Shipped,2,5,2003,Motorcycles,69,S24_2360,Reims Collectables,26.47.1555,59 rue de l'Abbaye,,Reims,,51100,France,EMEA,Henriot,Paul,Small,10121,Growth,S2,5,5,135042.94,41,71024.02463976944,1.0,0.07987576822974221,Bronze
10169,38,74.11,11,2816.18,2003-11-04,Shipped,4,11,2003,Motorcycles,69,S24_2360,"Anna's Decorations, Ltd",02 9936 8555,201 Miller Street,Level 15,North Sydney,NSW,2060,Australia,APAC,O'Hara,Anna,Small,10148,Scale,S2,13,13,153996.13,46,102946.13086080586,0.14445278660885533,0.09107194995497356,Bronze
10180,35,72.03,6,2521.05,2003-11-11,Shipped,4,11,2003,Motorcycles,69,S24_2360,Daedalus Designs Imports,20.16.1555,"184, chausse de Tournai",,Lille,,59000,France,EMEA,Rance,Martine,Small,10180,Scale,S2,14,14,69052.41,20,244700.2878640777,1.0,0.047883188318364044,Bronze
10190,42,76.19,3,3199.98,2003-11-19,Shipped,4,11,2003,Motorcycles,69,S24_2360,Euro Shopping Channel,(91) 555 94 44,"C/ Moralzarzal, 86",,Madrid,,28034,Spain,EMEA,Freyre,Diego,Medium,10104,Early,S2,4,4,912294.11,259,390830.2231807512,1.0,0.5152993396387399,Gold
10211,21,63.72,11,1338.12,2004-01-15,Shipped,1,1,2004,Motorcycles,69,S24_2360,Auto Canal Petit,(1) 47.55.6555,"25, rue Lauriston",,Paris,,75016,France,EMEA,Perrier,Dominique,Small,10211,Recent,S2,15,15,93170.66,27,75740.06881959911,1.0,0.054664607831659315,Bronze
10224,37,80.34,4,2972.58,2004-02-21,Shipped,1,2,2004,Motorcycles,69,S24_2360,Daedalus Designs Imports,20.16.1555,"184, chausse de Tournai",,Lille,,59000,France,EMEA,Rance,Martine,Small,10180,Scale,S2,6,6,69052.41,20,244700.2878640777,1.0,0.047883188318364044,Bronze
10252,47,65.8,8,3092.6,2004-05-26,Shipped,2,5,2004,Motorcycles,69,S24_2360,Auto Canal Petit,(1) 47.55.6555,"25, rue Lauriston",,Paris,,75016,France,EMEA,Perrier,Dominique,Medium,10211,Recent,S2,9,9,93170.66,27,75740.06881959911,1.0,0.054664607831659315,Bronze
10299,33,66.49,6,2194.17,2004-09-30,Shipped,3,9,2004,Motorcycles,69,S24_2360,"Toys of Finland, Co.",90-224 8555,Keskuskatu 45,,Helsinki,,21240,Finland,EMEA,Karttunen,Matti,Small,10155,Scale,S2,11,11,111250.38,30,82365.9,1.0,0.06236245706238509,Bronze
10309,24,56.1,2,1346.4,2004-10-15,Shipped,4,10,2004,Motorcycles,69,S24_2360,Baane Mini Imports,07-98 9555,Erling Skakkes gate 78,,Stavern,,4110,Norway,EMEA,Bergulfsen,Jonas,Small,10103,Early,S2,6,6,116599.19,32,65778.52295208655,1.0,0.06520234066938801,Bronze
10330,42,81.03,1,3403.26,2004-11-16,Shipped,4,11,2004,Motorcycles,69,S24_2360,Cruz & Sons Co.,+63 2 555 3587,15 McCallum Street - NatWest Center #13-03,,Makati City,,1227 MM,Philippines,Japan,Cruz,Arnold,Medium,10108,Early,S2,4,4,94015.73,26,54905.18631999999,0.09121179679999217,0.052875972332028814,Bronze
10341,32,100.0,6,3307.2,2004-11-24,Shipped,4,11,2004,Motorcycles,69,S24_2360,Salzburg Collectables,6562-9555,Geislweg 14,,Salzburg,,5020,Austria,EMEA,Pipps,Georg,Medium,10119,Growth,S2,10,10,149798.63,40,72804.92669773634,1.0,0.08202203553143256,Bronze
10355,41,70.65,3,2896.65,2004-12-07,Shipped,4,12,2004,Motorcycles,69,S24_2360,Euro Shopping Channel,(91) 555 94 44,"C/ Moralzarzal, 86",,Madrid,,28034,Spain,EMEA,Freyre,Diego,Small,10104,Early,S2,10,10,912294.11,259,390830.2231807512,1.0,0.5152993396387399,Gold
10363,43,61.23,14,2632.89,2005-01-06,Shipped,1,1,2005,Motorcycles,69,S24_2360,Suominen Souveniers,+358 9 8045 555,"Software Engineering Center, SEC Oy",,Espoo,,FIN-02271,Finland,EMEA,Suominen,Kalle,Small,10141,Growth,S2,15,15,113961.15,30,79230.13285714285,1.0,0.06283398058431945,Bronze
10375,20,100.0,14,2046.0,2005-02-03,Shipped,1,2,2005,Motorcycles,69,S24_2360,La Rochelle Gifts,40.67.8555,"67, rue des Cinquante Otages",,Nantes,,44000,France,EMEA,Labrune,Janine,Small,10275,Recent,S2,15,15,180124.9,53,210049.803514377,1.0,0.1091008571092068,Bronze
10403,27,79.65,4,2150.55,2005-04-08,Shipped,2,4,2005,Motorcycles,69,S24_2360,"UK Collectables, Ltd.",(171) 555-2282,Berkeley Gardens 12  Brewery,,Liverpool,,WX1 6LT,UK,EMEA,Devon,Elizabeth,Small,10253,Recent,S2,9,9,118008.27,29,78172.44745916517,1.0,0.06252151573536294,Bronze
10110,43,78.15,11,3360.45,2003-03-18,Shipped,1,3,2003,Classic Cars,90,S24_2766,"AV Stores, Co.",(171) 555-1555,Fauntleroy Circus,,Manchester,,EC2 5NT,UK,EMEA,Ashworth,Victoria,Medium,10110,Early,S2,16,16,157807.81,51,94271.44132569559,1.0,0.09735950383251968,Bronze
10148,21,73.6,4,1545.6,2003-09-11,Shipped,3,9,2003,Classic Cars,90,S24_2766,"Anna's Decorations, Ltd",02 9936 8555,201 Miller Street,Level 15,North Sydney,NSW,2060,Australia,APAC,O'Hara,Anna,Small,10148,Scale,S2,14,14,153996.13,46,102946.13086080586,0.14445278660885533,0.09107194995497356,Bronze
10161,20,100.0,3,2144.6,2003-10-17,Shipped,4,10,2003,Classic Cars,90,S24_2766,Heintze Collectables,86 21 3555,Smagsloget 45,,Aaarhus,,8200,Denmark,EMEA,Ibsen,Palle,Small,10161,Scale,S2,12,12,100595.55,27,98702.62298387097,1.0,0.05719123450775858,Bronze
10212,45,88.14,1,3966.3,2004-01-16,Shipped,1,1,2004,Classic Cars,90,S24_2766,Euro Shopping Channel,(91) 555 94 44,"C/ Moralzarzal, 86",,Madrid,,28034,Spain,EMEA,Freyre,Diego,Medium,10104,Early,S2,16,16,912294.11,259,390830.2231807512,1.0,0.5152993396387399,Gold
10227,47,88.14,14,4142.58,2004-03-02,Shipped,1,3,2004,Classic Cars,90,S24_2766,"Saveley & Henriot, Co.",78.32.5555,"2, rue du Commerce",,Lyon,,69004,France,EMEA,Saveley,Mary,Medium,10194,Scale,S2,15,15,142874.25,41,526758.5984848485,1.0,0.09943267580879472,Bronze
10241,47,94.5,6,4441.5,2004-04-13,Shipped,2,4,2004,Classic Cars,90,S24_2766,Mini Caravy,88.60.1555,"24, place Kluber",,Strasbourg,,67000,France,EMEA,Citeaux,Frederique,Medium,10241,Recent,S2,12,12,80438.48,19,80000.12316076295,1.0,0.0427737169683917,Bronze
10279,49,79.97,3,3918.53,2004-08-09,Shipped,3,8,2004,Classic Cars,90,S24_2766,Euro Shopping Channel,(91) 555 94 44,"C/ Moralzarzal, 86",,Madrid,,28034,Spain,EMEA,Freyre,Diego,Medium,10104,Early,S2,6,6,912294.11,259,390830.2231807512,1.0,0.5152993396387399,Gold
10288,35,80.87,9,2830.45,2004-09-01,Shipped,3,9,2004,Classic Cars,90,S24_2766,Handji Gifts& Co,+65 224 1555,Village Close - 106 Linden Road Sandown,2nd Floor,Singapore,,69045,Singapore,APAC,Victorino,Wendy,Small,10217,Recent,S2,14,14,115498.73,36,94734.91337078653,0.14445278660885533,0.07072781358587162,Bronze
10302,49,100.0,5,5298.86,2003-10-06,Shipped,4,10,2003,Classic Cars,90,S24_2766,"UK Collectables, Ltd.",(171) 555-2282,Berkeley Gardens 12  Brewery,,Liverpool,,WX1 6LT,UK,EMEA,Devon,Elizabeth,Medium,10253,Recent,S2,6,6,118008.27,29,78172.44745916517,1.0,0.06252151573536294,Bronze
10311,28,93.6,4,2620.8,2004-10-16,Shipped,4,10,2004,Classic Cars,90,S24_2766,Euro Shopping Channel,(91) 555 94 44,"C/ Moralzarzal, 86",,Madrid,,28034,Spain,EMEA,Freyre,Diego,Small,10104,Early,S2,11,11,912294.11,259,390830.2231807512,1.0,0.5152993396387399,Gold
10332,39,86.72,7,3382.08,2004-11-17,Shipped,4,11,2004,Classic Cars,90,S24_2766,"AV Stores, Co.",(171) 555-1555,Fauntleroy Circus,,Manchester,,EC2 5NT,UK,EMEA,Ashworth,Victoria,Medium,10110,Early,S2,18,18,157807.81,51,94271.44132569559,1.0,0.09735950383251968,Bronze
10380,36,37.5,6,1350.0,2005-02-16,Shipped,1,2,2005,Classic Cars,90,S24_2766,Euro Shopping Channel,(91) 555 94 44,"C/ Moralzarzal, 86",,Madrid,,28034,Spain,EMEA,Freyre,Diego,Small,10104,Early,S2,13,13,912294.11,259,390830.2231807512,1.0,0.5152993396387399,Gold
10420,39,100.0,9,3933.93,2005-05-29,In Process,2,5,2005,Classic Cars,90,S24_2766,Souveniers And Things Co.,+61 2 9495 8555,"Monitor Money Building, 815 Pacific Hwy",Level 6,Chatswood,NSW,2067,Australia,APAC,Huxley,Adrian,Medium,10139,Growth,S2,13,13,151570.98,46,80882.175,0.14445278660885533,0.08967658031400969,Bronze
10104,44,39.6,10,1742.4,2003-01-31,Shipped,1,1,2003,Classic Cars,35,S24_2840,Euro Shopping Channel,(91) 555 94 44,"C/ Moralzarzal, 86",,Madrid,,28034,Spain,EMEA,Freyre,Diego,Small,10104,Early,S2,13,13,912294.11,259,390830.2231807512,1.0,0.5152993396387399,Gold
10114,24,30.06,1,721.44,2003-04-01,Shipped,2,4,2003,Classic Cars,35,S24_2840,"La Corne D'abondance, Co.",(1) 42.34.2555,"265, boulevard Charonne",,Paris,,75012,France,EMEA,Bertrand,Marie,Small,10114,Growth,S2,10,10,97203.68,23,59132.23866666666,1.0,0.0502654264226107,Bronze
10141,21,42.43,6,891.03,2003-08-01,Shipped,3,8,2003,Classic Cars,35,S24_2840,Suominen Souveniers,+358 9 8045 555,"Software Engineering Center, SEC Oy",,Espoo,,FIN-02271,Finland,EMEA,Suominen,Kalle,Small,10141,Growth,S2,9,9,113961.15,30,79230.13285714285,1.0,0.06283398058431945,Bronze
10151,30,40.31,4,1209.3,2003-09-21,Shipped,3,9,2003,Classic Cars,35,S24_2840,"Oulu Toy Supplies, Inc.",981-443655,Torikatu 38,,Oulu,,90110,Finland,EMEA,Koskitalo,Pirkko,Small,10151,Scale,S2,10,10,104370.38,32,76343.06352705411,1.0,0.06293500544345523,Bronze
10165,27,31.82,13,859.14,2003-10-22,Shipped,4,10,2003,Classic Cars,35,S24_2840,"Dragon Souveniers, Ltd.",+65 221 7555,"Bronz Sok., Bronz Apt. 3/6 Tesvikiye",,Singapore,,79903,Singapore,Japan,Natividad,Eric,Small,10117,Growth,S2,18,18,172989.68,43,91908.63639010189,0.09121179679999217,0.09132888493134783,Bronze
10175,37,31.12,2,1151.44,2003-11-06,Shipped,4,11,2003,Classic Cars,35,S24_2840,"Stylish Desk Decors, Co.",(171) 555-0297,35 King George,,London,,WX3 6FW,UK,EMEA,Brown,Ann,Small,10129,Growth,S2,12,12,88804.5,26,59914.31146025878,1.0,0.05192961308909447,Bronze
10184,42,31.82,7,1336.44,2003-11-14,Shipped,4,11,2003,Classic Cars,35,S24_2840,"Iberia Gift Imports, Corp.",(95) 555 82 82,"C/ Romero, 33",,Sevilla,,41101,Spain,EMEA,Roel,Jose Pedro,Small,10184,Scale,S2,13,13,54723.62,15,60896.711280487805,1.0,0.031755289392518975,Bronze
10246,49,36.07,6,1767.43,2004-05-05,Shipped,2,5,2004,Classic Cars,35,S24_2840,Euro Shopping Channel,(91) 555 94 44,"C/ Moralzarzal, 86",,Madrid,,28034,Spain,EMEA,Freyre,Diego,Small,10104,Early,S2,11,11,912294.11,259,390830.2231807512,1.0,0.5152993396387399,Gold
10259,31,33.24,5,1030.44,2004-06-15,Shipped,2,6,2004,Classic Cars,35,S24_2840,Handji Gifts& Co,+65 224 1555,Village Close - 106 Linden Road Sandown,2nd Floor,Singapore,,69045,Singapore,APAC,Victorino,Wendy,Small,10217,Recent,S2,13,13,115498.73,36,94734.91337078653,0.14445278660885533,0.07072781358587162,Bronze
10314,39,37.13,15,1448.07,2004-10-22,Shipped,4,10,2004,Classic Cars,35,S24_2840,Heintze Collectables,86 21 3555,Smagsloget 45,,Aaarhus,,8200,Denmark,EMEA,Ibsen,Palle,Small,10161,Scale,S2,15,15,100595.55,27,98702.62298387097,1.0,0.05719123450775858,Bronze
10358,36,82.94,4,2985.84,2004-12-10,Shipped,4,12,2004,Classic Cars,35,S24_2840,Euro Shopping Channel,(91) 555 94 44,"C/ Moralzarzal, 86",,Madrid,,28034,Spain,EMEA,Freyre,Diego,Small,10104,Early,S2,14,14,912294.11,259,390830.2231807512,1.0,0.5152993396387399,Gold
10383,40,100.0,3,6089.6,2005-02-22,Shipped,1,2,2005,Classic Cars,35,S24_2840,Euro Shopping Channel,(91) 555 94 44,"C/ Moralzarzal, 86",,Madrid,,28034,Spain,EMEA,Freyre,Diego,Medium,10104,Early,S2,13,13,912294.11,259,390830.2231807512,1.0,0.5152993396387399,Gold
10394,46,38.9,6,1789.4,2005-03-15,Shipped,1,3,2005,Classic Cars,35,S24_2840,Euro Shopping Channel,(91) 555 94 44,"C/ Moralzarzal, 86",,Madrid,,28034,Spain,EMEA,Freyre,Diego,Small,10104,Early,S2,7,7,912294.11,259,390830.2231807512,1.0,0.5152993396387399,Gold
10412,30,36.07,6,1082.1,2005-05-03,Shipped,2,5,2005,Classic Cars,35,S24_2840,Euro Shopping Channel,(91) 555 94 44,"C/ Moralzarzal, 86",,Madrid,,28034,Spain,EMEA,Freyre,Diego,Small,10104,Early,S2,11,11,912294.11,259,390830.2231807512,1.0,0.5152993396387399,Gold
10425,31,33.24,5,1030.44,2005-05-31,In Process,2,5,2005,Classic Cars,35,S24_2840,La Rochelle Gifts,40.67.8555,"67, rue des Cinquante Otages",,Nantes,,44000,France,EMEA,Labrune,Janine,Small,10275,Recent,S2,13,13,180124.9,53,210049.803514377,1.0,0.1091008571092068,Bronze
10106,49,74.68,13,3659.32,2003-02-17,Shipped,1,2,2003,Planes,68,S24_2841,Rovelli Gifts,035-640555,Via Ludovico il Moro 22,,Bergamo,,24100,Italy,EMEA,Rovelli,Giovanni,Medium,10106,Early,S2,18,18,137955.72,48,79297.38236220472,1.0,0.08894630469124336,Bronze
10119,41,59.6,4,2443.6,2003-04-28,Shipped,2,4,2003,Planes,68,S24_2841,Salzburg Collectables,6562-9555,Geislweg 14,,Salzburg,,5020,Austria,EMEA,Pipps,Georg,Small,10119,Growth,S2,14,14,149798.63,40,72804.92669773634,1.0,0.08202203553143256,Bronze
10155,23,72.62,6,1670.26,2003-10-06,Shipped,4,10,2003,Planes,68,S24_2841,"Toys of Finland, Co.",90-224 8555,Keskuskatu 45,,Helsinki,,21240,Finland,EMEA,Karttunen,Matti,Small,10155,Scale,S2,13,13,111250.38,30,82365.9,1.0,0.06236245706238509,Bronze
10167,21,69.88,2,1467.48,2003-10-23,Cancelled,4,10,2003,Planes,68,S24_2841,Scandinavian Gift Ideas,0695-34 6555,?kergatan 24,,Boras,,S-844 67,Sweden,EMEA,Larsson,Maria,Small,10167,Scale,S2,16,16,134259.33,38,98402.92259036144,1.0,0.0773008431710182,Bronze
10178,34,80.84,5,2748.56,2003-11-08,Shipped,4,11,2003,Planes,68,S24_2841,Alpha Cognac,61.77.6555,1 rue Alsace-Lorraine,,Toulouse,,31000,France,EMEA,Roulet,Annette,Small,10136,Growth,S2,12,12,70488.44,20,40580.88422712934,1.0,0.040207599850367405,Bronze
10186,22,69.2,2,1522.4,2003-11-14,Shipped,4,11,2003,Planes,68,S24_2841,"Double Decker Gift Stores, Ltd",(171) 555-7555,120 Hanover Sq.,,London,,WA1 1DP,UK,EMEA,Hardy,Thomas,Small,10186,Scale,S2,9,9,36019.04,12,187813.5657142857,1.0,0.02914808134381495,Bronze
10198,48,67.82,5,3255.36,2003-11-27,Shipped,4,11,2003,Planes,68,S24_2841,Cruz & Sons Co.,+63 2 555 3587,15 McCallum Street - NatWest Center #13-03,,Makati City,,1227 MM,Philippines,Japan,Cruz,Arnold,Medium,10108,Early,S2,6,6,94015.73,26,54905.18631999999,0.09121179679999217,0.052875972332028814,Bronze
10262,24,67.14,10,1611.36,2004-06-24,Cancelled,2,6,2004,Planes,68,S24_2841,Euro Shopping Channel,(91) 555 94 44,"C/ Moralzarzal, 86",,Madrid,,28034,Spain,EMEA,Freyre,Diego,Small,10104,Early,S2,16,16,912294.11,259,390830.2231807512,1.0,0.5152993396387399,Gold
10284,30,73.99,12,2219.7,2004-08-21,Shipped,3,8,2004,Planes,68,S24_2841,"Norway Gifts By Mail, Co.",+47 2212 1555,"Drammensveien 126 A, PB 744 Sentrum",,Oslo,,N 0106,Norway,EMEA,Klaeboe,Jan,Small,10284,Recent,S2,13,13,79224.23,24,89803.86319875775,1.0,0.04868280040290712,Bronze
10296,21,71.25,8,1496.25,2004-09-15,Shipped,3,9,2004,Planes,68,S24_2841,"Bavarian Collectables Imports, Co.",+49 89 61 08 9555,Hansastr. 15,,Munich,,80686,Germany,EMEA,Donnermeyer,Michael,Small,10296,Recent,S2,14,14,34993.92,14,12772780.799999999,1.0,0.523887847462416,Gold
10316,34,63.71,10,2166.14,2004-11-01,Shipped,4,11,2004,Planes,68,S24_2841,giftsbymail.co.uk,(198) 555-8888,Garden House Crowther Way,,Cowes,Isle of Wight,PO31 7PJ,UK,EMEA,Bennett,Helen,Small,10232,Recent,S2,18,18,78240.84,26,125805.75594713655,1.0,0.052193137398217876,Bronze
10328,48,58.92,1,2828.16,2004-11-12,Shipped,4,11,2004,Planes,68,S24_2841,Rovelli Gifts,035-640555,Via Ludovico il Moro 22,,Bergamo,,24100,Italy,EMEA,Rovelli,Giovanni,Small,10106,Early,S2,14,14,137955.72,48,79297.38236220472,1.0,0.08894630469124336,Bronze
10339,55,100.0,12,6214.45,2004-11-23,Shipped,4,11,2004,Planes,68,S24_2841,"Tokyo Collectables, Ltd",+81 3 3584 0555,2-2-8 Roppongi,,Minato-ku,Tokyo,106-0032,Japan,Japan,Shimamura,Akiko,Medium,10258,Recent,S2,16,16,120562.74,32,141042.94903846155,0.09121179679999217,0.06901754192631648,Bronze
10351,25,74.68,5,1867.0,2004-12-03,Shipped,4,12,2004,Planes,68,S24_2841,"Stylish Desk Decors, Co.",(171) 555-0297,35 King George,,London,,WX3 6FW,UK,EMEA,Brown,Ann,Small,10129,Growth,S2,5,5,88804.5,26,59914.31146025878,1.0,0.05192961308909447,Bronze
10373,38,70.44,7,2676.72,2005-01-31,Shipped,1,1,2005,Planes,68,S24_2841,"Oulu Toy Supplies, Inc.",981-443655,Torikatu 38,,Oulu,,90110,Finland,EMEA,Koskitalo,Pirkko,Small,10151,Scale,S2,17,17,104370.38,32,76343.06352705411,1.0,0.06293500544345523,Bronze
10386,39,55.96,1,2182.44,2005-03-01,Resolved,1,3,2005,Planes,68,S24_2841,Euro Shopping Channel,(91) 555 94 44,"C/ Moralzarzal, 86",,Madrid,,28034,Spain,EMEA,Freyre,Diego,Small,10104,Early,S2,18,18,912294.11,259,390830.2231807512,1.0,0.5152993396387399,Gold
10398,28,57.55,3,1611.4,2005-03-30,Shipped,1,3,2005,Planes,68,S24_2841,Reims Collectables,26.47.1555,59 rue de l'Abbaye,,Reims,,51100,France,EMEA,Henriot,Paul,Small,10121,Growth,S2,18,18,135042.94,41,71024.02463976944,1.0,0.07987576822974221,Bronze
10415,21,67.82,1,1424.22,2005-05-09,Disputed,2,5,2005,Planes,68,S24_2841,"Australian Collectables, Ltd",61-9-3844-6555,7 Allen Street,,Glen Waverly,Victoria,3150,Australia,APAC,Connery,Sean,Small,10193,Scale,S2,5,5,64591.46,23,43984.856156716414,0.14445278660885533,0.042522973876149284,Bronze
10110,46,100.0,10,5942.28,2003-03-18,Shipped,1,3,2003,Classic Cars,117,S24_2887,"AV Stores, Co.",(171) 555-1555,Fauntleroy Circus,,Manchester,,EC2 5NT,UK,EMEA,Ashworth,Victoria,Medium,10110,Early,S2,16,16,157807.81,51,94271.44132569559,1.0,0.09735950383251968,Bronze
10148,34,100.0,3,4392.12,2003-09-11,Shipped,3,9,2003,Classic Cars,117,S24_2887,"Anna's Decorations, Ltd",02 9936 8555,201 Miller Street,Level 15,North Sydney,NSW,2060,Australia,APAC,O'Hara,Anna,Medium,10148,Scale,S2,14,14,153996.13,46,102946.13086080586,0.14445278660885533,0.09107194995497356,Bronze
10161,25,100.0,2,2759.75,2003-10-17,Shipped,4,10,2003,Classic Cars,117,S24_2887,Heintze Collectables,86 21 3555,Smagsloget 45,,Aaarhus,,8200,Denmark,EMEA,Ibsen,Palle,Small,10161,Scale,S2,12,12,100595.55,27,98702.62298387097,1.0,0.05719123450775858,Bronze
10173,23,100.0,16,2728.03,2003-11-05,Shipped,4,11,2003,Classic Cars,117,S24_2887,Rovelli Gifts,035-640555,Via Ludovico il Moro 22,,Bergamo,,24100,Italy,EMEA,Rovelli,Giovanni,Small,10106,Early,S2,16,16,137955.72,48,79297.38236220472,1.0,0.08894630469124336,Bronze
10213,27,100.0,3,2790.45,2004-01-22,Shipped,1,1,2004,Classic Cars,117,S24_2887,"Double Decker Gift Stores, Ltd",(171) 555-7555,120 Hanover Sq.,,London,,WA1 1DP,UK,EMEA,Hardy,Thomas,Small,10186,Scale,S2,3,3,36019.04,12,187813.5657142857,1.0,0.02914808134381495,Bronze
10227,33,100.0,13,4340.49,2004-03-02,Shipped,1,3,2004,Classic Cars,117,S24_2887,"Saveley & Henriot, Co.",78.32.5555,"2, rue du Commerce",,Lyon,,69004,France,EMEA,Saveley,Mary,Medium,10194,Scale,S2,15,15,142874.25,41,526758.5984848485,1.0,0.09943267580879472,Bronze
10241,28,98.65,5,2762.2,2004-04-13,Shipped,2,4,2004,Classic Cars,117,S24_2887,Mini Caravy,88.60.1555,"24, place Kluber",,Strasbourg,,67000,France,EMEA,Citeaux,Frederique,Small,10241,Recent,S2,12,12,80438.48,19,80000.12316076295,1.0,0.0427737169683917,Bronze
10279,48,100.0,2,5580.96,2004-08-09,Shipped,3,8,2004,Classic Cars,117,S24_2887,Euro Shopping Channel,(91) 555 94 44,"C/ Moralzarzal, 86",,Madrid,,28034,Spain,EMEA,Freyre,Diego,Medium,10104,Early,S2,6,6,912294.11,259,390830.2231807512,1.0,0.5152993396387399,Gold
10288,48,100.0,8,6539.04,2004-09-01,Shipped,3,9,2004,Classic Cars,117,S24_2887,Handji Gifts& Co,+65 224 1555,Village Close - 106 Linden Road Sandown,2nd Floor,Singapore,,69045,Singapore,APAC,Victorino,Wendy,Medium,10217,Recent,S2,14,14,115498.73,36,94734.91337078653,0.14445278660885533,0.07072781358587162,Bronze
10302,45,100.0,4,5548.95,2003-10-06,Shipped,4,10,2003,Classic Cars,117,S24_2887,"UK Collectables, Ltd.",(171) 555-2282,Berkeley Gardens 12  Brewery,,Liverpool,,WX1 6LT,UK,EMEA,Devon,Elizabeth,Medium,10253,Recent,S2,6,6,118008.27,29,78172.44745916517,1.0,0.06252151573536294,Bronze
10311,43,100.0,3,4595.41,2004-10-16,Shipped,4,10,2004,Classic Cars,117,S24_2887,Euro Shopping Channel,(91) 555 94 44,"C/ Moralzarzal, 86",,Madrid,,28034,Spain,EMEA,Freyre,Diego,Medium,10104,Early,S2,11,11,912294.11,259,390830.2231807512,1.0,0.5152993396387399,Gold
10332,44,42.26,11,1859.44,2004-11-17,Shipped,4,11,2004,Classic Cars,117,S24_2887,"AV Stores, Co.",(171) 555-1555,Fauntleroy Circus,,Manchester,,EC2 5NT,UK,EMEA,Ashworth,Victoria,Small,10110,Early,S2,18,18,157807.81,51,94271.44132569559,1.0,0.09735950383251968,Bronze
10380,44,36.29,7,1596.76,2005-02-16,Shipped,1,2,2005,Classic Cars,117,S24_2887,Euro Shopping Channel,(91) 555 94 44,"C/ Moralzarzal, 86",,Madrid,,28034,Spain,EMEA,Freyre,Diego,Small,10104,Early,S2,13,13,912294.11,259,390830.2231807512,1.0,0.5152993396387399,Gold
10420,55,96.3,8,5296.5,2005-05-29,In Process,2,5,2005,Classic Cars,117,S24_2887,Souveniers And Things Co.,+61 2 9495 8555,"Monitor Money Building, 815 Pacific Hwy",Level 6,Chatswood,NSW,2067,Australia,APAC,Huxley,Adrian,Medium,10139,Growth,S2,13,13,151570.98,46,80882.175,0.14445278660885533,0.08967658031400969,Bronze
10122,39,30.96,4,1207.44,2003-05-08,Shipped,2,5,2003,Classic Cars,37,S24_2972,Marseille Mini Autos,91.24.4555,"12, rue des Bouchers",,Marseille,,13008,France,EMEA,Lebihan,Laurence,Small,10122,Growth,S2,17,17,74936.14,25,44838.83786885246,1.0,0.0471408447640282,Bronze
10181,37,42.67,8,1578.79,2003-11-12,Shipped,4,11,2003,Classic Cars,37,S24_2972,Herkku Gifts,+47 2267 3215,"Drammen 121, PR 744 Sentrum",,Bergen,,N 5804,Norway,EMEA,Oeztan,Veysel,Small,10181,Scale,S2,17,17,111640.28,29,137201.01750841748,1.0,0.06343619416528738,Bronze
10203,21,37.0,2,777.0,2003-12-02,Shipped,4,12,2003,Classic Cars,37,S24_2972,Euro Shopping Channel,(91) 555 94 44,"C/ Moralzarzal, 86",,Madrid,,28034,Spain,EMEA,Freyre,Diego,Small,10104,Early,S2,11,11,912294.11,259,390830.2231807512,1.0,0.5152993396387399,Gold
10212,34,43.42,12,1476.28,2004-01-16,Shipped,1,1,2004,Classic Cars,37,S24_2972,Euro Shopping Channel,(91) 555 94 44,"C/ Moralzarzal, 86",,Madrid,,28034,Spain,EMEA,Freyre,Diego,Small,10104,Early,S2,16,16,912294.11,259,390830.2231807512,1.0,0.5152993396387399,Gold
10225,42,36.63,3,1538.46,2004-02-22,Shipped,1,2,2004,Classic Cars,37,S24_2972,"Vida Sport, Ltd",0897-034555,Grenzacherweg 237,,Gensve,,1203,Switzerland,EMEA,Holz,Michael,Small,10225,Recent,S2,14,14,117713.56,31,224949.99685863874,1.0,0.07051922579065513,Bronze
10239,20,44.56,2,891.2,2004-04-12,Shipped,2,4,2004,Classic Cars,37,S24_2972,"Oulu Toy Supplies, Inc.",981-443655,Torikatu 38,,Oulu,,90110,Finland,EMEA,Koskitalo,Pirkko,Small,10151,Scale,S2,5,5,104370.38,32,76343.06352705411,1.0,0.06293500544345523,Bronze
10253,40,42.67,7,1706.8,2004-06-01,Cancelled,2,6,2004,Classic Cars,37,S24_2972,"UK Collectables, Ltd.",(171) 555-2282,Berkeley Gardens 12  Brewery,,Liverpool,,WX1 6LT,UK,EMEA,Devon,Elizabeth,Small,10253,Recent,S2,14,14,118008.27,29,78172.44745916517,1.0,0.06252151573536294,Bronze
10266,34,40.4,8,1373.6,2004-07-06,Shipped,3,7,2004,Classic Cars,37,S24_2972,L'ordine Souveniers,0522-556555,Strada Provinciale 124,,Reggio Emilia,,42100,Italy,EMEA,Moroni,Maurizio,Small,10176,Scale,S2,15,15,142601.33,39,94292.54610507246,1.0,0.08012703678424364,Bronze
10287,36,39.65,6,1427.4,2004-08-30,Shipped,3,8,2004,Classic Cars,37,S24_2972,"Vida Sport, Ltd",0897-034555,Grenzacherweg 237,,Gensve,,1203,Switzerland,EMEA,Holz,Michael,Small,10225,Recent,S2,17,17,117713.56,31,224949.99685863874,1.0,0.07051922579065513,Bronze
10301,48,34.36,10,1649.28,2003-10-05,Shipped,4,10,2003,Classic Cars,37,S24_2972,"Norway Gifts By Mail, Co.",+47 2212 1555,"Drammensveien 126 A, PB 744 Sentrum",,Oslo,,N 0106,Norway,EMEA,Klaeboe,Jan,Small,10284,Recent,S2,11,11,79224.23,24,89803.86319875775,1.0,0.04868280040290712,Bronze
10310,33,41.91,4,1383.03,2004-10-16,Shipped,4,10,2004,Classic Cars,37,S24_2972,"Toms Spezialitten, Ltd",0221-5554327,Mehrheimerstr. 369,,Koln,,50739,Germany,EMEA,Pfalzheim,Henriette,Small,10191,Scale,S2,17,17,100306.58,26,110276.8123493976,1.0,0.05642266341239877,Bronze
10342,39,40.4,9,1575.6,2004-11-24,Shipped,4,11,2004,Classic Cars,37,S24_2972,"Australian Collectors, Co.",03 9520 4555,636 St Kilda Road,Level 3,Melbourne,Victoria,3004,Australia,APAC,Ferguson,Peter,Small,10120,Growth,S2,11,11,200995.41,55,126270.78253012049,0.14445278660885533,0.11271325808083006,Bronze
10355,36,38.52,4,1386.72,2004-12-07,Shipped,4,12,2004,Classic Cars,37,S24_2972,Euro Shopping Channel,(91) 555 94 44,"C/ Moralzarzal, 86",,Madrid,,28034,Spain,EMEA,Freyre,Diego,Small,10104,Early,S2,10,10,912294.11,259,390830.2231807512,1.0,0.5152993396387399,Gold
10378,41,100.0,7,5856.85,2005-02-10,Shipped,1,2,2005,Classic Cars,37,S24_2972,Euro Shopping Channel,(91) 555 94 44,"C/ Moralzarzal, 86",,Madrid,,28034,Spain,EMEA,Freyre,Diego,Medium,10104,Early,S2,10,10,912294.11,259,390830.2231807512,1.0,0.5152993396387399,Gold
10405,47,44.56,2,2094.32,2005-04-14,Shipped,2,4,2005,Classic Cars,37,S24_2972,Mini Caravy,88.60.1555,"24, place Kluber",,Strasbourg,,67000,France,EMEA,Citeaux,Frederique,Small,10241,Recent,S2,5,5,80438.48,19,80000.12316076295,1.0,0.0427737169683917,Bronze
10419,15,42.67,7,640.05,2005-05-17,Shipped,2,5,2005,Classic Cars,37,S24_2972,Salzburg Collectables,6562-9555,Geislweg 14,,Salzburg,,5020,Austria,EMEA,Pipps,Georg,Small,10119,Growth,S2,14,14,149798.63,40,72804.92669773634,1.0,0.08202203553143256,Bronze
10105,44,72.58,4,3193.52,2003-02-11,Shipped,1,2,2003,Vintage Cars,88,S24_3151,Danish Wholesale Imports,31 12 3555,Vinb'ltet 34,,Kobenhavn,,1734,Denmark,EMEA,Petersen,Jytte,Medium,10105,Early,S2,15,15,145041.6,36,66591.42641509433,1.0,0.07610272679186011,Bronze
10119,35,87.62,13,3066.7,2003-04-28,Shipped,2,4,2003,Vintage Cars,88,S24_3151,Salzburg Collectables,6562-9555,Geislweg 14,,Salzburg,,5020,Austria,EMEA,Pipps,Georg,Medium,10119,Growth,S2,14,14,149798.63,40,72804.92669773634,1.0,0.08202203553143256,Bronze
10129,41,94.71,4,3883.11,2003-06-12,Shipped,2,6,2003,Vintage Cars,88,S24_3151,"Stylish Desk Decors, Co.",(171) 555-0297,35 King George,,London,,WX3 6FW,UK,EMEA,Brown,Ann,Medium,10129,Growth,S2,9,9,88804.5,26,59914.31146025878,1.0,0.05192961308909447,Bronze
10167,20,79.66,11,1593.2,2003-10-23,Cancelled,4,10,2003,Vintage Cars,88,S24_3151,Scandinavian Gift Ideas,0695-34 6555,?kergatan 24,,Boras,,S-844 67,Sweden,EMEA,Larsson,Maria,Small,10167,Scale,S2,16,16,134259.33,38,98402.92259036144,1.0,0.0773008431710182,Bronze
10177,45,72.58,2,3266.1,2003-11-07,Shipped,4,11,2003,Vintage Cars,88,S24_3151,CAF Imports,+34 913 728 555,"Merchants House, 27-30 Merchant's Quay",,Madrid,,28023,Spain,EMEA,Fernandez,Jesus,Medium,10177,Scale,S2,11,11,49642.05,13,135219.0167910448,1.0,0.031234068851378527,Bronze
10197,47,83.2,8,3910.4,2003-11-26,Shipped,4,11,2003,Vintage Cars,88,S24_3151,Enaco Distributors,(93) 203 4555,"Rambla de Catalu¤a, 23",,Barcelona,,8022,Spain,EMEA,Saavedra,Eduardo,Medium,10118,Growth,S2,14,14,78411.86,23,49007.4125,1.0,0.04574939797050226,Bronze
10208,20,89.4,2,1788.0,2004-01-02,Shipped,1,1,2004,Vintage Cars,88,S24_3151,"Saveley & Henriot, Co.",78.32.5555,"2, rue du Commerce",,Lyon,,69004,France,EMEA,Saveley,Mary,Small,10194,Scale,S2,15,15,142874.25,41,526758.5984848485,1.0,0.09943267580879472,Bronze
10273,27,100.0,6,2796.12,2004-07-21,Shipped,3,7,2004,Vintage Cars,88,S24_3151,Petit Auto,(02) 5554 67,Rue Joseph-Bens 532,,Bruxelles,,B-1180,Belgium,EMEA,Dewey,Catherine,Small,10221,Recent,S2,15,15,74972.52,25,58472.157692307694,1.0,0.04768250670201093,Bronze
10306,31,84.08,2,2606.48,2004-10-14,Shipped,4,10,2004,Vintage Cars,88,S24_3151,"AV Stores, Co.",(171) 555-1555,Fauntleroy Circus,,Manchester,,EC2 5NT,UK,EMEA,Ashworth,Victoria,Small,10110,Early,S2,17,17,157807.81,51,94271.44132569559,1.0,0.09735950383251968,Bronze
10315,24,86.74,1,2081.76,2004-10-29,Shipped,4,10,2004,Vintage Cars,88,S24_3151,La Rochelle Gifts,40.67.8555,"67, rue des Cinquante Otages",,Nantes,,44000,France,EMEA,Labrune,Janine,Small,10275,Recent,S2,7,7,180124.9,53,210049.803514377,1.0,0.1091008571092068,Bronze
10326,41,85.85,3,3519.85,2004-11-09,Shipped,4,11,2004,Vintage Cars,88,S24_3151,"Volvo Model Replicas, Co",0921-12 3555,Berguvsvgen  8,,Lule,,S-958 22,Sweden,EMEA,Berglund,Christina,Medium,10112,Early,S2,6,6,75754.88,19,45552.76968698518,1.0,0.040398475567936076,Bronze
10339,55,100.0,13,10758.0,2004-11-23,Shipped,4,11,2004,Vintage Cars,88,S24_3151,"Tokyo Collectables, Ltd",+81 3 3584 0555,2-2-8 Roppongi,,Minato-ku,Tokyo,106-0032,Japan,Japan,Shimamura,Akiko,Large,10258,Recent,S2,16,16,120562.74,32,141042.94903846155,0.09121179679999217,0.06901754192631648,Bronze
10350,30,100.0,9,3021.0,2004-12-02,Shipped,4,12,2004,Vintage Cars,88,S24_3151,Euro Shopping Channel,(91) 555 94 44,"C/ Moralzarzal, 86",,Madrid,,28034,Spain,EMEA,Freyre,Diego,Medium,10104,Early,S2,17,17,912294.11,259,390830.2231807512,1.0,0.5152993396387399,Gold
10373,33,57.32,12,1891.56,2005-01-31,Shipped,1,1,2005,Vintage Cars,88,S24_3151,"Oulu Toy Supplies, Inc.",981-443655,Torikatu 38,,Oulu,,90110,Finland,EMEA,Koskitalo,Pirkko,Small,10151,Scale,S2,17,17,104370.38,32,76343.06352705411,1.0,0.06293500544345523,Bronze
10110,27,73.62,12,1987.74,2003-03-18,Shipped,1,3,2003,Classic Cars,85,S24_3191,"AV Stores, Co.",(171) 555-1555,Fauntleroy Circus,,Manchester,,EC2 5NT,UK,EMEA,Ashworth,Victoria,Small,10110,Early,S2,16,16,157807.81,51,94271.44132569559,1.0,0.09735950383251968,Bronze
10148,31,73.62,5,2282.22,2003-09-11,Shipped,3,9,2003,Classic Cars,85,S24_3191,"Anna's Decorations, Ltd",02 9936 8555,201 Miller Street,Level 15,North Sydney,NSW,2060,Australia,APAC,O'Hara,Anna,Small,10148,Scale,S2,14,14,153996.13,46,102946.13086080586,0.14445278660885533,0.09107194995497356,Bronze
10161,20,77.05,4,1541.0,2003-10-17,Shipped,4,10,2003,Classic Cars,85,S24_3191,Heintze Collectables,86 21 3555,Smagsloget 45,,Aaarhus,,8200,Denmark,EMEA,Ibsen,Palle,Small,10161,Scale,S2,12,12,100595.55,27,98702.62298387097,1.0,0.05719123450775858,Bronze
10212,27,79.62,2,2149.74,2004-01-16,Shipped,1,1,2004,Classic Cars,85,S24_3191,Euro Shopping Channel,(91) 555 94 44,"C/ Moralzarzal, 86",,Madrid,,28034,Spain,EMEA,Freyre,Diego,Small,10104,Early,S2,16,16,912294.11,259,390830.2231807512,1.0,0.5152993396387399,Gold
10227,40,79.62,15,3184.8,2004-03-02,Shipped,1,3,2004,Classic Cars,85,S24_3191,"Saveley & Henriot, Co.",78.32.5555,"2, rue du Commerce",,Lyon,,69004,France,EMEA,Saveley,Mary,Medium,10194,Scale,S2,15,15,142874.25,41,526758.5984848485,1.0,0.09943267580879472,Bronze
10241,26,81.33,7,2114.58,2004-04-13,Shipped,2,4,2004,Classic Cars,85,S24_3191,Mini Caravy,88.60.1555,"24, place Kluber",,Strasbourg,,67000,France,EMEA,Citeaux,Frederique,Small,10241,Recent,S2,12,12,80438.48,19,80000.12316076295,1.0,0.0427737169683917,Bronze
10279,33,71.06,4,2344.98,2004-08-09,Shipped,3,8,2004,Classic Cars,85,S24_3191,Euro Shopping Channel,(91) 555 94 44,"C/ Moralzarzal, 86",,Madrid,,28034,Spain,EMEA,Freyre,Diego,Small,10104,Early,S2,6,6,912294.11,259,390830.2231807512,1.0,0.5152993396387399,Gold
10288,34,68.49,10,2328.66,2004-09-01,Shipped,3,9,2004,Classic Cars,85,S24_3191,Handji Gifts& Co,+65 224 1555,Village Close - 106 Linden Road Sandown,2nd Floor,Singapore,,69045,Singapore,APAC,Victorino,Wendy,Small,10217,Recent,S2,14,14,115498.73,36,94734.91337078653,0.14445278660885533,0.07072781358587162,Bronze
10302,48,74.48,6,3575.04,2003-10-06,Shipped,4,10,2003,Classic Cars,85,S24_3191,"UK Collectables, Ltd.",(171) 555-2282,Berkeley Gardens 12  Brewery,,Liverpool,,WX1 6LT,UK,EMEA,Devon,Elizabeth,Medium,10253,Recent,S2,6,6,118008.27,29,78172.44745916517,1.0,0.06252151573536294,Bronze
10311,25,83.04,5,2076.0,2004-10-16,Shipped,4,10,2004,Classic Cars,85,S24_3191,Euro Shopping Channel,(91) 555 94 44,"C/ Moralzarzal, 86",,Madrid,,28034,Spain,EMEA,Freyre,Diego,Small,10104,Early,S2,11,11,912294.11,259,390830.2231807512,1.0,0.5152993396387399,Gold
10332,45,34.19,12,1538.55,2004-11-17,Shipped,4,11,2004,Classic Cars,85,S24_3191,"AV Stores, Co.",(171) 555-1555,Fauntleroy Circus,,Manchester,,EC2 5NT,UK,EMEA,Ashworth,Victoria,Small,10110,Early,S2,18,18,157807.81,51,94271.44132569559,1.0,0.09735950383251968,Bronze
10380,44,79.06,9,3478.64,2005-02-16,Shipped,1,2,2005,Classic Cars,85,S24_3191,Euro Shopping Channel,(91) 555 94 44,"C/ Moralzarzal, 86",,Madrid,,28034,Spain,EMEA,Freyre,Diego,Medium,10104,Early,S2,13,13,912294.11,259,390830.2231807512,1.0,0.5152993396387399,Gold
10420,35,96.74,10,3385.9,2005-05-29,In Process,2,5,2005,Classic Cars,85,S24_3191,Souveniers And Things Co.,+61 2 9495 8555,"Monitor Money Building, 815 Pacific Hwy",Level 6,Chatswood,NSW,2067,Australia,APAC,Huxley,Adrian,Medium,10139,Growth,S2,13,13,151570.98,46,80882.175,0.14445278660885533,0.08967658031400969,Bronze
10108,30,63.07,5,1892.1,2003-03-03,Shipped,1,3,2003,Classic Cars,61,S24_3371,Cruz & Sons Co.,+63 2 555 3587,15 McCallum Street - NatWest Center #13-03,,Makati City,,1227 MM,Philippines,Japan,Cruz,Arnold,Small,10108,Early,S2,16,16,94015.73,26,54905.18631999999,0.09121179679999217,0.052875972332028814,Bronze
10122,34,50.21,9,1707.14,2003-05-08,Shipped,2,5,2003,Classic Cars,61,S24_3371,Marseille Mini Autos,91.24.4555,"12, rue des Bouchers",,Marseille,,13008,France,EMEA,Lebihan,Laurence,Small,10122,Growth,S2,17,17,74936.14,25,44838.83786885246,1.0,0.0471408447640282,Bronze
10169,34,50.21,1,1707.14,2003-11-04,Shipped,4,11,2003,Classic Cars,61,S24_3371,"Anna's Decorations, Ltd",02 9936 8555,201 Miller Street,Level 15,North Sydney,NSW,2060,Australia,APAC,O'Hara,Anna,Small,10148,Scale,S2,13,13,153996.13,46,102946.13086080586,0.14445278660885533,0.09107194995497356,Bronze
10181,23,65.52,13,1506.96,2003-11-12,Shipped,4,11,2003,Classic Cars,61,S24_3371,Herkku Gifts,+47 2267 3215,"Drammen 121, PR 744 Sentrum",,Bergen,,N 5804,Norway,EMEA,Oeztan,Veysel,Small,10181,Scale,S2,17,17,111640.28,29,137201.01750841748,1.0,0.06343619416528738,Bronze
10191,48,60.01,2,2880.48,2003-11-20,Shipped,4,11,2003,Classic Cars,61,S24_3371,"Toms Spezialitten, Ltd",0221-5554327,Mehrheimerstr. 369,,Koln,,50739,Germany,EMEA,Pfalzheim,Henriette,Small,10191,Scale,S2,9,9,100306.58,26,110276.8123493976,1.0,0.05642266341239877,Bronze
10203,34,64.9,7,2206.6,2003-12-02,Shipped,4,12,2003,Classic Cars,61,S24_3371,Euro Shopping Channel,(91) 555 94 44,"C/ Moralzarzal, 86",,Madrid,,28034,Spain,EMEA,Freyre,Diego,Small,10104,Early,S2,11,11,912294.11,259,390830.2231807512,1.0,0.5152993396387399,Gold
10211,48,48.98,1,2351.04,2004-01-15,Shipped,1,1,2004,Classic Cars,61,S24_3371,Auto Canal Petit,(1) 47.55.6555,"25, rue Lauriston",,Paris,,75016,France,EMEA,Perrier,Dominique,Small,10211,Recent,S2,15,15,93170.66,27,75740.06881959911,1.0,0.054664607831659315,Bronze
10225,24,50.21,8,1205.04,2004-02-22,Shipped,1,2,2004,Classic Cars,61,S24_3371,"Vida Sport, Ltd",0897-034555,Grenzacherweg 237,,Gensve,,1203,Switzerland,EMEA,Holz,Michael,Small,10225,Recent,S2,14,14,117713.56,31,224949.99685863874,1.0,0.07051922579065513,Bronze
10238,47,62.45,2,2935.15,2004-04-09,Shipped,2,4,2004,Classic Cars,61,S24_3371,Danish Wholesale Imports,31 12 3555,Vinb'ltet 34,,Kobenhavn,,1734,Denmark,EMEA,Petersen,Jytte,Small,10105,Early,S2,8,8,145041.6,36,66591.42641509433,1.0,0.07610272679186011,Bronze
10253,24,52.66,12,1263.84,2004-06-01,Cancelled,2,6,2004,Classic Cars,61,S24_3371,"UK Collectables, Ltd.",(171) 555-2282,Berkeley Gardens 12  Brewery,,Liverpool,,WX1 6LT,UK,EMEA,Devon,Elizabeth,Small,10253,Recent,S2,14,14,118008.27,29,78172.44745916517,1.0,0.06252151573536294,Bronze
10266,47,62.45,13,2935.15,2004-07-06,Shipped,3,7,2004,Classic Cars,61,S24_3371,L'ordine Souveniers,0522-556555,Strada Provinciale 124,,Reggio Emilia,,42100,Italy,EMEA,Moroni,Maurizio,Small,10176,Scale,S2,15,15,142601.33,39,94292.54610507246,1.0,0.08012703678424364,Bronze
10287,20,67.97,11,1359.4,2004-08-30,Shipped,3,8,2004,Classic Cars,61,S24_3371,"Vida Sport, Ltd",0897-034555,Grenzacherweg 237,,Gensve,,1203,Switzerland,EMEA,Holz,Michael,Small,10225,Recent,S2,17,17,117713.56,31,224949.99685863874,1.0,0.07051922579065513,Bronze
10300,31,58.78,4,1822.18,2003-10-04,Shipped,4,10,2003,Classic Cars,61,S24_3371,"Blauer See Auto, Co.",+49 69 66 90 2555,Lyonerstr. 34,,Frankfurt,,60528,Germany,EMEA,Keitel,Roland,Small,10101,Early,S2,8,8,85171.59,22,46608.14145427286,1.0,0.04597909459062931,Bronze
10310,38,56.94,9,2163.72,2004-10-16,Shipped,4,10,2004,Classic Cars,61,S24_3371,"Toms Spezialitten, Ltd",0221-5554327,Mehrheimerstr. 369,,Koln,,50739,Germany,EMEA,Pfalzheim,Henriette,Small,10191,Scale,S2,17,17,100306.58,26,110276.8123493976,1.0,0.05642266341239877,Bronze
10320,26,61.23,2,1591.98,2004-11-03,Shipped,4,11,2004,Classic Cars,61,S24_3371,"Volvo Model Replicas, Co",0921-12 3555,Berguvsvgen  8,,Lule,,S-958 22,Sweden,EMEA,Berglund,Christina,Small,10112,Early,S2,5,5,75754.88,19,45552.76968698518,1.0,0.040398475567936076,Bronze
10342,48,62.45,10,2997.6,2004-11-24,Shipped,4,11,2004,Classic Cars,61,S24_3371,"Australian Collectors, Co.",03 9520 4555,636 St Kilda Road,Level 3,Melbourne,Victoria,3004,Australia,APAC,Ferguson,Peter,Small,10120,Growth,S2,11,11,200995.41,55,126270.78253012049,0.14445278660885533,0.11271325808083006,Bronze
10355,44,62.45,6,2747.8,2004-12-07,Shipped,4,12,2004,Classic Cars,61,S24_3371,Euro Shopping Channel,(91) 555 94 44,"C/ Moralzarzal, 86",,Madrid,,28034,Spain,EMEA,Freyre,Diego,Small,10104,Early,S2,10,10,912294.11,259,390830.2231807512,1.0,0.5152993396387399,Gold
10363,21,100.0,15,2447.76,2005-01-06,Shipped,1,1,2005,Classic Cars,61,S24_3371,Suominen Souveniers,+358 9 8045 555,"Software Engineering Center, SEC Oy",,Espoo,,FIN-02271,Finland,EMEA,Suominen,Kalle,Small,10141,Growth,S2,15,15,113961.15,30,79230.13285714285,1.0,0.06283398058431945,Bronze
10378,46,41.54,6,1910.84,2005-02-10,Shipped,1,2,2005,Classic Cars,61,S24_3371,Euro Shopping Channel,(91) 555 94 44,"C/ Moralzarzal, 86",,Madrid,,28034,Spain,EMEA,Freyre,Diego,Small,10104,Early,S2,10,10,912294.11,259,390830.2231807512,1.0,0.5152993396387399,Gold
10419,55,52.66,12,2896.3,2005-05-17,Shipped,2,5,2005,Classic Cars,61,S24_3371,Salzburg Collectables,6562-9555,Geislweg 14,,Salzburg,,5020,Austria,EMEA,Pipps,Georg,Small,10119,Growth,S2,14,14,149798.63,40,72804.92669773634,1.0,0.08202203553143256,Bronze
10106,31,52.6,14,1630.6,2003-02-17,Shipped,1,2,2003,Vintage Cars,65,S24_3420,Rovelli Gifts,035-640555,Via Ludovico il Moro 22,,Bergamo,,24100,Italy,EMEA,Rovelli,Giovanni,Small,10106,Early,S2,18,18,137955.72,48,79297.38236220472,1.0,0.08894630469124336,Bronze
10119,20,72.98,5,1459.6,2003-04-28,Shipped,2,4,2003,Vintage Cars,65,S24_3420,Salzburg Collectables,6562-9555,Geislweg 14,,Salzburg,,5020,Austria,EMEA,Pipps,Georg,Small,10119,Growth,S2,14,14,149798.63,40,72804.92669773634,1.0,0.08202203553143256,Bronze
10155,34,55.89,7,1900.26,2003-10-06,Shipped,4,10,2003,Vintage Cars,65,S24_3420,"Toys of Finland, Co.",90-224 8555,Keskuskatu 45,,Helsinki,,21240,Finland,EMEA,Karttunen,Matti,Small,10155,Scale,S2,13,13,111250.38,30,82365.9,1.0,0.06236245706238509,Bronze
10167,32,63.12,3,2019.84,2003-10-23,Cancelled,4,10,2003,Vintage Cars,65,S24_3420,Scandinavian Gift Ideas,0695-34 6555,?kergatan 24,,Boras,,S-844 67,Sweden,EMEA,Larsson,Maria,Small,10167,Scale,S2,16,16,134259.33,38,98402.92259036144,1.0,0.0773008431710182,Bronze
10178,27,73.64,6,1988.28,2003-11-08,Shipped,4,11,2003,Vintage Cars,65,S24_3420,Alpha Cognac,61.77.6555,1 rue Alsace-Lorraine,,Toulouse,,31000,France,EMEA,Roulet,Annette,Small,10136,Growth,S2,12,12,70488.44,20,40580.88422712934,1.0,0.040207599850367405,Bronze
10186,21,69.04,3,1449.84,2003-11-14,Shipped,4,11,2003,Vintage Cars,65,S24_3420,"Double Decker Gift Stores, Ltd",(171) 555-7555,120 Hanover Sq.,,London,,WA1 1DP,UK,EMEA,Hardy,Thomas,Small,10186,Scale,S2,9,9,36019.04,12,187813.5657142857,1.0,0.02914808134381495,Bronze
10198,27,71.67,6,1935.09,2003-11-27,Shipped,4,11,2003,Vintage Cars,65,S24_3420,Cruz & Sons Co.,+63 2 555 3587,15 McCallum Street - NatWest Center #13-03,,Makati City,,1227 MM,Philippines,Japan,Cruz,Arnold,Small,10108,Early,S2,6,6,94015.73,26,54905.18631999999,0.09121179679999217,0.052875972332028814,Bronze
10262,46,70.35,11,3236.1,2004-06-24,Cancelled,2,6,2004,Vintage Cars,65,S24_3420,Euro Shopping Channel,(91) 555 94 44,"C/ Moralzarzal, 86",,Madrid,,28034,Spain,EMEA,Freyre,Diego,Medium,10104,Early,S2,16,16,912294.11,259,390830.2231807512,1.0,0.5152993396387399,Gold
10284,39,71.67,13,2795.13,2004-08-21,Shipped,3,8,2004,Vintage Cars,65,S24_3420,"Norway Gifts By Mail, Co.",+47 2212 1555,"Drammensveien 126 A, PB 744 Sentrum",,Oslo,,N 0106,Norway,EMEA,Klaeboe,Jan,Small,10284,Recent,S2,13,13,79224.23,24,89803.86319875775,1.0,0.04868280040290712,Bronze
10296,31,53.92,9,1671.52,2004-09-15,Shipped,3,9,2004,Vintage Cars,65,S24_3420,"Bavarian Collectables Imports, Co.",+49 89 61 08 9555,Hansastr. 15,,Munich,,80686,Germany,EMEA,Donnermeyer,Michael,Small,10296,Recent,S2,14,14,34993.92,14,12772780.799999999,1.0,0.523887847462416,Gold
10316,47,76.93,11,3615.71,2004-11-01,Shipped,4,11,2004,Vintage Cars,65,S24_3420,giftsbymail.co.uk,(198) 555-8888,Garden House Crowther Way,,Cowes,Isle of Wight,PO31 7PJ,UK,EMEA,Bennett,Helen,Medium,10232,Recent,S2,18,18,78240.84,26,125805.75594713655,1.0,0.052193137398217876,Bronze
10328,20,72.98,2,1459.6,2004-11-12,Shipped,4,11,2004,Vintage Cars,65,S24_3420,Rovelli Gifts,035-640555,Via Ludovico il Moro 22,,Bergamo,,24100,Italy,EMEA,Rovelli,Giovanni,Small,10106,Early,S2,14,14,137955.72,48,79297.38236220472,1.0,0.08894630469124336,Bronze
10339,29,99.69,14,2891.01,2004-11-23,Shipped,4,11,2004,Vintage Cars,65,S24_3420,"Tokyo Collectables, Ltd",+81 3 3584 0555,2-2-8 Roppongi,,Minato-ku,Tokyo,106-0032,Japan,Japan,Shimamura,Akiko,Small,10258,Recent,S2,16,16,120562.74,32,141042.94903846155,0.09121179679999217,0.06901754192631648,Bronze
10351,38,68.38,4,2598.44,2004-12-03,Shipped,4,12,2004,Vintage Cars,65,S24_3420,"Stylish Desk Decors, Co.",(171) 555-0297,35 King George,,London,,WX3 6FW,UK,EMEA,Brown,Ann,Small,10129,Growth,S2,5,5,88804.5,26,59914.31146025878,1.0,0.05192961308909447,Bronze
10361,34,100.0,6,3871.92,2004-12-17,Shipped,4,12,2004,Vintage Cars,65,S24_3420,Souveniers And Things Co.,+61 2 9495 8555,"Monitor Money Building, 815 Pacific Hwy",Level 6,Chatswood,NSW,2067,Australia,APAC,Huxley,Adrian,Medium,10139,Growth,S2,14,14,151570.98,46,80882.175,0.14445278660885533,0.08967658031400969,Bronze
10373,46,66.0,11,3036.0,2005-01-31,Shipped,1,1,2005,Vintage Cars,65,S24_3420,"Oulu Toy Supplies, Inc.",981-443655,Torikatu 38,,Oulu,,90110,Finland,EMEA,Koskitalo,Pirkko,Medium,10151,Scale,S2,17,17,104370.38,32,76343.06352705411,1.0,0.06293500544345523,Bronze
10386,35,63.76,9,2231.6,2005-03-01,Resolved,1,3,2005,Vintage Cars,65,S24_3420,Euro Shopping Channel,(91) 555 94 44,"C/ Moralzarzal, 86",,Madrid,,28034,Spain,EMEA,Freyre,Diego,Small,10104,Early,S2,18,18,912294.11,259,390830.2231807512,1.0,0.5152993396387399,Gold
10398,34,71.67,13,2436.78,2005-03-30,Shipped,1,3,2005,Vintage Cars,65,S24_3420,Reims Collectables,26.47.1555,59 rue de l'Abbaye,,Reims,,51100,France,EMEA,Henriot,Paul,Small,10121,Growth,S2,18,18,135042.94,41,71024.02463976944,1.0,0.07987576822974221,Bronze
10415,18,69.7,2,1254.6,2005-05-09,Disputed,2,5,2005,Vintage Cars,65,S24_3420,"Australian Collectables, Ltd",61-9-3844-6555,7 Allen Street,,Glen Waverly,Victoria,3150,Australia,APAC,Connery,Sean,Small,10193,Scale,S2,5,5,64591.46,23,43984.856156716414,0.14445278660885533,0.042522973876149284,Bronze
10110,37,100.0,14,3724.42,2003-03-18,Shipped,1,3,2003,Classic Cars,107,S24_3432,"AV Stores, Co.",(171) 555-1555,Fauntleroy Circus,,Manchester,,EC2 5NT,UK,EMEA,Ashworth,Victoria,Medium,10110,Early,S2,16,16,157807.81,51,94271.44132569559,1.0,0.09735950383251968,Bronze
10148,27,100.0,7,3469.5,2003-09-11,Shipped,3,9,2003,Classic Cars,107,S24_3432,"Anna's Decorations, Ltd",02 9936 8555,201 Miller Street,Level 15,North Sydney,NSW,2060,Australia,APAC,O'Hara,Anna,Medium,10148,Scale,S2,14,14,153996.13,46,102946.13086080586,0.14445278660885533,0.09107194995497356,Bronze
10161,30,100.0,6,3148.2,2003-10-17,Shipped,4,10,2003,Classic Cars,107,S24_3432,Heintze Collectables,86 21 3555,Smagsloget 45,,Aaarhus,,8200,Denmark,EMEA,Ibsen,Palle,Medium,10161,Scale,S2,12,12,100595.55,27,98702.62298387097,1.0,0.05719123450775858,Bronze
10212,46,87.81,4,4039.26,2004-01-16,Shipped,1,1,2004,Classic Cars,107,S24_3432,Euro Shopping Channel,(91) 555 94 44,"C/ Moralzarzal, 86",,Madrid,,28034,Spain,EMEA,Freyre,Diego,Medium,10104,Early,S2,16,16,912294.11,259,390830.2231807512,1.0,0.5152993396387399,Gold
10241,27,86.73,9,2341.71,2004-04-13,Shipped,2,4,2004,Classic Cars,107,S24_3432,Mini Caravy,88.60.1555,"24, place Kluber",,Strasbourg,,67000,France,EMEA,Citeaux,Frederique,Small,10241,Recent,S2,12,12,80438.48,19,80000.12316076295,1.0,0.0427737169683917,Bronze
10279,48,100.0,6,6168.0,2004-08-09,Shipped,3,8,2004,Classic Cars,107,S24_3432,Euro Shopping Channel,(91) 555 94 44,"C/ Moralzarzal, 86",,Madrid,,28034,Spain,EMEA,Freyre,Diego,Medium,10104,Early,S2,6,6,912294.11,259,390830.2231807512,1.0,0.5152993396387399,Gold
10288,41,100.0,12,4873.26,2004-09-01,Shipped,3,9,2004,Classic Cars,107,S24_3432,Handji Gifts& Co,+65 224 1555,Village Close - 106 Linden Road Sandown,2nd Floor,Singapore,,69045,Singapore,APAC,Victorino,Wendy,Medium,10217,Recent,S2,14,14,115498.73,36,94734.91337078653,0.14445278660885533,0.07072781358587162,Bronze
10301,22,96.37,2,2120.14,2003-10-05,Shipped,4,10,2003,Classic Cars,107,S24_3432,"Norway Gifts By Mail, Co.",+47 2212 1555,"Drammensveien 126 A, PB 744 Sentrum",,Oslo,,N 0106,Norway,EMEA,Klaeboe,Jan,Small,10284,Recent,S2,11,11,79224.23,24,89803.86319875775,1.0,0.04868280040290712,Bronze
10311,46,92.09,7,4236.14,2004-10-16,Shipped,4,10,2004,Classic Cars,107,S24_3432,Euro Shopping Channel,(91) 555 94 44,"C/ Moralzarzal, 86",,Madrid,,28034,Spain,EMEA,Freyre,Diego,Medium,10104,Early,S2,11,11,912294.11,259,390830.2231807512,1.0,0.5152993396387399,Gold
10332,31,37.18,13,1152.58,2004-11-17,Shipped,4,11,2004,Classic Cars,107,S24_3432,"AV Stores, Co.",(171) 555-1555,Fauntleroy Circus,,Manchester,,EC2 5NT,UK,EMEA,Ashworth,Victoria,Small,10110,Early,S2,18,18,157807.81,51,94271.44132569559,1.0,0.09735950383251968,Bronze
10380,34,100.0,11,3953.18,2005-02-16,Shipped,1,2,2005,Classic Cars,107,S24_3432,Euro Shopping Channel,(91) 555 94 44,"C/ Moralzarzal, 86",,Madrid,,28034,Spain,EMEA,Freyre,Diego,Medium,10104,Early,S2,13,13,912294.11,259,390830.2231807512,1.0,0.5152993396387399,Gold
10420,26,100.0,12,2617.16,2005-05-29,In Process,2,5,2005,Classic Cars,107,S24_3432,Souveniers And Things Co.,+61 2 9495 8555,"Monitor Money Building, 815 Pacific Hwy",Level 6,Chatswood,NSW,2067,Australia,APAC,Huxley,Adrian,Small,10139,Growth,S2,13,13,151570.98,46,80882.175,0.14445278660885533,0.08967658031400969,Bronze
10105,50,79.67,1,3983.5,2003-02-11,Shipped,1,2,2003,Vintage Cars,83,S24_3816,Danish Wholesale Imports,31 12 3555,Vinb'ltet 34,,Kobenhavn,,1734,Denmark,EMEA,Petersen,Jytte,Medium,10105,Early,S2,15,15,145041.6,36,66591.42641509433,1.0,0.07610272679186011,Bronze
10119,35,90.57,10,3169.95,2003-04-28,Shipped,2,4,2003,Vintage Cars,83,S24_3816,Salzburg Collectables,6562-9555,Geislweg 14,,Salzburg,,5020,Austria,EMEA,Pipps,Georg,Medium,10119,Growth,S2,14,14,149798.63,40,72804.92669773634,1.0,0.08202203553143256,Bronze
10129,50,77.99,1,3899.5,2003-06-12,Shipped,2,6,2003,Vintage Cars,83,S24_3816,"Stylish Desk Decors, Co.",(171) 555-0297,35 King George,,London,,WX3 6FW,UK,EMEA,Brown,Ann,Medium,10129,Growth,S2,9,9,88804.5,26,59914.31146025878,1.0,0.05192961308909447,Bronze
10155,37,67.93,12,2513.41,2003-10-06,Shipped,4,10,2003,Vintage Cars,83,S24_3816,"Toys of Finland, Co.",90-224 8555,Keskuskatu 45,,Helsinki,,21240,Finland,EMEA,Karttunen,Matti,Small,10155,Scale,S2,13,13,111250.38,30,82365.9,1.0,0.06236245706238509,Bronze
10167,29,83.86,8,2431.94,2003-10-23,Cancelled,4,10,2003,Vintage Cars,83,S24_3816,Scandinavian Gift Ideas,0695-34 6555,?kergatan 24,,Boras,,S-844 67,Sweden,EMEA,Larsson,Maria,Small,10167,Scale,S2,16,16,134259.33,38,98402.92259036144,1.0,0.0773008431710182,Bronze
10178,21,72.12,11,1514.52,2003-11-08,Shipped,4,11,2003,Vintage Cars,83,S24_3816,Alpha Cognac,61.77.6555,1 rue Alsace-Lorraine,,Toulouse,,31000,France,EMEA,Roulet,Annette,Small,10136,Growth,S2,12,12,70488.44,20,40580.88422712934,1.0,0.040207599850367405,Bronze
10186,36,85.54,8,3079.44,2003-11-14,Shipped,4,11,2003,Vintage Cars,83,S24_3816,"Double Decker Gift Stores, Ltd",(171) 555-7555,120 Hanover Sq.,,London,,WA1 1DP,UK,EMEA,Hardy,Thomas,Medium,10186,Scale,S2,9,9,36019.04,12,187813.5657142857,1.0,0.02914808134381495,Bronze
10197,22,86.38,5,1900.36,2003-11-26,Shipped,4,11,2003,Vintage Cars,83,S24_3816,Enaco Distributors,(93) 203 4555,"Rambla de Catalu¤a, 23",,Barcelona,,8022,Spain,EMEA,Saavedra,Eduardo,Small,10118,Growth,S2,14,14,78411.86,23,49007.4125,1.0,0.04574939797050226,Bronze
10262,49,87.21,16,4273.29,2004-06-24,Cancelled,2,6,2004,Vintage Cars,83,S24_3816,Euro Shopping Channel,(91) 555 94 44,"C/ Moralzarzal, 86",,Madrid,,28034,Spain,EMEA,Freyre,Diego,Medium,10104,Early,S2,16,16,912294.11,259,390830.2231807512,1.0,0.5152993396387399,Gold
10273,48,83.02,3,3984.96,2004-07-21,Shipped,3,7,2004,Vintage Cars,83,S24_3816,Petit Auto,(02) 5554 67,Rue Joseph-Bens 532,,Bruxelles,,B-1180,Belgium,EMEA,Dewey,Catherine,Medium,10221,Recent,S2,15,15,74972.52,25,58472.157692307694,1.0,0.04768250670201093,Bronze
10296,22,77.15,14,1697.3,2004-09-15,Shipped,3,9,2004,Vintage Cars,83,S24_3816,"Bavarian Collectables Imports, Co.",+49 89 61 08 9555,Hansastr. 15,,Munich,,80686,Germany,EMEA,Donnermeyer,Michael,Small,10296,Recent,S2,14,14,34993.92,14,12772780.799999999,1.0,0.523887847462416,Gold
10316,25,92.25,16,2306.25,2004-11-01,Shipped,4,11,2004,Vintage Cars,83,S24_3816,giftsbymail.co.uk,(198) 555-8888,Garden House Crowther Way,,Cowes,Isle of Wight,PO31 7PJ,UK,EMEA,Bennett,Helen,Small,10232,Recent,S2,18,18,78240.84,26,125805.75594713655,1.0,0.052193137398217876,Bronze
10326,20,92.25,2,1845.0,2004-11-09,Shipped,4,11,2004,Vintage Cars,83,S24_3816,"Volvo Model Replicas, Co",0921-12 3555,Berguvsvgen  8,,Lule,,S-958 22,Sweden,EMEA,Berglund,Christina,Small,10112,Early,S2,6,6,75754.88,19,45552.76968698518,1.0,0.040398475567936076,Bronze
10339,42,59.36,16,2493.12,2004-11-23,Shipped,4,11,2004,Vintage Cars,83,S24_3816,"Tokyo Collectables, Ltd",+81 3 3584 0555,2-2-8 Roppongi,,Minato-ku,Tokyo,106-0032,Japan,Japan,Shimamura,Akiko,Small,10258,Recent,S2,16,16,120562.74,32,141042.94903846155,0.09121179679999217,0.06901754192631648,Bronze
10350,25,60.34,10,1508.5,2004-12-02,Shipped,4,12,2004,Vintage Cars,83,S24_3816,Euro Shopping Channel,(91) 555 94 44,"C/ Moralzarzal, 86",,Madrid,,28034,Spain,EMEA,Freyre,Diego,Small,10104,Early,S2,17,17,912294.11,259,390830.2231807512,1.0,0.5152993396387399,Gold
10373,23,100.0,10,2394.3,2005-01-31,Shipped,1,1,2005,Vintage Cars,83,S24_3816,"Oulu Toy Supplies, Inc.",981-443655,Torikatu 38,,Oulu,,90110,Finland,EMEA,Koskitalo,Pirkko,Small,10151,Scale,S2,17,17,104370.38,32,76343.06352705411,1.0,0.06293500544345523,Bronze
10108,40,100.0,1,5448.8,2003-03-03,Shipped,1,3,2003,Classic Cars,140,S24_3856,Cruz & Sons Co.,+63 2 555 3587,15 McCallum Street - NatWest Center #13-03,,Makati City,,1227 MM,Philippines,Japan,Cruz,Arnold,Medium,10108,Early,S2,16,16,94015.73,26,54905.18631999999,0.09121179679999217,0.052875972332028814,Bronze
10122,43,100.0,5,5494.97,2003-05-08,Shipped,2,5,2003,Classic Cars,140,S24_3856,Marseille Mini Autos,91.24.4555,"12, rue des Bouchers",,Marseille,,13008,France,EMEA,Lebihan,Laurence,Medium,10122,Growth,S2,17,17,74936.14,25,44838.83786885246,1.0,0.0471408447640282,Bronze
10170,34,100.0,1,3819.56,2003-11-04,Shipped,4,11,2003,Classic Cars,140,S24_3856,Mini Auto Werke,7675-3555,Kirchgasse 6,,Graz,,8010,Austria,EMEA,Mendel,Roland,Medium,10164,Scale,S2,4,4,52263.9,15,37625.88461538462,1.0,0.030305097200400477,Bronze
10181,25,100.0,9,3861.75,2003-11-12,Shipped,4,11,2003,Classic Cars,140,S24_3856,Herkku Gifts,+47 2267 3215,"Drammen 121, PR 744 Sentrum",,Bergen,,N 5804,Norway,EMEA,Oeztan,Veysel,Medium,10181,Scale,S2,17,17,111640.28,29,137201.01750841748,1.0,0.06343619416528738,Bronze
10203,47,100.0,3,6996.42,2003-12-02,Shipped,4,12,2003,Classic Cars,140,S24_3856,Euro Shopping Channel,(91) 555 94 44,"C/ Moralzarzal, 86",,Madrid,,28034,Spain,EMEA,Freyre,Diego,Medium,10104,Early,S2,11,11,912294.11,259,390830.2231807512,1.0,0.5152993396387399,Gold
10212,49,100.0,13,6949.67,2004-01-16,Shipped,1,1,2004,Classic Cars,140,S24_3856,Euro Shopping Channel,(91) 555 94 44,"C/ Moralzarzal, 86",,Madrid,,28034,Spain,EMEA,Freyre,Diego,Medium,10104,Early,S2,16,16,912294.11,259,390830.2231807512,1.0,0.5152993396387399,Gold
10225,40,100.0,4,4550.0,2004-02-22,Shipped,1,2,2004,Classic Cars,140,S24_3856,"Vida Sport, Ltd",0897-034555,Grenzacherweg 237,,Gensve,,1203,Switzerland,EMEA,Holz,Michael,Medium,10225,Recent,S2,14,14,117713.56,31,224949.99685863874,1.0,0.07051922579065513,Bronze
10239,29,100.0,3,4479.63,2004-04-12,Shipped,2,4,2004,Classic Cars,140,S24_3856,"Oulu Toy Supplies, Inc.",981-443655,Torikatu 38,,Oulu,,90110,Finland,EMEA,Koskitalo,Pirkko,Medium,10151,Scale,S2,5,5,104370.38,32,76343.06352705411,1.0,0.06293500544345523,Bronze
10253,39,100.0,8,5148.0,2004-06-01,Cancelled,2,6,2004,Classic Cars,140,S24_3856,"UK Collectables, Ltd.",(171) 555-2282,Berkeley Gardens 12  Brewery,,Liverpool,,WX1 6LT,UK,EMEA,Devon,Elizabeth,Medium,10253,Recent,S2,14,14,118008.27,29,78172.44745916517,1.0,0.06252151573536294,Bronze
10266,24,100.0,9,2932.08,2004-07-06,Shipped,3,7,2004,Classic Cars,140,S24_3856,L'ordine Souveniers,0522-556555,Strada Provinciale 124,,Reggio Emilia,,42100,Italy,EMEA,Moroni,Maurizio,Small,10176,Scale,S2,15,15,142601.33,39,94292.54610507246,1.0,0.08012703678424364,Bronze
10287,36,100.0,7,4297.32,2004-08-30,Shipped,3,8,2004,Classic Cars,140,S24_3856,"Vida Sport, Ltd",0897-034555,Grenzacherweg 237,,Gensve,,1203,Switzerland,EMEA,Holz,Michael,Medium,10225,Recent,S2,17,17,117713.56,31,224949.99685863874,1.0,0.07051922579065513,Bronze
10301,50,100.0,11,7723.5,2003-10-05,Shipped,4,10,2003,Classic Cars,140,S24_3856,"Norway Gifts By Mail, Co.",+47 2212 1555,"Drammensveien 126 A, PB 744 Sentrum",,Oslo,,N 0106,Norway,EMEA,Klaeboe,Jan,Large,10284,Recent,S2,11,11,79224.23,24,89803.86319875775,1.0,0.04868280040290712,Bronze
10310,45,100.0,5,5497.65,2004-10-16,Shipped,4,10,2004,Classic Cars,140,S24_3856,"Toms Spezialitten, Ltd",0221-5554327,Mehrheimerstr. 369,,Koln,,50739,Germany,EMEA,Pfalzheim,Henriette,Medium,10191,Scale,S2,17,17,100306.58,26,110276.8123493976,1.0,0.05642266341239877,Bronze
10342,42,100.0,6,5013.54,2004-11-24,Shipped,4,11,2004,Classic Cars,140,S24_3856,"Australian Collectors, Co.",03 9520 4555,636 St Kilda Road,Level 3,Melbourne,Victoria,3004,Australia,APAC,Ferguson,Peter,Medium,10120,Growth,S2,11,11,200995.41,55,126270.78253012049,0.14445278660885533,0.11271325808083006,Bronze
10355,32,100.0,8,5302.72,2004-12-07,Shipped,4,12,2004,Classic Cars,140,S24_3856,Euro Shopping Channel,(91) 555 94 44,"C/ Moralzarzal, 86",,Madrid,,28034,Spain,EMEA,Freyre,Diego,Medium,10104,Early,S2,10,10,912294.11,259,390830.2231807512,1.0,0.5152993396387399,Gold
10363,31,94.58,1,2931.98,2005-01-06,Shipped,1,1,2005,Classic Cars,140,S24_3856,Suominen Souveniers,+358 9 8045 555,"Software Engineering Center, SEC Oy",,Espoo,,FIN-02271,Finland,EMEA,Suominen,Kalle,Small,10141,Growth,S2,15,15,113961.15,30,79230.13285714285,1.0,0.06283398058431945,Bronze
10378,33,53.27,3,1757.91,2005-02-10,Shipped,1,2,2005,Classic Cars,140,S24_3856,Euro Shopping Channel,(91) 555 94 44,"C/ Moralzarzal, 86",,Madrid,,28034,Spain,EMEA,Freyre,Diego,Small,10104,Early,S2,10,10,912294.11,259,390830.2231807512,1.0,0.5152993396387399,Gold
10405,76,100.0,3,11739.7,2005-04-14,Shipped,2,4,2005,Classic Cars,140,S24_3856,Mini Caravy,88.60.1555,"24, place Kluber",,Strasbourg,,67000,France,EMEA,Citeaux,Frederique,Large,10241,Recent,S2,5,5,80438.48,19,80000.12316076295,1.0,0.0427737169683917,Bronze
10419,70,100.0,8,9240.0,2005-05-17,Shipped,2,5,2005,Classic Cars,140,S24_3856,Salzburg Collectables,6562-9555,Geislweg 14,,Salzburg,,5020,Austria,EMEA,Pipps,Georg,Large,10119,Growth,S2,14,14,149798.63,40,72804.92669773634,1.0,0.08202203553143256,Bronze
10106,50,64.83,11,3241.5,2003-02-17,Shipped,1,2,2003,Planes,68,S24_3949,Rovelli Gifts,035-640555,Via Ludovico il Moro 22,,Bergamo,,24100,Italy,EMEA,Rovelli,Giovanni,Medium,10106,Early,S2,18,18,137955.72,48,79297.38236220472,1.0,0.08894630469124336,Bronze
10119,28,70.29,2,1968.12,2003-04-28,Shipped,2,4,2003,Planes,68,S24_3949,Salzburg Collectables,6562-9555,Geislweg 14,,Salzburg,,5020,Austria,EMEA,Pipps,Georg,Small,10119,Growth,S2,14,14,149798.63,40,72804.92669773634,1.0,0.08202203553143256,Bronze
10155,44,77.11,4,3392.84,2003-10-06,Shipped,4,10,2003,Planes,68,S24_3949,"Toys of Finland, Co.",90-224 8555,Keskuskatu 45,,Helsinki,,21240,Finland,EMEA,Karttunen,Matti,Medium,10155,Scale,S2,13,13,111250.38,30,82365.9,1.0,0.06236245706238509,Bronze
10178,30,72.33,3,2169.9,2003-11-08,Shipped,4,11,2003,Planes,68,S24_3949,Alpha Cognac,61.77.6555,1 rue Alsace-Lorraine,,Toulouse,,31000,France,EMEA,Roulet,Annette,Small,10136,Growth,S2,12,12,70488.44,20,40580.88422712934,1.0,0.040207599850367405,Bronze
10198,43,66.19,3,2846.17,2003-11-27,Shipped,4,11,2003,Planes,68,S24_3949,Cruz & Sons Co.,+63 2 555 3587,15 McCallum Street - NatWest Center #13-03,,Makati City,,1227 MM,Philippines,Japan,Cruz,Arnold,Small,10108,Early,S2,6,6,94015.73,26,54905.18631999999,0.09121179679999217,0.052875972332028814,Bronze
10210,29,69.6,16,2018.4,2004-01-12,Shipped,1,1,2004,Planes,68,S24_3949,Osaka Souveniers Co.,+81 06 6342 5555,"Dojima Avanza 4F, 1-6-20 Dojima, Kita-ku",,Osaka,Osaka,530-0003,Japan,Japan,Kentary,Mory,Small,10210,Recent,S2,17,17,67605.07,20,265331.72634408606,0.09121179679999217,0.048373524517489136,Bronze
10262,48,61.42,8,2948.16,2004-06-24,Cancelled,2,6,2004,Planes,68,S24_3949,Euro Shopping Channel,(91) 555 94 44,"C/ Moralzarzal, 86",,Madrid,,28034,Spain,EMEA,Freyre,Diego,Small,10104,Early,S2,16,16,912294.11,259,390830.2231807512,1.0,0.5152993396387399,Gold
10275,41,81.89,18,3357.49,2004-07-23,Shipped,3,7,2004,Planes,68,S24_3949,La Rochelle Gifts,40.67.8555,"67, rue des Cinquante Otages",,Nantes,,44000,France,EMEA,Labrune,Janine,Medium,10275,Recent,S2,18,18,180124.9,53,210049.803514377,1.0,0.1091008571092068,Bronze
10284,21,55.96,10,1175.16,2004-08-21,Shipped,3,8,2004,Planes,68,S24_3949,"Norway Gifts By Mail, Co.",+47 2212 1555,"Drammensveien 126 A, PB 744 Sentrum",,Oslo,,N 0106,Norway,EMEA,Klaeboe,Jan,Small,10284,Recent,S2,13,13,79224.23,24,89803.86319875775,1.0,0.04868280040290712,Bronze
10296,32,71.65,6,2292.8,2004-09-15,Shipped,3,9,2004,Planes,68,S24_3949,"Bavarian Collectables Imports, Co.",+49 89 61 08 9555,Hansastr. 15,,Munich,,80686,Germany,EMEA,Donnermeyer,Michael,Small,10296,Recent,S2,14,14,34993.92,14,12772780.799999999,1.0,0.523887847462416,Gold
10316,30,77.79,8,2333.7,2004-11-01,Shipped,4,11,2004,Planes,68,S24_3949,giftsbymail.co.uk,(198) 555-8888,Garden House Crowther Way,,Cowes,Isle of Wight,PO31 7PJ,UK,EMEA,Bennett,Helen,Small,10232,Recent,S2,18,18,78240.84,26,125805.75594713655,1.0,0.052193137398217876,Bronze
10328,35,76.43,3,2675.05,2004-11-12,Shipped,4,11,2004,Planes,68,S24_3949,Rovelli Gifts,035-640555,Via Ludovico il Moro 22,,Bergamo,,24100,Italy,EMEA,Rovelli,Giovanni,Small,10106,Early,S2,14,14,137955.72,48,79297.38236220472,1.0,0.08894630469124336,Bronze
10339,45,96.92,11,4361.4,2004-11-23,Shipped,4,11,2004,Planes,68,S24_3949,"Tokyo Collectables, Ltd",+81 3 3584 0555,2-2-8 Roppongi,,Minato-ku,Tokyo,106-0032,Japan,Japan,Shimamura,Akiko,Medium,10258,Recent,S2,16,16,120562.74,32,141042.94903846155,0.09121179679999217,0.06901754192631648,Bronze
10351,34,59.37,3,2018.58,2004-12-03,Shipped,4,12,2004,Planes,68,S24_3949,"Stylish Desk Decors, Co.",(171) 555-0297,35 King George,,London,,WX3 6FW,UK,EMEA,Brown,Ann,Small,10129,Growth,S2,5,5,88804.5,26,59914.31146025878,1.0,0.05192961308909447,Bronze
10361,26,100.0,7,3710.98,2004-12-17,Shipped,4,12,2004,Planes,68,S24_3949,Souveniers And Things Co.,+61 2 9495 8555,"Monitor Money Building, 815 Pacific Hwy",Level 6,Chatswood,NSW,2067,Australia,APAC,Huxley,Adrian,Medium,10139,Growth,S2,14,14,151570.98,46,80882.175,0.14445278660885533,0.08967658031400969,Bronze
10373,39,73.0,13,2847.0,2005-01-31,Shipped,1,1,2005,Planes,68,S24_3949,"Oulu Toy Supplies, Inc.",981-443655,Torikatu 38,,Oulu,,90110,Finland,EMEA,Koskitalo,Pirkko,Small,10151,Scale,S2,17,17,104370.38,32,76343.06352705411,1.0,0.06293500544345523,Bronze
10386,41,73.32,12,3006.12,2005-03-01,Resolved,1,3,2005,Planes,68,S24_3949,Euro Shopping Channel,(91) 555 94 44,"C/ Moralzarzal, 86",,Madrid,,28034,Spain,EMEA,Freyre,Diego,Medium,10104,Early,S2,18,18,912294.11,259,390830.2231807512,1.0,0.5152993396387399,Gold
10398,41,68.24,2,2797.84,2005-03-30,Shipped,1,3,2005,Planes,68,S24_3949,Reims Collectables,26.47.1555,59 rue de l'Abbaye,,Reims,,51100,France,EMEA,Henriot,Paul,Small,10121,Growth,S2,18,18,135042.94,41,71024.02463976944,1.0,0.07987576822974221,Bronze
10416,18,75.06,13,1351.08,2005-05-10,Shipped,2,5,2005,Planes,68,S24_3949,L'ordine Souveniers,0522-556555,Strada Provinciale 124,,Reggio Emilia,,42100,Italy,EMEA,Moroni,Maurizio,Small,10176,Scale,S2,14,14,142601.33,39,94292.54610507246,1.0,0.08012703678424364,Bronze
10110,48,34.47,5,1654.56,2003-03-18,Shipped,1,3,2003,Vintage Cars,41,S24_3969,"AV Stores, Co.",(171) 555-1555,Fauntleroy Circus,,Manchester,,EC2 5NT,UK,EMEA,Ashworth,Victoria,Small,10110,Early,S2,16,16,157807.81,51,94271.44132569559,1.0,0.09735950383251968,Bronze
10173,35,33.23,11,1163.05,2003-11-05,Shipped,4,11,2003,Vintage Cars,41,S24_3969,Rovelli Gifts,035-640555,Via Ludovico il Moro 22,,Bergamo,,24100,Italy,EMEA,Rovelli,Giovanni,Small,10106,Early,S2,16,16,137955.72,48,79297.38236220472,1.0,0.08894630469124336,Bronze
10193,22,41.03,12,902.66,2003-11-21,Shipped,4,11,2003,Vintage Cars,41,S24_3969,"Australian Collectables, Ltd",61-9-3844-6555,7 Allen Street,,Glen Waverly,Victoria,3150,Australia,APAC,Connery,Sean,Small,10193,Scale,S2,16,16,64591.46,23,43984.856156716414,0.14445278660885533,0.042522973876149284,Bronze
10214,44,34.88,5,1534.72,2004-01-26,Shipped,1,1,2004,Vintage Cars,41,S24_3969,"Corrida Auto Replicas, Ltd",(91) 555 22 82,"C/ Araquil, 67",,Madrid,,28023,Spain,EMEA,Sommer,Mart¡n,Small,10126,Growth,S2,7,7,120615.28,32,84016.36870229007,1.0,0.0667967122594898,Bronze
10227,27,43.9,8,1185.3,2004-03-02,Shipped,1,3,2004,Vintage Cars,41,S24_3969,"Saveley & Henriot, Co.",78.32.5555,"2, rue du Commerce",,Lyon,,69004,France,EMEA,Saveley,Mary,Small,10194,Scale,S2,15,15,142874.25,41,526758.5984848485,1.0,0.09943267580879472,Bronze
10280,33,41.85,14,1381.05,2004-08-17,Shipped,3,8,2004,Vintage Cars,41,S24_3969,Amica Models & Co.,011-4988555,Via Monte Bianco 34,,Torino,,10100,Italy,EMEA,Accorti,Paolo,Small,10280,Recent,S2,17,17,94117.26,26,1431366.6624999999,1.0,0.10678083828361203,Bronze
10288,33,40.62,3,1340.46,2004-09-01,Shipped,3,9,2004,Vintage Cars,41,S24_3969,Handji Gifts& Co,+65 224 1555,Village Close - 106 Linden Road Sandown,2nd Floor,Singapore,,69045,Singapore,APAC,Victorino,Wendy,Small,10217,Recent,S2,14,14,115498.73,36,94734.91337078653,0.14445278660885533,0.07072781358587162,Bronze
10303,24,40.21,1,965.04,2004-10-06,Shipped,4,10,2004,Vintage Cars,41,S24_3969,"Iberia Gift Imports, Corp.",(95) 555 82 82,"C/ Romero, 33",,Sevilla,,41101,Spain,EMEA,Roel,Jose Pedro,Small,10184,Scale,S2,2,2,54723.62,15,60896.711280487805,1.0,0.031755289392518975,Bronze
10332,41,77.24,14,3166.84,2004-11-17,Shipped,4,11,2004,Vintage Cars,41,S24_3969,"AV Stores, Co.",(171) 555-1555,Fauntleroy Circus,,Manchester,,EC2 5NT,UK,EMEA,Ashworth,Victoria,Medium,10110,Early,S2,18,18,157807.81,51,94271.44132569559,1.0,0.09735950383251968,Bronze
10380,43,95.03,12,4086.29,2005-02-16,Shipped,1,2,2005,Vintage Cars,41,S24_3969,Euro Shopping Channel,(91) 555 94 44,"C/ Moralzarzal, 86",,Madrid,,28034,Spain,EMEA,Freyre,Diego,Medium,10104,Early,S2,13,13,912294.11,259,390830.2231807512,1.0,0.5152993396387399,Gold
10408,15,36.93,1,553.95,2005-04-22,Shipped,2,4,2005,Vintage Cars,41,S24_3969,"Tokyo Collectables, Ltd",+81 3 3584 0555,2-2-8 Roppongi,,Minato-ku,Tokyo,106-0032,Japan,Japan,Shimamura,Akiko,Small,10258,Recent,S2,1,1,120562.74,32,141042.94903846155,0.09121179679999217,0.06901754192631648,Bronze
10420,15,43.49,3,652.35,2005-05-29,In Process,2,5,2005,Vintage Cars,41,S24_3969,Souveniers And Things Co.,+61 2 9495 8555,"Monitor Money Building, 815 Pacific Hwy",Level 6,Chatswood,NSW,2067,Australia,APAC,Huxley,Adrian,Small,10139,Growth,S2,13,13,151570.98,46,80882.175,0.14445278660885533,0.08967658031400969,Bronze
10104,26,100.0,5,2921.62,2003-01-31,Shipped,1,1,2003,Classic Cars,118,S24_4048,Euro Shopping Channel,(91) 555 94 44,"C/ Moralzarzal, 86",,Madrid,,28034,Spain,EMEA,Freyre,Diego,Small,10104,Early,S2,13,13,912294.11,259,390830.2231807512,1.0,0.5152993396387399,Gold
10141,40,94.62,1,3784.8,2003-08-01,Shipped,3,8,2003,Classic Cars,118,S24_4048,Suominen Souveniers,+358 9 8045 555,"Software Engineering Center, SEC Oy",,Espoo,,FIN-02271,Finland,EMEA,Suominen,Kalle,Medium,10141,Growth,S2,9,9,113961.15,30,79230.13285714285,1.0,0.06283398058431945,Bronze
10152,23,100.0,3,2802.09,2003-09-25,Shipped,3,9,2003,Classic Cars,118,S24_4048,"Australian Gift Network, Co",61-7-3844-6555,31 Duncan St. West End,,South Brisbane,Queensland,4101,Australia,APAC,Calaghan,Tony,Small,10152,Scale,S2,4,4,59469.12,15,43674.504627766604,0.14445278660885533,0.032121457634630854,Bronze
10165,24,99.36,8,2384.64,2003-10-22,Shipped,4,10,2003,Classic Cars,118,S24_4048,"Dragon Souveniers, Ltd.",+65 221 7555,"Bronz Sok., Bronz Apt. 3/6 Tesvikiye",,Singapore,,79903,Singapore,Japan,Natividad,Eric,Small,10117,Growth,S2,18,18,172989.68,43,91908.63639010189,0.09121179679999217,0.09132888493134783,Bronze
10176,29,100.0,7,2915.66,2003-11-06,Shipped,4,11,2003,Classic Cars,118,S24_4048,L'ordine Souveniers,0522-556555,Strada Provinciale 124,,Reggio Emilia,,42100,Italy,EMEA,Moroni,Maurizio,Small,10176,Scale,S2,10,10,142601.33,39,94292.54610507246,1.0,0.08012703678424364,Bronze
10184,49,100.0,2,5795.72,2003-11-14,Shipped,4,11,2003,Classic Cars,118,S24_4048,"Iberia Gift Imports, Corp.",(95) 555 82 82,"C/ Romero, 33",,Sevilla,,41101,Spain,EMEA,Roel,Jose Pedro,Medium,10184,Scale,S2,13,13,54723.62,15,60896.711280487805,1.0,0.031755289392518975,Bronze
10220,37,100.0,7,5032.74,2004-02-12,Shipped,1,2,2004,Classic Cars,118,S24_4048,"Clover Collections, Co.",+353 1862 1555,25 Maiden Lane,Floor No. 4,Dublin,,2,Ireland,EMEA,Cassidy,Dean,Medium,10220,Recent,S2,9,9,57756.43,16,96702.27958715596,1.0,0.03498010163810477,Bronze
10230,45,100.0,5,4737.15,2004-03-15,Shipped,1,3,2004,Classic Cars,118,S24_4048,"Blauer See Auto, Co.",+49 69 66 90 2555,Lyonerstr. 34,,Frankfurt,,60528,Germany,EMEA,Keitel,Roland,Medium,10101,Early,S2,8,8,85171.59,22,46608.14145427286,1.0,0.04597909459062931,Bronze
10246,46,100.0,1,6311.2,2004-05-05,Shipped,2,5,2004,Classic Cars,118,S24_4048,Euro Shopping Channel,(91) 555 94 44,"C/ Moralzarzal, 86",,Madrid,,28034,Spain,EMEA,Freyre,Diego,Medium,10104,Early,S2,11,11,912294.11,259,390830.2231807512,1.0,0.5152993396387399,Gold
10314,38,100.0,10,4000.26,2004-10-22,Shipped,4,10,2004,Classic Cars,118,S24_4048,Heintze Collectables,86 21 3555,Smagsloget 45,,Aaarhus,,8200,Denmark,EMEA,Ibsen,Palle,Medium,10161,Scale,S2,15,15,100595.55,27,98702.62298387097,1.0,0.05719123450775858,Bronze
10325,44,100.0,5,5325.76,2004-11-05,Shipped,4,11,2004,Classic Cars,118,S24_4048,Baane Mini Imports,07-98 9555,Erling Skakkes gate 78,,Stavern,,4110,Norway,EMEA,Bergulfsen,Jonas,Medium,10103,Early,S2,9,9,116599.19,32,65778.52295208655,1.0,0.06520234066938801,Bronze
10336,31,100.0,5,4618.69,2004-11-20,Shipped,4,11,2004,Classic Cars,118,S24_4048,"La Corne D'abondance, Co.",(1) 42.34.2555,"265, boulevard Charonne",,Paris,,75012,France,EMEA,Bertrand,Marie,Medium,10114,Growth,S2,12,12,97203.68,23,59132.23866666666,1.0,0.0502654264226107,Bronze
10359,22,100.0,7,2603.04,2004-12-15,Shipped,4,12,2004,Classic Cars,118,S24_4048,Reims Collectables,26.47.1555,59 rue de l'Abbaye,,Reims,,51100,France,EMEA,Henriot,Paul,Small,10121,Growth,S2,8,8,135042.94,41,71024.02463976944,1.0,0.07987576822974221,Bronze
10383,21,93.91,4,1972.11,2005-02-22,Shipped,1,2,2005,Classic Cars,118,S24_4048,Euro Shopping Channel,(91) 555 94 44,"C/ Moralzarzal, 86",,Madrid,,28034,Spain,EMEA,Freyre,Diego,Small,10104,Early,S2,13,13,912294.11,259,390830.2231807512,1.0,0.5152993396387399,Gold
10394,37,100.0,7,5207.75,2005-03-15,Shipped,1,3,2005,Classic Cars,118,S24_4048,Euro Shopping Channel,(91) 555 94 44,"C/ Moralzarzal, 86",,Madrid,,28034,Spain,EMEA,Freyre,Diego,Medium,10104,Early,S2,7,7,912294.11,259,390830.2231807512,1.0,0.5152993396387399,Gold
10412,31,100.0,1,4253.2,2005-05-03,Shipped,2,5,2005,Classic Cars,118,S24_4048,Euro Shopping Channel,(91) 555 94 44,"C/ Moralzarzal, 86",,Madrid,,28034,Spain,EMEA,Freyre,Diego,Medium,10104,Early,S2,11,11,912294.11,259,390830.2231807512,1.0,0.5152993396387399,Gold
10103,25,100.0,15,2873.0,2003-01-29,Shipped,1,1,2003,Vintage Cars,97,S24_4258,Baane Mini Imports,07-98 9555,Erling Skakkes gate 78,,Stavern,,4110,Norway,EMEA,Bergulfsen,Jonas,Small,10103,Early,S2,16,16,116599.19,32,65778.52295208655,1.0,0.06520234066938801,Bronze
10126,34,100.0,15,3576.12,2003-05-28,Shipped,2,5,2003,Vintage Cars,97,S24_4258,"Corrida Auto Replicas, Ltd",(91) 555 22 82,"C/ Araquil, 67",,Madrid,,28023,Spain,EMEA,Sommer,Mart¡n,Medium,10126,Growth,S2,17,17,120615.28,32,84016.36870229007,1.0,0.0667967122594898,Bronze
10139,29,100.0,4,3276.13,2003-07-16,Shipped,3,7,2003,Vintage Cars,97,S24_4258,Souveniers And Things Co.,+61 2 9495 8555,"Monitor Money Building, 815 Pacific Hwy",Level 6,Chatswood,NSW,2067,Australia,APAC,Huxley,Adrian,Medium,10139,Growth,S2,8,8,151570.98,46,80882.175,0.14445278660885533,0.08967658031400969,Bronze
10173,22,100.0,3,2571.14,2003-11-05,Shipped,4,11,2003,Vintage Cars,97,S24_4258,Rovelli Gifts,035-640555,Via Ludovico il Moro 22,,Bergamo,,24100,Italy,EMEA,Rovelli,Giovanni,Small,10106,Early,S2,16,16,137955.72,48,79297.38236220472,1.0,0.08894630469124336,Bronze
10193,20,100.0,4,2279.0,2003-11-21,Shipped,4,11,2003,Vintage Cars,97,S24_4258,"Australian Collectables, Ltd",61-9-3844-6555,7 Allen Street,,Glen Waverly,Victoria,3150,Australia,APAC,Connery,Sean,Small,10193,Scale,S2,16,16,64591.46,23,43984.856156716414,0.14445278660885533,0.042522973876149284,Bronze
10244,40,86.68,4,3467.2,2004-04-29,Shipped,2,4,2004,Vintage Cars,97,S24_4258,Euro Shopping Channel,(91) 555 94 44,"C/ Moralzarzal, 86",,Madrid,,28034,Spain,EMEA,Freyre,Diego,Medium,10104,Early,S2,9,9,912294.11,259,390830.2231807512,1.0,0.5152993396387399,Gold
10269,48,97.39,2,4674.72,2004-07-16,Shipped,3,7,2004,Vintage Cars,97,S24_4258,Salzburg Collectables,6562-9555,Geislweg 14,,Salzburg,,5020,Austria,EMEA,Pipps,Georg,Medium,10119,Growth,S2,2,2,149798.63,40,72804.92669773634,1.0,0.08202203553143256,Bronze
10280,21,78.89,6,1656.69,2004-08-17,Shipped,3,8,2004,Vintage Cars,97,S24_4258,Amica Models & Co.,011-4988555,Via Monte Bianco 34,,Torino,,10100,Italy,EMEA,Accorti,Paolo,Small,10280,Recent,S2,17,17,94117.26,26,1431366.6624999999,1.0,0.10678083828361203,Bronze
10304,33,100.0,10,3342.57,2004-10-11,Shipped,4,10,2004,Vintage Cars,97,S24_4258,Auto Assoc. & Cie.,30.59.8555,"67, avenue de l'Europe",,Versailles,,78000,France,EMEA,Tonini,Daniel,Medium,10216,Recent,S2,17,17,64834.32,18,93535.67905138338,1.0,0.03872441348619289,Bronze
10348,39,50.31,2,1962.09,2004-11-01,Shipped,4,11,2004,Vintage Cars,97,S24_4258,"Corrida Auto Replicas, Ltd",(91) 555 22 82,"C/ Araquil, 67",,Madrid,,28023,Spain,EMEA,Sommer,Mart¡n,Small,10126,Growth,S2,8,8,120615.28,32,84016.36870229007,1.0,0.0667967122594898,Bronze
10358,41,100.0,6,6847.0,2004-12-10,Shipped,4,12,2004,Vintage Cars,97,S24_4258,Euro Shopping Channel,(91) 555 94 44,"C/ Moralzarzal, 86",,Madrid,,28034,Spain,EMEA,Freyre,Diego,Medium,10104,Early,S2,14,14,912294.11,259,390830.2231807512,1.0,0.5152993396387399,Gold
10423,28,78.89,4,2208.92,2005-05-30,In Process,2,5,2005,Vintage Cars,97,S24_4258,Petit Auto,(02) 5554 67,Rue Joseph-Bens 532,,Bruxelles,,B-1180,Belgium,EMEA,Dewey,Catherine,Small,10221,Recent,S2,5,5,74972.52,25,58472.157692307694,1.0,0.04768250670201093,Bronze
10106,26,63.76,3,1657.76,2003-02-17,Shipped,1,2,2003,Planes,72,S24_4278,Rovelli Gifts,035-640555,Via Ludovico il Moro 22,,Bergamo,,24100,Italy,EMEA,Rovelli,Giovanni,Small,10106,Early,S2,18,18,137955.72,48,79297.38236220472,1.0,0.08894630469124336,Bronze
10120,29,85.49,9,2479.21,2003-04-29,Shipped,2,4,2003,Planes,72,S24_4278,"Australian Collectors, Co.",03 9520 4555,636 St Kilda Road,Level 3,Melbourne,Victoria,3004,Australia,APAC,Ferguson,Peter,Small,10120,Growth,S2,15,15,200995.41,55,126270.78253012049,0.14445278660885533,0.11271325808083006,Bronze
10133,46,77.52,4,3565.92,2003-06-27,Shipped,2,6,2003,Planes,72,S24_4278,Euro Shopping Channel,(91) 555 94 44,"C/ Moralzarzal, 86",,Madrid,,28034,Spain,EMEA,Freyre,Diego,Medium,10104,Early,S2,8,8,912294.11,259,390830.2231807512,1.0,0.5152993396387399,Gold
10210,40,71.0,8,2840.0,2004-01-12,Shipped,1,1,2004,Planes,72,S24_4278,Osaka Souveniers Co.,+81 06 6342 5555,"Dojima Avanza 4F, 1-6-20 Dojima, Kita-ku",,Osaka,Osaka,530-0003,Japan,Japan,Kentary,Mory,Small,10210,Recent,S2,17,17,67605.07,20,265331.72634408606,0.09121179679999217,0.048373524517489136,Bronze
10223,23,74.62,10,1716.26,2004-02-20,Shipped,1,2,2004,Planes,72,S24_4278,"Australian Collectors, Co.",03 9520 4555,636 St Kilda Road,Level 3,Melbourne,Victoria,3004,Australia,APAC,Ferguson,Peter,Small,10120,Growth,S2,15,15,200995.41,55,126270.78253012049,0.14445278660885533,0.11271325808083006,Bronze
10275,27,62.31,10,1682.37,2004-07-23,Shipped,3,7,2004,Planes,72,S24_4278,La Rochelle Gifts,40.67.8555,"67, rue des Cinquante Otages",,Nantes,,44000,France,EMEA,Labrune,Janine,Small,10275,Recent,S2,18,18,180124.9,53,210049.803514377,1.0,0.1091008571092068,Bronze
10284,21,71.0,2,1491.0,2004-08-21,Shipped,3,8,2004,Planes,72,S24_4278,"Norway Gifts By Mail, Co.",+47 2212 1555,"Drammensveien 126 A, PB 744 Sentrum",,Oslo,,N 0106,Norway,EMEA,Klaeboe,Jan,Small,10284,Recent,S2,13,13,79224.23,24,89803.86319875775,1.0,0.04868280040290712,Bronze
10297,23,72.45,5,1666.35,2004-09-16,Shipped,3,9,2004,Planes,72,S24_4278,"Clover Collections, Co.",+353 1862 1555,25 Maiden Lane,Floor No. 4,Dublin,,2,Ireland,EMEA,Cassidy,Dean,Small,10220,Recent,S2,7,7,57756.43,16,96702.27958715596,1.0,0.03498010163810477,Bronze
10328,43,60.86,4,2616.98,2004-11-12,Shipped,4,11,2004,Planes,72,S24_4278,Rovelli Gifts,035-640555,Via Ludovico il Moro 22,,Bergamo,,24100,Italy,EMEA,Rovelli,Giovanni,Small,10106,Early,S2,14,14,137955.72,48,79297.38236220472,1.0,0.08894630469124336,Bronze
10340,40,84.77,1,3390.8,2004-11-24,Shipped,4,11,2004,Planes,72,S24_4278,Enaco Distributors,(93) 203 4555,"Rambla de Catalu¤a, 23",,Barcelona,,8022,Spain,EMEA,Saavedra,Eduardo,Medium,10118,Growth,S2,8,8,78411.86,23,49007.4125,1.0,0.04574939797050226,Bronze
10361,25,62.46,1,1561.5,2004-12-17,Shipped,4,12,2004,Planes,72,S24_4278,Souveniers And Things Co.,+61 2 9495 8555,"Monitor Money Building, 815 Pacific Hwy",Level 6,Chatswood,NSW,2067,Australia,APAC,Huxley,Adrian,Small,10139,Growth,S2,14,14,151570.98,46,80882.175,0.14445278660885533,0.08967658031400969,Bronze
10375,43,100.0,2,10039.6,2005-02-03,Shipped,1,2,2005,Planes,72,S24_4278,La Rochelle Gifts,40.67.8555,"67, rue des Cinquante Otages",,Nantes,,44000,France,EMEA,Labrune,Janine,Large,10275,Recent,S2,15,15,180124.9,53,210049.803514377,1.0,0.1091008571092068,Bronze
10386,50,63.34,8,3167.0,2005-03-01,Resolved,1,3,2005,Planes,72,S24_4278,Euro Shopping Channel,(91) 555 94 44,"C/ Moralzarzal, 86",,Madrid,,28034,Spain,EMEA,Freyre,Diego,Medium,10104,Early,S2,18,18,912294.11,259,390830.2231807512,1.0,0.5152993396387399,Gold
10398,45,78.25,14,3521.25,2005-03-30,Shipped,1,3,2005,Planes,72,S24_4278,Reims Collectables,26.47.1555,59 rue de l'Abbaye,,Reims,,51100,France,EMEA,Henriot,Paul,Medium,10121,Growth,S2,18,18,135042.94,41,71024.02463976944,1.0,0.07987576822974221,Bronze
10416,48,74.62,5,3581.76,2005-05-10,Shipped,2,5,2005,Planes,72,S24_4278,L'ordine Souveniers,0522-556555,Strada Provinciale 124,,Reggio Emilia,,42100,Italy,EMEA,Moroni,Maurizio,Medium,10176,Scale,S2,14,14,142601.33,39,94292.54610507246,1.0,0.08012703678424364,Bronze
10108,31,68.71,10,2130.01,2003-03-03,Shipped,1,3,2003,Classic Cars,80,S24_4620,Cruz & Sons Co.,+63 2 555 3587,15 McCallum Street - NatWest Center #13-03,,Makati City,,1227 MM,Philippines,Japan,Cruz,Arnold,Small,10108,Early,S2,16,16,94015.73,26,54905.18631999999,0.09121179679999217,0.052875972332028814,Bronze
10122,29,71.14,14,2063.06,2003-05-08,Shipped,2,5,2003,Classic Cars,80,S24_4620,Marseille Mini Autos,91.24.4555,"12, rue des Bouchers",,Marseille,,13008,France,EMEA,Lebihan,Laurence,Small,10122,Growth,S2,17,17,74936.14,25,44838.83786885246,1.0,0.0471408447640282,Bronze
10169,24,94.58,6,2269.92,2003-11-04,Shipped,4,11,2003,Classic Cars,80,S24_4620,"Anna's Decorations, Ltd",02 9936 8555,201 Miller Street,Level 15,North Sydney,NSW,2060,Australia,APAC,O'Hara,Anna,Small,10148,Scale,S2,13,13,153996.13,46,102946.13086080586,0.14445278660885533,0.09107194995497356,Bronze
10180,28,71.14,1,1991.92,2003-11-11,Shipped,4,11,2003,Classic Cars,80,S24_4620,Daedalus Designs Imports,20.16.1555,"184, chausse de Tournai",,Lille,,59000,France,EMEA,Rance,Martine,Small,10180,Scale,S2,14,14,69052.41,20,244700.2878640777,1.0,0.047883188318364044,Bronze
10191,44,66.29,7,2916.76,2003-11-20,Shipped,4,11,2003,Classic Cars,80,S24_4620,"Toms Spezialitten, Ltd",0221-5554327,Mehrheimerstr. 369,,Koln,,50739,Germany,EMEA,Pfalzheim,Henriette,Small,10191,Scale,S2,9,9,100306.58,26,110276.8123493976,1.0,0.05642266341239877,Bronze
10211,22,92.16,6,2027.52,2004-01-15,Shipped,1,1,2004,Classic Cars,80,S24_4620,Auto Canal Petit,(1) 47.55.6555,"25, rue Lauriston",,Paris,,75016,France,EMEA,Perrier,Dominique,Small,10211,Recent,S2,15,15,93170.66,27,75740.06881959911,1.0,0.054664607831659315,Bronze
10225,46,70.33,13,3235.18,2004-02-22,Shipped,1,2,2004,Classic Cars,80,S24_4620,"Vida Sport, Ltd",0897-034555,Grenzacherweg 237,,Gensve,,1203,Switzerland,EMEA,Holz,Michael,Medium,10225,Recent,S2,14,14,117713.56,31,224949.99685863874,1.0,0.07051922579065513,Bronze
10238,22,93.77,7,2062.94,2004-04-09,Shipped,2,4,2004,Classic Cars,80,S24_4620,Danish Wholesale Imports,31 12 3555,Vinb'ltet 34,,Kobenhavn,,1734,Denmark,EMEA,Petersen,Jytte,Small,10105,Early,S2,8,8,145041.6,36,66591.42641509433,1.0,0.07610272679186011,Bronze
10252,38,87.31,3,3317.78,2004-05-26,Shipped,2,5,2004,Classic Cars,80,S24_4620,Auto Canal Petit,(1) 47.55.6555,"25, rue Lauriston",,Paris,,75016,France,EMEA,Perrier,Dominique,Medium,10211,Recent,S2,9,9,93170.66,27,75740.06881959911,1.0,0.054664607831659315,Bronze
10287,40,88.12,16,3524.8,2004-08-30,Shipped,3,8,2004,Classic Cars,80,S24_4620,"Vida Sport, Ltd",0897-034555,Grenzacherweg 237,,Gensve,,1203,Switzerland,EMEA,Holz,Michael,Medium,10225,Recent,S2,17,17,117713.56,31,224949.99685863874,1.0,0.07051922579065513,Bronze
10299,32,80.84,1,2586.88,2004-09-30,Shipped,3,9,2004,Classic Cars,80,S24_4620,"Toys of Finland, Co.",90-224 8555,Keskuskatu 45,,Helsinki,,21240,Finland,EMEA,Karttunen,Matti,Small,10155,Scale,S2,11,11,111250.38,30,82365.9,1.0,0.06236245706238509,Bronze
10310,49,97.01,14,4753.49,2004-10-16,Shipped,4,10,2004,Classic Cars,80,S24_4620,"Toms Spezialitten, Ltd",0221-5554327,Mehrheimerstr. 369,,Koln,,50739,Germany,EMEA,Pfalzheim,Henriette,Medium,10191,Scale,S2,17,17,100306.58,26,110276.8123493976,1.0,0.05642266341239877,Bronze
10343,30,100.0,1,3098.7,2004-11-24,Shipped,4,11,2004,Classic Cars,80,S24_4620,Reims Collectables,26.47.1555,59 rue de l'Abbaye,,Reims,,51100,France,EMEA,Henriot,Paul,Medium,10121,Growth,S2,6,6,135042.94,41,71024.02463976944,1.0,0.07987576822974221,Bronze
10355,28,95.39,9,2670.92,2004-12-07,Shipped,4,12,2004,Classic Cars,80,S24_4620,Euro Shopping Channel,(91) 555 94 44,"C/ Moralzarzal, 86",,Madrid,,28034,Spain,EMEA,Freyre,Diego,Small,10104,Early,S2,10,10,912294.11,259,390830.2231807512,1.0,0.5152993396387399,Gold
10363,43,100.0,9,5154.41,2005-01-06,Shipped,1,1,2005,Classic Cars,80,S24_4620,Suominen Souveniers,+358 9 8045 555,"Software Engineering Center, SEC Oy",,Espoo,,FIN-02271,Finland,EMEA,Suominen,Kalle,Medium,10141,Growth,S2,15,15,113961.15,30,79230.13285714285,1.0,0.06283398058431945,Bronze
10378,41,100.0,2,4894.17,2005-02-10,Shipped,1,2,2005,Classic Cars,80,S24_4620,Euro Shopping Channel,(91) 555 94 44,"C/ Moralzarzal, 86",,Madrid,,28034,Spain,EMEA,Freyre,Diego,Medium,10104,Early,S2,10,10,912294.11,259,390830.2231807512,1.0,0.5152993396387399,Gold
10103,31,100.0,3,3224.31,2003-01-29,Shipped,1,1,2003,Trucks and Buses,96,S32_1268,Baane Mini Imports,07-98 9555,Erling Skakkes gate 78,,Stavern,,4110,Norway,EMEA,Bergulfsen,Jonas,Medium,10103,Early,S3,16,16,116599.19,32,65778.52295208655,1.0,0.06520234066938801,Bronze
10114,32,100.0,7,3667.52,2003-04-01,Shipped,2,4,2003,Trucks and Buses,96,S32_1268,"La Corne D'abondance, Co.",(1) 42.34.2555,"265, boulevard Charonne",,Paris,,75012,France,EMEA,Bertrand,Marie,Medium,10114,Growth,S3,10,10,97203.68,23,59132.23866666666,1.0,0.0502654264226107,Bronze
10126,43,96.31,3,4141.33,2003-05-28,Shipped,2,5,2003,Trucks and Buses,96,S32_1268,"Corrida Auto Replicas, Ltd",(91) 555 22 82,"C/ Araquil, 67",,Madrid,,28023,Spain,EMEA,Sommer,Mart¡n,Medium,10126,Growth,S3,17,17,120615.28,32,84016.36870229007,1.0,0.0667967122594898,Bronze
10151,27,100.0,10,3068.55,2003-09-21,Shipped,3,9,2003,Trucks and Buses,96,S32_1268,"Oulu Toy Supplies, Inc.",981-443655,Torikatu 38,,Oulu,,90110,Finland,EMEA,Koskitalo,Pirkko,Medium,10151,Scale,S3,10,10,104370.38,32,76343.06352705411,1.0,0.06293500544345523,Bronze
10164,24,100.0,1,2634.96,2003-10-21,Resolved,4,10,2003,Trucks and Buses,96,S32_1268,Mini Auto Werke,7675-3555,Kirchgasse 6,,Graz,,8010,Austria,EMEA,Mendel,Roland,Small,10164,Scale,S3,8,8,52263.9,15,37625.88461538462,1.0,0.030305097200400477,Bronze
10175,22,100.0,8,2436.72,2003-11-06,Shipped,4,11,2003,Trucks and Buses,96,S32_1268,"Stylish Desk Decors, Co.",(171) 555-0297,35 King George,,London,,WX3 6FW,UK,EMEA,Brown,Ann,Small,10129,Growth,S3,12,12,88804.5,26,59914.31146025878,1.0,0.05192961308909447,Bronze
10184,46,100.0,13,4607.36,2003-11-14,Shipped,4,11,2003,Trucks and Buses,96,S32_1268,"Iberia Gift Imports, Corp.",(95) 555 82 82,"C/ Romero, 33",,Sevilla,,41101,Spain,EMEA,Roel,Jose Pedro,Medium,10184,Scale,S3,13,13,54723.62,15,60896.711280487805,1.0,0.031755289392518975,Bronze
10194,37,97.27,3,3598.99,2003-11-25,Shipped,4,11,2003,Trucks and Buses,96,S32_1268,"Saveley & Henriot, Co.",78.32.5555,"2, rue du Commerce",,Lyon,,69004,France,EMEA,Saveley,Mary,Medium,10194,Scale,S3,11,11,142874.25,41,526758.5984848485,1.0,0.09943267580879472,Bronze
10217,21,100.0,3,2244.9,2004-02-04,Shipped,1,2,2004,Trucks and Buses,96,S32_1268,Handji Gifts& Co,+65 224 1555,Village Close - 106 Linden Road Sandown,2nd Floor,Singapore,,69045,Singapore,APAC,Victorino,Wendy,Small,10217,Recent,S3,7,7,115498.73,36,94734.91337078653,0.14445278660885533,0.07072781358587162,Bronze
10259,45,86.68,11,3900.6,2004-06-15,Shipped,2,6,2004,Trucks and Buses,96,S32_1268,Handji Gifts& Co,+65 224 1555,Village Close - 106 Linden Road Sandown,2nd Floor,Singapore,,69045,Singapore,APAC,Victorino,Wendy,Medium,10217,Recent,S3,13,13,115498.73,36,94734.91337078653,0.14445278660885533,0.07072781358587162,Bronze
10270,32,85.72,1,2743.04,2004-07-19,Shipped,3,7,2004,Trucks and Buses,96,S32_1268,Souveniers And Things Co.,+61 2 9495 8555,"Monitor Money Building, 815 Pacific Hwy",Level 6,Chatswood,NSW,2067,Australia,APAC,Huxley,Adrian,Small,10139,Growth,S3,11,11,151570.98,46,80882.175,0.14445278660885533,0.08967658031400969,Bronze
10291,26,83.79,3,2178.54,2004-09-08,Shipped,3,9,2004,Trucks and Buses,96,S32_1268,Scandinavian Gift Ideas,0695-34 6555,?kergatan 24,,Boras,,S-844 67,Sweden,EMEA,Larsson,Maria,Small,10167,Scale,S3,14,14,134259.33,38,98402.92259036144,1.0,0.0773008431710182,Bronze
10348,42,100.0,3,6386.94,2004-11-01,Shipped,4,11,2004,Trucks and Buses,96,S32_1268,"Corrida Auto Replicas, Ltd",(91) 555 22 82,"C/ Araquil, 67",,Madrid,,28023,Spain,EMEA,Sommer,Mart¡n,Medium,10126,Growth,S3,8,8,120615.28,32,84016.36870229007,1.0,0.0667967122594898,Bronze
10358,41,100.0,1,4428.0,2004-12-10,Shipped,4,12,2004,Trucks and Buses,96,S32_1268,Euro Shopping Channel,(91) 555 94 44,"C/ Moralzarzal, 86",,Madrid,,28034,Spain,EMEA,Freyre,Diego,Medium,10104,Early,S3,14,14,912294.11,259,390830.2231807512,1.0,0.5152993396387399,Gold
10425,41,86.68,11,3553.88,2005-05-31,In Process,2,5,2005,Trucks and Buses,96,S32_1268,La Rochelle Gifts,40.67.8555,"67, rue des Cinquante Otages",,Nantes,,44000,France,EMEA,Labrune,Janine,Medium,10275,Recent,S3,13,13,180124.9,53,210049.803514377,1.0,0.1091008571092068,Bronze
10120,22,100.0,6,2461.36,2003-04-29,Shipped,2,4,2003,Motorcycles,99,S32_1374,"Australian Collectors, Co.",03 9520 4555,636 St Kilda Road,Level 3,Melbourne,Victoria,3004,Australia,APAC,Ferguson,Peter,Small,10120,Growth,S3,15,15,200995.41,55,126270.78253012049,0.14445278660885533,0.11271325808083006,Bronze
10133,23,100.0,1,2642.01,2003-06-27,Shipped,2,6,2003,Motorcycles,99,S32_1374,Euro Shopping Channel,(91) 555 94 44,"C/ Moralzarzal, 86",,Madrid,,28034,Spain,EMEA,Freyre,Diego,Small,10104,Early,S3,8,8,912294.11,259,390830.2231807512,1.0,0.5152993396387399,Gold
10188,44,98.89,7,4351.16,2003-11-18,Shipped,4,11,2003,Motorcycles,99,S32_1374,Herkku Gifts,+47 2267 3215,"Drammen 121, PR 744 Sentrum",,Bergen,,N 5804,Norway,EMEA,Oeztan,Veysel,Medium,10181,Scale,S3,8,8,111640.28,29,137201.01750841748,1.0,0.06343619416528738,Bronze
10210,46,79.91,5,3675.86,2004-01-12,Shipped,1,1,2004,Motorcycles,99,S32_1374,Osaka Souveniers Co.,+81 06 6342 5555,"Dojima Avanza 4F, 1-6-20 Dojima, Kita-ku",,Osaka,Osaka,530-0003,Japan,Japan,Kentary,Mory,Medium,10210,Recent,S3,17,17,67605.07,20,265331.72634408606,0.09121179679999217,0.048373524517489136,Bronze
10223,21,100.0,7,2475.27,2004-02-20,Shipped,1,2,2004,Motorcycles,99,S32_1374,"Australian Collectors, Co.",03 9520 4555,636 St Kilda Road,Level 3,Melbourne,Victoria,3004,Australia,APAC,Ferguson,Peter,Small,10120,Growth,S3,15,15,200995.41,55,126270.78253012049,0.14445278660885533,0.11271325808083006,Bronze
10275,23,81.91,7,1883.93,2004-07-23,Shipped,3,7,2004,Motorcycles,99,S32_1374,La Rochelle Gifts,40.67.8555,"67, rue des Cinquante Otages",,Nantes,,44000,France,EMEA,Labrune,Janine,Small,10275,Recent,S3,18,18,180124.9,53,210049.803514377,1.0,0.1091008571092068,Bronze
10297,26,100.0,2,2856.88,2004-09-16,Shipped,3,9,2004,Motorcycles,99,S32_1374,"Clover Collections, Co.",+353 1862 1555,25 Maiden Lane,Floor No. 4,Dublin,,2,Ireland,EMEA,Cassidy,Dean,Small,10220,Recent,S3,7,7,57756.43,16,96702.27958715596,1.0,0.03498010163810477,Bronze
10340,55,100.0,2,6482.85,2004-11-24,Shipped,4,11,2004,Motorcycles,99,S32_1374,Enaco Distributors,(93) 203 4555,"Rambla de Catalu¤a, 23",,Barcelona,,8022,Spain,EMEA,Saavedra,Eduardo,Medium,10118,Growth,S3,8,8,78411.86,23,49007.4125,1.0,0.04574939797050226,Bronze
10363,50,100.0,2,6576.5,2005-01-06,Shipped,1,1,2005,Motorcycles,99,S32_1374,Suominen Souveniers,+358 9 8045 555,"Software Engineering Center, SEC Oy",,Espoo,,FIN-02271,Finland,EMEA,Suominen,Kalle,Medium,10141,Growth,S3,15,15,113961.15,30,79230.13285714285,1.0,0.06283398058431945,Bronze
10375,37,100.0,3,6353.27,2005-02-03,Shipped,1,2,2005,Motorcycles,99,S32_1374,La Rochelle Gifts,40.67.8555,"67, rue des Cinquante Otages",,Nantes,,44000,France,EMEA,Labrune,Janine,Medium,10275,Recent,S3,15,15,180124.9,53,210049.803514377,1.0,0.1091008571092068,Bronze
10387,44,94.9,1,4175.6,2005-03-02,Shipped,1,3,2005,Motorcycles,99,S32_1374,"Dragon Souveniers, Ltd.",+65 221 7555,"Bronz Sok., Bronz Apt. 3/6 Tesvikiye",,Singapore,,79903,Singapore,Japan,Natividad,Eric,Medium,10117,Growth,S3,1,1,172989.68,43,91908.63639010189,0.09121179679999217,0.09132888493134783,Bronze
10416,45,100.0,2,4764.6,2005-05-10,Shipped,2,5,2005,Motorcycles,99,S32_1374,L'ordine Souveniers,0522-556555,Strada Provinciale 124,,Reggio Emilia,,42100,Italy,EMEA,Moroni,Maurizio,Medium,10176,Scale,S3,14,14,142601.33,39,94292.54610507246,1.0,0.08012703678424364,Bronze
10108,27,43.45,13,1173.15,2003-03-03,Shipped,1,3,2003,Motorcycles,40,S32_2206,Cruz & Sons Co.,+63 2 555 3587,15 McCallum Street - NatWest Center #13-03,,Makati City,,1227 MM,Philippines,Japan,Cruz,Arnold,Small,10108,Early,S3,16,16,94015.73,26,54905.18631999999,0.09121179679999217,0.052875972332028814,Bronze
10122,31,44.66,17,1384.46,2003-05-08,Shipped,2,5,2003,Motorcycles,40,S32_2206,Marseille Mini Autos,91.24.4555,"12, rue des Bouchers",,Marseille,,13008,France,EMEA,Lebihan,Laurence,Small,10122,Growth,S3,17,17,74936.14,25,44838.83786885246,1.0,0.0471408447640282,Bronze
10169,26,39.83,9,1035.58,2003-11-04,Shipped,4,11,2003,Motorcycles,40,S32_2206,"Anna's Decorations, Ltd",02 9936 8555,201 Miller Street,Level 15,North Sydney,NSW,2060,Australia,APAC,O'Hara,Anna,Small,10148,Scale,S3,13,13,153996.13,46,102946.13086080586,0.14445278660885533,0.09107194995497356,Bronze
10180,34,45.46,4,1545.64,2003-11-11,Shipped,4,11,2003,Motorcycles,40,S32_2206,Daedalus Designs Imports,20.16.1555,"184, chausse de Tournai",,Lille,,59000,France,EMEA,Rance,Martine,Small,10180,Scale,S3,14,14,69052.41,20,244700.2878640777,1.0,0.047883188318364044,Bronze
10190,46,32.99,1,1517.54,2003-11-19,Shipped,4,11,2003,Motorcycles,40,S32_2206,Euro Shopping Channel,(91) 555 94 44,"C/ Moralzarzal, 86",,Madrid,,28034,Spain,EMEA,Freyre,Diego,Small,10104,Early,S3,4,4,912294.11,259,390830.2231807512,1.0,0.5152993396387399,Gold
10211,41,42.24,9,1731.84,2004-01-15,Shipped,1,1,2004,Motorcycles,40,S32_2206,Auto Canal Petit,(1) 47.55.6555,"25, rue Lauriston",,Paris,,75016,France,EMEA,Perrier,Dominique,Small,10211,Recent,S3,15,15,93170.66,27,75740.06881959911,1.0,0.054664607831659315,Bronze
10224,43,39.43,2,1695.49,2004-02-21,Shipped,1,2,2004,Motorcycles,40,S32_2206,Daedalus Designs Imports,20.16.1555,"184, chausse de Tournai",,Lille,,59000,France,EMEA,Rance,Martine,Small,10180,Scale,S3,6,6,69052.41,20,244700.2878640777,1.0,0.047883188318364044,Bronze
10252,36,48.28,6,1738.08,2004-05-26,Shipped,2,5,2004,Motorcycles,40,S32_2206,Auto Canal Petit,(1) 47.55.6555,"25, rue Lauriston",,Paris,,75016,France,EMEA,Perrier,Dominique,Small,10211,Recent,S3,9,9,93170.66,27,75740.06881959911,1.0,0.054664607831659315,Bronze
10299,24,42.24,4,1013.76,2004-09-30,Shipped,3,9,2004,Motorcycles,40,S32_2206,"Toys of Finland, Co.",90-224 8555,Keskuskatu 45,,Helsinki,,21240,Finland,EMEA,Karttunen,Matti,Small,10155,Scale,S3,11,11,111250.38,30,82365.9,1.0,0.06236245706238509,Bronze
10310,36,43.05,17,1549.8,2004-10-16,Shipped,4,10,2004,Motorcycles,40,S32_2206,"Toms Spezialitten, Ltd",0221-5554327,Mehrheimerstr. 369,,Koln,,50739,Germany,EMEA,Pfalzheim,Henriette,Small,10191,Scale,S3,17,17,100306.58,26,110276.8123493976,1.0,0.05642266341239877,Bronze
10343,29,100.0,5,3713.16,2004-11-24,Shipped,4,11,2004,Motorcycles,40,S32_2206,Reims Collectables,26.47.1555,59 rue de l'Abbaye,,Reims,,51100,France,EMEA,Henriot,Paul,Medium,10121,Growth,S3,6,6,135042.94,41,71024.02463976944,1.0,0.07987576822974221,Bronze
10355,38,39.83,10,1513.54,2004-12-07,Shipped,4,12,2004,Motorcycles,40,S32_2206,Euro Shopping Channel,(91) 555 94 44,"C/ Moralzarzal, 86",,Madrid,,28034,Spain,EMEA,Freyre,Diego,Small,10104,Early,S3,10,10,912294.11,259,390830.2231807512,1.0,0.5152993396387399,Gold
10364,48,48.28,1,2317.44,2005-01-06,Shipped,1,1,2005,Motorcycles,40,S32_2206,Marseille Mini Autos,91.24.4555,"12, rue des Bouchers",,Marseille,,13008,France,EMEA,Lebihan,Laurence,Small,10122,Growth,S3,1,1,74936.14,25,44838.83786885246,1.0,0.0471408447640282,Bronze
10378,40,82.46,1,3298.4,2005-02-10,Shipped,1,2,2005,Motorcycles,40,S32_2206,Euro Shopping Channel,(91) 555 94 44,"C/ Moralzarzal, 86",,Madrid,,28034,Spain,EMEA,Freyre,Diego,Medium,10104,Early,S3,10,10,912294.11,259,390830.2231807512,1.0,0.5152993396387399,Gold
10403,30,40.23,2,1206.9,2005-04-08,Shipped,2,4,2005,Motorcycles,40,S32_2206,"UK Collectables, Ltd.",(171) 555-2282,Berkeley Gardens 12  Brewery,,Liverpool,,WX1 6LT,UK,EMEA,Devon,Elizabeth,Small,10253,Recent,S3,9,9,118008.27,29,78172.44745916517,1.0,0.06252151573536294,Bronze
10104,35,47.62,11,1666.7,2003-01-31,Shipped,1,1,2003,Trucks and Buses,54,S32_2509,Euro Shopping Channel,(91) 555 94 44,"C/ Moralzarzal, 86",,Madrid,,28034,Spain,EMEA,Freyre,Diego,Small,10104,Early,S3,13,13,912294.11,259,390830.2231807512,1.0,0.5152993396387399,Gold
10114,28,55.73,2,1560.44,2003-04-01,Shipped,2,4,2003,Trucks and Buses,54,S32_2509,"La Corne D'abondance, Co.",(1) 42.34.2555,"265, boulevard Charonne",,Paris,,75012,France,EMEA,Bertrand,Marie,Small,10114,Growth,S3,10,10,97203.68,23,59132.23866666666,1.0,0.0502654264226107,Bronze
10141,24,45.99,7,1103.76,2003-08-01,Shipped,3,8,2003,Trucks and Buses,54,S32_2509,Suominen Souveniers,+358 9 8045 555,"Software Engineering Center, SEC Oy",,Espoo,,FIN-02271,Finland,EMEA,Suominen,Kalle,Small,10141,Growth,S3,9,9,113961.15,30,79230.13285714285,1.0,0.06283398058431945,Bronze
10151,41,63.85,5,2617.85,2003-09-21,Shipped,3,9,2003,Trucks and Buses,54,S32_2509,"Oulu Toy Supplies, Inc.",981-443655,Torikatu 38,,Oulu,,90110,Finland,EMEA,Koskitalo,Pirkko,Small,10151,Scale,S3,10,10,104370.38,32,76343.06352705411,1.0,0.06293500544345523,Bronze
10165,48,45.99,14,2207.52,2003-10-22,Shipped,4,10,2003,Trucks and Buses,54,S32_2509,"Dragon Souveniers, Ltd.",+65 221 7555,"Bronz Sok., Bronz Apt. 3/6 Tesvikiye",,Singapore,,79903,Singapore,Japan,Natividad,Eric,Small,10117,Growth,S3,18,18,172989.68,43,91908.63639010189,0.09121179679999217,0.09132888493134783,Bronze
10175,50,63.31,3,3165.5,2003-11-06,Shipped,4,11,2003,Trucks and Buses,54,S32_2509,"Stylish Desk Decors, Co.",(171) 555-0297,35 King George,,London,,WX3 6FW,UK,EMEA,Brown,Ann,Medium,10129,Growth,S3,12,12,88804.5,26,59914.31146025878,1.0,0.05192961308909447,Bronze
10184,33,62.77,8,2071.41,2003-11-14,Shipped,4,11,2003,Trucks and Buses,54,S32_2509,"Iberia Gift Imports, Corp.",(95) 555 82 82,"C/ Romero, 33",,Sevilla,,41101,Spain,EMEA,Roel,Jose Pedro,Small,10184,Scale,S3,13,13,54723.62,15,60896.711280487805,1.0,0.031755289392518975,Bronze
10246,35,48.7,7,1704.5,2004-05-05,Shipped,2,5,2004,Trucks and Buses,54,S32_2509,Euro Shopping Channel,(91) 555 94 44,"C/ Moralzarzal, 86",,Madrid,,28034,Spain,EMEA,Freyre,Diego,Small,10104,Early,S3,11,11,912294.11,259,390830.2231807512,1.0,0.5152993396387399,Gold
10259,40,43.83,6,1753.2,2004-06-15,Shipped,2,6,2004,Trucks and Buses,54,S32_2509,Handji Gifts& Co,+65 224 1555,Village Close - 106 Linden Road Sandown,2nd Floor,Singapore,,69045,Singapore,APAC,Victorino,Wendy,Small,10217,Recent,S3,13,13,115498.73,36,94734.91337078653,0.14445278660885533,0.07072781358587162,Bronze
10325,38,100.0,3,8844.12,2004-11-05,Shipped,4,11,2004,Trucks and Buses,54,S32_2509,Baane Mini Imports,07-98 9555,Erling Skakkes gate 78,,Stavern,,4110,Norway,EMEA,Bergulfsen,Jonas,Large,10103,Early,S3,9,9,116599.19,32,65778.52295208655,1.0,0.06520234066938801,Bronze
10359,36,100.0,3,6358.68,2004-12-15,Shipped,4,12,2004,Trucks and Buses,54,S32_2509,Reims Collectables,26.47.1555,59 rue de l'Abbaye,,Reims,,51100,France,EMEA,Henriot,Paul,Medium,10121,Growth,S3,8,8,135042.94,41,71024.02463976944,1.0,0.07987576822974221,Bronze
10383,32,53.18,5,1701.76,2005-02-22,Shipped,1,2,2005,Trucks and Buses,54,S32_2509,Euro Shopping Channel,(91) 555 94 44,"C/ Moralzarzal, 86",,Madrid,,28034,Spain,EMEA,Freyre,Diego,Small,10104,Early,S3,13,13,912294.11,259,390830.2231807512,1.0,0.5152993396387399,Gold
10394,36,62.77,3,2259.72,2005-03-15,Shipped,1,3,2005,Trucks and Buses,54,S32_2509,Euro Shopping Channel,(91) 555 94 44,"C/ Moralzarzal, 86",,Madrid,,28034,Spain,EMEA,Freyre,Diego,Small,10104,Early,S3,7,7,912294.11,259,390830.2231807512,1.0,0.5152993396387399,Gold
10412,19,48.7,7,925.3,2005-05-03,Shipped,2,5,2005,Trucks and Buses,54,S32_2509,Euro Shopping Channel,(91) 555 94 44,"C/ Moralzarzal, 86",,Madrid,,28034,Spain,EMEA,Freyre,Diego,Small,10104,Early,S3,11,11,912294.11,259,390830.2231807512,1.0,0.5152993396387399,Gold
10425,11,43.83,6,482.13,2005-05-31,In Process,2,5,2005,Trucks and Buses,54,S32_2509,La Rochelle Gifts,40.67.8555,"67, rue des Cinquante Otages",,Nantes,,44000,France,EMEA,Labrune,Janine,Small,10275,Recent,S3,13,13,180124.9,53,210049.803514377,1.0,0.1091008571092068,Bronze
10104,49,65.87,4,3227.63,2003-01-31,Shipped,1,1,2003,Trains,62,S32_3207,Euro Shopping Channel,(91) 555 94 44,"C/ Moralzarzal, 86",,Madrid,,28034,Spain,EMEA,Freyre,Diego,Medium,10104,Early,S3,13,13,912294.11,259,390830.2231807512,1.0,0.5152993396387399,Gold
10116,27,63.38,1,1711.26,2003-04-11,Shipped,2,4,2003,Trains,62,S32_3207,Royale Belge,(071) 23 67 2555,"Boulevard Tirou, 255",,Charleroi,,B-6000,Belgium,EMEA,Cartrain,Pascale,Small,10116,Growth,S3,1,1,33440.1,8,19041.554602184086,1.0,0.017342796176161003,Bronze
10152,33,50.95,2,1681.35,2003-09-25,Shipped,3,9,2003,Trains,62,S32_3207,"Australian Gift Network, Co",61-7-3844-6555,31 Duncan St. West End,,South Brisbane,Queensland,4101,Australia,APAC,Calaghan,Tony,Small,10152,Scale,S3,4,4,59469.12,15,43674.504627766604,0.14445278660885533,0.032121457634630854,Bronze
10165,44,53.44,7,2351.36,2003-10-22,Shipped,4,10,2003,Trains,62,S32_3207,"Dragon Souveniers, Ltd.",+65 221 7555,"Bronz Sok., Bronz Apt. 3/6 Tesvikiye",,Singapore,,79903,Singapore,Japan,Natividad,Eric,Small,10117,Growth,S3,18,18,172989.68,43,91908.63639010189,0.09121179679999217,0.09132888493134783,Bronze
10176,22,64.0,6,1408.0,2003-11-06,Shipped,4,11,2003,Trains,62,S32_3207,L'ordine Souveniers,0522-556555,Strada Provinciale 124,,Reggio Emilia,,42100,Italy,EMEA,Moroni,Maurizio,Small,10176,Scale,S3,10,10,142601.33,39,94292.54610507246,1.0,0.08012703678424364,Bronze
10184,48,50.95,1,2445.6,2003-11-14,Shipped,4,11,2003,Trains,62,S32_3207,"Iberia Gift Imports, Corp.",(95) 555 82 82,"C/ Romero, 33",,Sevilla,,41101,Spain,EMEA,Roel,Jose Pedro,Small,10184,Scale,S3,13,13,54723.62,15,60896.711280487805,1.0,0.031755289392518975,Bronze
10220,20,52.82,6,1056.4,2004-02-12,Shipped,1,2,2004,Trains,62,S32_3207,"Clover Collections, Co.",+353 1862 1555,25 Maiden Lane,Floor No. 4,Dublin,,2,Ireland,EMEA,Cassidy,Dean,Small,10220,Recent,S3,9,9,57756.43,16,96702.27958715596,1.0,0.03498010163810477,Bronze
10230,46,60.9,4,2801.4,2004-03-15,Shipped,1,3,2004,Trains,62,S32_3207,"Blauer See Auto, Co.",+49 69 66 90 2555,Lyonerstr. 34,,Frankfurt,,60528,Germany,EMEA,Keitel,Roland,Small,10101,Early,S3,8,8,85171.59,22,46608.14145427286,1.0,0.04597909459062931,Bronze
10247,40,49.71,6,1988.4,2004-05-05,Shipped,2,5,2004,Trains,62,S32_3207,Suominen Souveniers,+358 9 8045 555,"Software Engineering Center, SEC Oy",,Espoo,,FIN-02271,Finland,EMEA,Suominen,Kalle,Small,10141,Growth,S3,6,6,113961.15,30,79230.13285714285,1.0,0.06283398058431945,Bronze
10306,46,50.33,17,2315.18,2004-10-14,Shipped,4,10,2004,Trains,62,S32_3207,"AV Stores, Co.",(171) 555-1555,Fauntleroy Circus,,Manchester,,EC2 5NT,UK,EMEA,Ashworth,Victoria,Small,10110,Early,S3,17,17,157807.81,51,94271.44132569559,1.0,0.09735950383251968,Bronze
10314,35,66.49,9,2327.15,2004-10-22,Shipped,4,10,2004,Trains,62,S32_3207,Heintze Collectables,86 21 3555,Smagsloget 45,,Aaarhus,,8200,Denmark,EMEA,Ibsen,Palle,Small,10161,Scale,S3,15,15,100595.55,27,98702.62298387097,1.0,0.05719123450775858,Bronze
10325,28,100.0,2,5377.4,2004-11-05,Shipped,4,11,2004,Trains,62,S32_3207,Baane Mini Imports,07-98 9555,Erling Skakkes gate 78,,Stavern,,4110,Norway,EMEA,Bergulfsen,Jonas,Medium,10103,Early,S3,9,9,116599.19,32,65778.52295208655,1.0,0.06520234066938801,Bronze
10336,31,84.71,9,2626.01,2004-11-20,Shipped,4,11,2004,Trains,62,S32_3207,"La Corne D'abondance, Co.",(1) 42.34.2555,"265, boulevard Charonne",,Paris,,75012,France,EMEA,Bertrand,Marie,Small,10114,Growth,S3,12,12,97203.68,23,59132.23866666666,1.0,0.0502654264226107,Bronze
10350,27,100.0,14,4406.4,2004-12-02,Shipped,4,12,2004,Trains,62,S32_3207,Euro Shopping Channel,(91) 555 94 44,"C/ Moralzarzal, 86",,Madrid,,28034,Spain,EMEA,Freyre,Diego,Medium,10104,Early,S3,17,17,912294.11,259,390830.2231807512,1.0,0.5152993396387399,Gold
10359,22,100.0,1,4301.22,2004-12-15,Shipped,4,12,2004,Trains,62,S32_3207,Reims Collectables,26.47.1555,59 rue de l'Abbaye,,Reims,,51100,France,EMEA,Henriot,Paul,Medium,10121,Growth,S3,8,8,135042.94,41,71024.02463976944,1.0,0.07987576822974221,Bronze
10383,44,36.07,8,1587.08,2005-02-22,Shipped,1,2,2005,Trains,62,S32_3207,Euro Shopping Channel,(91) 555 94 44,"C/ Moralzarzal, 86",,Madrid,,28034,Spain,EMEA,Freyre,Diego,Small,10104,Early,S3,13,13,912294.11,259,390830.2231807512,1.0,0.5152993396387399,Gold
10394,30,60.28,4,1808.4,2005-03-15,Shipped,1,3,2005,Trains,62,S32_3207,Euro Shopping Channel,(91) 555 94 44,"C/ Moralzarzal, 86",,Madrid,,28034,Spain,EMEA,Freyre,Diego,Small,10104,Early,S3,7,7,912294.11,259,390830.2231807512,1.0,0.5152993396387399,Gold
10103,45,75.63,7,3403.35,2003-01-29,Shipped,1,1,2003,Trucks and Buses,64,S32_3522,Baane Mini Imports,07-98 9555,Erling Skakkes gate 78,,Stavern,,4110,Norway,EMEA,Bergulfsen,Jonas,Medium,10103,Early,S3,16,16,116599.19,32,65778.52295208655,1.0,0.06520234066938801,Bronze
10126,26,62.7,7,1630.2,2003-05-28,Shipped,2,5,2003,Trucks and Buses,64,S32_3522,"Corrida Auto Replicas, Ltd",(91) 555 22 82,"C/ Araquil, 67",,Madrid,,28023,Spain,EMEA,Sommer,Mart¡n,Small,10126,Growth,S3,17,17,120615.28,32,84016.36870229007,1.0,0.0667967122594898,Bronze
10150,49,58.18,4,2850.82,2003-09-19,Shipped,3,9,2003,Trucks and Buses,64,S32_3522,"Dragon Souveniers, Ltd.",+65 221 7555,"Bronz Sok., Bronz Apt. 3/6 Tesvikiye",,Singapore,,79903,Singapore,Japan,Natividad,Eric,Small,10117,Growth,S3,11,11,172989.68,43,91908.63639010189,0.09121179679999217,0.09132888493134783,Bronze
10164,49,54.94,5,2692.06,2003-10-21,Resolved,4,10,2003,Trucks and Buses,64,S32_3522,Mini Auto Werke,7675-3555,Kirchgasse 6,,Graz,,8010,Austria,EMEA,Mendel,Roland,Small,10164,Scale,S3,8,8,52263.9,15,37625.88461538462,1.0,0.030305097200400477,Bronze
10175,29,74.98,12,2174.42,2003-11-06,Shipped,4,11,2003,Trucks and Buses,64,S32_3522,"Stylish Desk Decors, Co.",(171) 555-0297,35 King George,,London,,WX3 6FW,UK,EMEA,Brown,Ann,Small,10129,Growth,S3,12,12,88804.5,26,59914.31146025878,1.0,0.05192961308909447,Bronze
10194,39,54.94,7,2142.66,2003-11-25,Shipped,4,11,2003,Trucks and Buses,64,S32_3522,"Saveley & Henriot, Co.",78.32.5555,"2, rue du Commerce",,Lyon,,69004,France,EMEA,Saveley,Mary,Small,10194,Scale,S3,11,11,142874.25,41,526758.5984848485,1.0,0.09943267580879472,Bronze
10217,39,62.05,7,2419.95,2004-02-04,Shipped,1,2,2004,Trucks and Buses,64,S32_3522,Handji Gifts& Co,+65 224 1555,Village Close - 106 Linden Road Sandown,2nd Floor,Singapore,,69045,Singapore,APAC,Victorino,Wendy,Small,10217,Recent,S3,7,7,115498.73,36,94734.91337078653,0.14445278660885533,0.07072781358587162,Bronze
10258,20,61.41,2,1228.2,2004-06-15,Shipped,2,6,2004,Trucks and Buses,64,S32_3522,"Tokyo Collectables, Ltd",+81 3 3584 0555,2-2-8 Roppongi,,Minato-ku,Tokyo,106-0032,Japan,Japan,Shimamura,Akiko,Small,10258,Recent,S3,6,6,120562.74,32,141042.94903846155,0.09121179679999217,0.06901754192631648,Bronze
10270,21,63.35,5,1330.35,2004-07-19,Shipped,3,7,2004,Trucks and Buses,64,S32_3522,Souveniers And Things Co.,+61 2 9495 8555,"Monitor Money Building, 815 Pacific Hwy",Level 6,Chatswood,NSW,2067,Australia,APAC,Huxley,Adrian,Small,10139,Growth,S3,11,11,151570.98,46,80882.175,0.14445278660885533,0.08967658031400969,Bronze
10291,32,71.75,7,2296.0,2004-09-08,Shipped,3,9,2004,Trucks and Buses,64,S32_3522,Scandinavian Gift Ideas,0695-34 6555,?kergatan 24,,Boras,,S-844 67,Sweden,EMEA,Larsson,Maria,Small,10167,Scale,S3,14,14,134259.33,38,98402.92259036144,1.0,0.0773008431710182,Bronze
10304,36,73.04,2,2629.44,2004-10-11,Shipped,4,10,2004,Trucks and Buses,64,S32_3522,Auto Assoc. & Cie.,30.59.8555,"67, avenue de l'Europe",,Versailles,,78000,France,EMEA,Tonini,Daniel,Small,10216,Recent,S3,17,17,64834.32,18,93535.67905138338,1.0,0.03872441348619289,Bronze
10348,31,100.0,5,3139.99,2004-11-01,Shipped,4,11,2004,Trucks and Buses,64,S32_3522,"Corrida Auto Replicas, Ltd",(91) 555 22 82,"C/ Araquil, 67",,Madrid,,28023,Spain,EMEA,Sommer,Mart¡n,Medium,10126,Growth,S3,8,8,120615.28,32,84016.36870229007,1.0,0.0667967122594898,Bronze
10358,36,100.0,2,5669.64,2004-12-10,Shipped,4,12,2004,Trucks and Buses,64,S32_3522,Euro Shopping Channel,(91) 555 94 44,"C/ Moralzarzal, 86",,Madrid,,28034,Spain,EMEA,Freyre,Diego,Medium,10104,Early,S3,14,14,912294.11,259,390830.2231807512,1.0,0.5152993396387399,Gold
10370,25,100.0,3,3160.25,2005-01-20,Shipped,1,1,2005,Trucks and Buses,64,S32_3522,"Anna's Decorations, Ltd",02 9936 8555,201 Miller Street,Level 15,North Sydney,NSW,2060,Australia,APAC,O'Hara,Anna,Medium,10148,Scale,S3,9,9,153996.13,46,102946.13086080586,0.14445278660885533,0.09107194995497356,Bronze
10424,44,61.41,2,2702.04,2005-05-31,In Process,2,5,2005,Trucks and Buses,64,S32_3522,Euro Shopping Channel,(91) 555 94 44,"C/ Moralzarzal, 86",,Madrid,,28034,Spain,EMEA,Freyre,Diego,Small,10104,Early,S3,6,6,912294.11,259,390830.2231807512,1.0,0.5152993396387399,Gold
10106,33,72.92,5,2406.36,2003-02-17,Shipped,1,2,2003,Vintage Cars,68,S32_4289,Rovelli Gifts,035-640555,Via Ludovico il Moro 22,,Bergamo,,24100,Italy,EMEA,Rovelli,Giovanni,Small,10106,Early,S3,18,18,137955.72,48,79297.38236220472,1.0,0.08894630469124336,Bronze
10120,29,72.23,11,2094.67,2003-04-29,Shipped,2,4,2003,Vintage Cars,68,S32_4289,"Australian Collectors, Co.",03 9520 4555,636 St Kilda Road,Level 3,Melbourne,Victoria,3004,Australia,APAC,Ferguson,Peter,Small,10120,Growth,S3,15,15,200995.41,55,126270.78253012049,0.14445278660885533,0.11271325808083006,Bronze
10133,49,57.1,6,2797.9,2003-06-27,Shipped,2,6,2003,Vintage Cars,68,S32_4289,Euro Shopping Channel,(91) 555 94 44,"C/ Moralzarzal, 86",,Madrid,,28034,Spain,EMEA,Freyre,Diego,Small,10104,Early,S3,8,8,912294.11,259,390830.2231807512,1.0,0.5152993396387399,Gold
10144,20,81.86,1,1637.2,2003-08-13,Shipped,3,8,2003,Vintage Cars,68,S32_4289,Royale Belge,(071) 23 67 2555,"Boulevard Tirou, 255",,Charleroi,,B-6000,Belgium,EMEA,Cartrain,Pascale,Small,10116,Growth,S3,1,1,33440.1,8,19041.554602184086,1.0,0.017342796176161003,Bronze
10210,39,59.16,10,2307.24,2004-01-12,Shipped,1,1,2004,Vintage Cars,68,S32_4289,Osaka Souveniers Co.,+81 06 6342 5555,"Dojima Avanza 4F, 1-6-20 Dojima, Kita-ku",,Osaka,Osaka,530-0003,Japan,Japan,Kentary,Mory,Small,10210,Recent,S3,17,17,67605.07,20,265331.72634408606,0.09121179679999217,0.048373524517489136,Bronze
10223,20,66.04,12,1320.8,2004-02-20,Shipped,1,2,2004,Vintage Cars,68,S32_4289,"Australian Collectors, Co.",03 9520 4555,636 St Kilda Road,Level 3,Melbourne,Victoria,3004,Australia,APAC,Ferguson,Peter,Small,10120,Growth,S3,15,15,200995.41,55,126270.78253012049,0.14445278660885533,0.11271325808083006,Bronze
10262,40,79.11,2,3164.4,2004-06-24,Cancelled,2,6,2004,Vintage Cars,68,S32_4289,Euro Shopping Channel,(91) 555 94 44,"C/ Moralzarzal, 86",,Madrid,,28034,Spain,EMEA,Freyre,Diego,Medium,10104,Early,S3,16,16,912294.11,259,390830.2231807512,1.0,0.5152993396387399,Gold
10275,28,63.97,12,1791.16,2004-07-23,Shipped,3,7,2004,Vintage Cars,68,S32_4289,La Rochelle Gifts,40.67.8555,"67, rue des Cinquante Otages",,Nantes,,44000,France,EMEA,Labrune,Janine,Small,10275,Recent,S3,18,18,180124.9,53,210049.803514377,1.0,0.1091008571092068,Bronze
10284,50,81.86,4,4093.0,2004-08-21,Shipped,3,8,2004,Vintage Cars,68,S32_4289,"Norway Gifts By Mail, Co.",+47 2212 1555,"Drammensveien 126 A, PB 744 Sentrum",,Oslo,,N 0106,Norway,EMEA,Klaeboe,Jan,Medium,10284,Recent,S3,13,13,79224.23,24,89803.86319875775,1.0,0.04868280040290712,Bronze
10297,28,79.8,7,2234.4,2004-09-16,Shipped,3,9,2004,Vintage Cars,68,S32_4289,"Clover Collections, Co.",+353 1862 1555,25 Maiden Lane,Floor No. 4,Dublin,,2,Ireland,EMEA,Cassidy,Dean,Small,10220,Recent,S3,7,7,57756.43,16,96702.27958715596,1.0,0.03498010163810477,Bronze
10316,24,59.16,2,1419.84,2004-11-01,Shipped,4,11,2004,Vintage Cars,68,S32_4289,giftsbymail.co.uk,(198) 555-8888,Garden House Crowther Way,,Cowes,Isle of Wight,PO31 7PJ,UK,EMEA,Bennett,Helen,Small,10232,Recent,S3,18,18,78240.84,26,125805.75594713655,1.0,0.052193137398217876,Bronze
10328,24,81.17,5,1948.08,2004-11-12,Shipped,4,11,2004,Vintage Cars,68,S32_4289,Rovelli Gifts,035-640555,Via Ludovico il Moro 22,,Bergamo,,24100,Italy,EMEA,Rovelli,Giovanni,Small,10106,Early,S3,14,14,137955.72,48,79297.38236220472,1.0,0.08894630469124336,Bronze
10340,39,59.16,3,2307.24,2004-11-24,Shipped,4,11,2004,Vintage Cars,68,S32_4289,Enaco Distributors,(93) 203 4555,"Rambla de Catalu¤a, 23",,Barcelona,,8022,Spain,EMEA,Saavedra,Eduardo,Small,10118,Growth,S3,8,8,78411.86,23,49007.4125,1.0,0.04574939797050226,Bronze
10361,49,72.33,2,3544.17,2004-12-17,Shipped,4,12,2004,Vintage Cars,68,S32_4289,Souveniers And Things Co.,+61 2 9495 8555,"Monitor Money Building, 815 Pacific Hwy",Level 6,Chatswood,NSW,2067,Australia,APAC,Huxley,Adrian,Medium,10139,Growth,S3,14,14,151570.98,46,80882.175,0.14445278660885533,0.08967658031400969,Bronze
10375,44,82.26,4,3619.44,2005-02-03,Shipped,1,2,2005,Vintage Cars,68,S32_4289,La Rochelle Gifts,40.67.8555,"67, rue des Cinquante Otages",,Nantes,,44000,France,EMEA,Labrune,Janine,Medium,10275,Recent,S3,15,15,180124.9,53,210049.803514377,1.0,0.1091008571092068,Bronze
10398,22,67.41,4,1483.02,2005-03-30,Shipped,1,3,2005,Vintage Cars,68,S32_4289,Reims Collectables,26.47.1555,59 rue de l'Abbaye,,Reims,,51100,France,EMEA,Henriot,Paul,Small,10121,Growth,S3,18,18,135042.94,41,71024.02463976944,1.0,0.07987576822974221,Bronze
10416,26,61.22,7,1591.72,2005-05-10,Shipped,2,5,2005,Vintage Cars,68,S32_4289,L'ordine Souveniers,0522-556555,Strada Provinciale 124,,Reggio Emilia,,42100,Italy,EMEA,Moroni,Maurizio,Small,10176,Scale,S3,14,14,142601.33,39,94292.54610507246,1.0,0.08012703678424364,Bronze
10108,31,100.0,16,3669.78,2003-03-03,Shipped,1,3,2003,Motorcycles,102,S32_4485,Cruz & Sons Co.,+63 2 555 3587,15 McCallum Street - NatWest Center #13-03,,Makati City,,1227 MM,Philippines,Japan,Cruz,Arnold,Medium,10108,Early,S3,16,16,94015.73,26,54905.18631999999,0.09121179679999217,0.052875972332028814,Bronze
10121,25,86.74,3,2168.5,2003-05-07,Shipped,2,5,2003,Motorcycles,102,S32_4485,Reims Collectables,26.47.1555,59 rue de l'Abbaye,,Reims,,51100,France,EMEA,Henriot,Paul,Small,10121,Growth,S3,5,5,135042.94,41,71024.02463976944,1.0,0.07987576822974221,Bronze
10169,34,100.0,12,3920.88,2003-11-04,Shipped,4,11,2003,Motorcycles,102,S32_4485,"Anna's Decorations, Ltd",02 9936 8555,201 Miller Street,Level 15,North Sydney,NSW,2060,Australia,APAC,O'Hara,Anna,Medium,10148,Scale,S3,13,13,153996.13,46,102946.13086080586,0.14445278660885533,0.09107194995497356,Bronze
10180,22,100.0,7,2514.6,2003-11-11,Shipped,4,11,2003,Motorcycles,102,S32_4485,Daedalus Designs Imports,20.16.1555,"184, chausse de Tournai",,Lille,,59000,France,EMEA,Rance,Martine,Small,10180,Scale,S3,14,14,69052.41,20,244700.2878640777,1.0,0.047883188318364044,Bronze
10190,42,85.72,4,3600.24,2003-11-19,Shipped,4,11,2003,Motorcycles,102,S32_4485,Euro Shopping Channel,(91) 555 94 44,"C/ Moralzarzal, 86",,Madrid,,28034,Spain,EMEA,Freyre,Diego,Medium,10104,Early,S3,4,4,912294.11,259,390830.2231807512,1.0,0.5152993396387399,Gold
10211,37,100.0,12,4040.03,2004-01-15,Shipped,1,1,2004,Motorcycles,102,S32_4485,Auto Canal Petit,(1) 47.55.6555,"25, rue Lauriston",,Paris,,75016,France,EMEA,Perrier,Dominique,Medium,10211,Recent,S3,15,15,93170.66,27,75740.06881959911,1.0,0.054664607831659315,Bronze
10224,30,100.0,5,3336.9,2004-02-21,Shipped,1,2,2004,Motorcycles,102,S32_4485,Daedalus Designs Imports,20.16.1555,"184, chausse de Tournai",,Lille,,59000,France,EMEA,Rance,Martine,Medium,10180,Scale,S3,6,6,69052.41,20,244700.2878640777,1.0,0.047883188318364044,Bronze
10252,25,100.0,9,2832.0,2004-05-26,Shipped,2,5,2004,Motorcycles,102,S32_4485,Auto Canal Petit,(1) 47.55.6555,"25, rue Lauriston",,Paris,,75016,France,EMEA,Perrier,Dominique,Small,10211,Recent,S3,9,9,93170.66,27,75740.06881959911,1.0,0.054664607831659315,Bronze
10299,38,100.0,7,4382.16,2004-09-30,Shipped,3,9,2004,Motorcycles,102,S32_4485,"Toys of Finland, Co.",90-224 8555,Keskuskatu 45,,Helsinki,,21240,Finland,EMEA,Karttunen,Matti,Medium,10155,Scale,S3,11,11,111250.38,30,82365.9,1.0,0.06236245706238509,Bronze
10309,50,84.7,3,4235.0,2004-10-15,Shipped,4,10,2004,Motorcycles,102,S32_4485,Baane Mini Imports,07-98 9555,Erling Skakkes gate 78,,Stavern,,4110,Norway,EMEA,Bergulfsen,Jonas,Medium,10103,Early,S3,6,6,116599.19,32,65778.52295208655,1.0,0.06520234066938801,Bronze
10341,31,71.02,4,2201.62,2004-11-24,Shipped,4,11,2004,Motorcycles,102,S32_4485,Salzburg Collectables,6562-9555,Geislweg 14,,Salzburg,,5020,Austria,EMEA,Pipps,Georg,Small,10119,Growth,S3,10,10,149798.63,40,72804.92669773634,1.0,0.08202203553143256,Bronze
10355,40,100.0,5,4326.8,2004-12-07,Shipped,4,12,2004,Motorcycles,102,S32_4485,Euro Shopping Channel,(91) 555 94 44,"C/ Moralzarzal, 86",,Madrid,,28034,Spain,EMEA,Freyre,Diego,Medium,10104,Early,S3,10,10,912294.11,259,390830.2231807512,1.0,0.5152993396387399,Gold
10375,41,100.0,15,4701.88,2005-02-03,Shipped,1,2,2005,Motorcycles,102,S32_4485,La Rochelle Gifts,40.67.8555,"67, rue des Cinquante Otages",,Nantes,,44000,France,EMEA,Labrune,Janine,Medium,10275,Recent,S3,15,15,180124.9,53,210049.803514377,1.0,0.1091008571092068,Bronze
10403,45,100.0,5,5189.4,2005-04-08,Shipped,2,4,2005,Motorcycles,102,S32_4485,"UK Collectables, Ltd.",(171) 555-2282,Berkeley Gardens 12  Brewery,,Liverpool,,WX1 6LT,UK,EMEA,Devon,Elizabeth,Medium,10253,Recent,S3,9,9,118008.27,29,78172.44745916517,1.0,0.06252151573536294,Bronze
10106,39,40.15,6,1565.85,2003-02-17,Shipped,1,2,2003,Vintage Cars,43,S50_1341,Rovelli Gifts,035-640555,Via Ludovico il Moro 22,,Bergamo,,24100,Italy,EMEA,Rovelli,Giovanni,Small,10106,Early,S5,18,18,137955.72,48,79297.38236220472,1.0,0.08894630469124336,Bronze
10120,49,50.62,12,2480.38,2003-04-29,Shipped,2,4,2003,Vintage Cars,43,S50_1341,"Australian Collectors, Co.",03 9520 4555,636 St Kilda Road,Level 3,Melbourne,Victoria,3004,Australia,APAC,Ferguson,Peter,Small,10120,Growth,S5,15,15,200995.41,55,126270.78253012049,0.14445278660885533,0.11271325808083006,Bronze
10133,27,50.19,7,1355.13,2003-06-27,Shipped,2,6,2003,Vintage Cars,43,S50_1341,Euro Shopping Channel,(91) 555 94 44,"C/ Moralzarzal, 86",,Madrid,,28034,Spain,EMEA,Freyre,Diego,Small,10104,Early,S5,8,8,912294.11,259,390830.2231807512,1.0,0.5152993396387399,Gold
10156,20,41.02,1,820.4,2003-10-08,Shipped,4,10,2003,Vintage Cars,43,S50_1341,Euro Shopping Channel,(91) 555 94 44,"C/ Moralzarzal, 86",,Madrid,,28034,Spain,EMEA,Freyre,Diego,Small,10104,Early,S5,2,2,912294.11,259,390830.2231807512,1.0,0.5152993396387399,Gold
10210,43,41.02,11,1763.86,2004-01-12,Shipped,1,1,2004,Vintage Cars,43,S50_1341,Osaka Souveniers Co.,+81 06 6342 5555,"Dojima Avanza 4F, 1-6-20 Dojima, Kita-ku",,Osaka,Osaka,530-0003,Japan,Japan,Kentary,Mory,Small,10210,Recent,S5,17,17,67605.07,20,265331.72634408606,0.09121179679999217,0.048373524517489136,Bronze
10223,41,46.26,13,1896.66,2004-02-20,Shipped,1,2,2004,Vintage Cars,43,S50_1341,"Australian Collectors, Co.",03 9520 4555,636 St Kilda Road,Level 3,Melbourne,Victoria,3004,Australia,APAC,Ferguson,Peter,Small,10120,Growth,S5,15,15,200995.41,55,126270.78253012049,0.14445278660885533,0.11271325808083006,Bronze
10262,49,37.97,3,1860.53,2004-06-24,Cancelled,2,6,2004,Vintage Cars,43,S50_1341,Euro Shopping Channel,(91) 555 94 44,"C/ Moralzarzal, 86",,Madrid,,28034,Spain,EMEA,Freyre,Diego,Small,10104,Early,S5,16,16,912294.11,259,390830.2231807512,1.0,0.5152993396387399,Gold
10275,38,45.39,13,1724.82,2004-07-23,Shipped,3,7,2004,Vintage Cars,43,S50_1341,La Rochelle Gifts,40.67.8555,"67, rue des Cinquante Otages",,Nantes,,44000,France,EMEA,Labrune,Janine,Small,10275,Recent,S5,18,18,180124.9,53,210049.803514377,1.0,0.1091008571092068,Bronze
10284,33,51.93,5,1713.69,2004-08-21,Shipped,3,8,2004,Vintage Cars,43,S50_1341,"Norway Gifts By Mail, Co.",+47 2212 1555,"Drammensveien 126 A, PB 744 Sentrum",,Oslo,,N 0106,Norway,EMEA,Klaeboe,Jan,Small,10284,Recent,S5,13,13,79224.23,24,89803.86319875775,1.0,0.04868280040290712,Bronze
10296,26,48.44,1,1259.44,2004-09-15,Shipped,3,9,2004,Vintage Cars,43,S50_1341,"Bavarian Collectables Imports, Co.",+49 89 61 08 9555,Hansastr. 15,,Munich,,80686,Germany,EMEA,Donnermeyer,Michael,Small,10296,Recent,S5,14,14,34993.92,14,12772780.799999999,1.0,0.523887847462416,Gold
10316,34,47.57,3,1617.38,2004-11-01,Shipped,4,11,2004,Vintage Cars,43,S50_1341,giftsbymail.co.uk,(198) 555-8888,Garden House Crowther Way,,Cowes,Isle of Wight,PO31 7PJ,UK,EMEA,Bennett,Helen,Small,10232,Recent,S5,18,18,78240.84,26,125805.75594713655,1.0,0.052193137398217876,Bronze
10328,34,51.93,7,1765.62,2004-11-12,Shipped,4,11,2004,Vintage Cars,43,S50_1341,Rovelli Gifts,035-640555,Via Ludovico il Moro 22,,Bergamo,,24100,Italy,EMEA,Rovelli,Giovanni,Small,10106,Early,S5,14,14,137955.72,48,79297.38236220472,1.0,0.08894630469124336,Bronze
10340,40,50.62,4,2024.8,2004-11-24,Shipped,4,11,2004,Vintage Cars,43,S50_1341,Enaco Distributors,(93) 203 4555,"Rambla de Catalu¤a, 23",,Barcelona,,8022,Spain,EMEA,Saavedra,Eduardo,Small,10118,Growth,S5,8,8,78411.86,23,49007.4125,1.0,0.04574939797050226,Bronze
10361,33,82.59,3,2725.47,2004-12-17,Shipped,4,12,2004,Vintage Cars,43,S50_1341,Souveniers And Things Co.,+61 2 9495 8555,"Monitor Money Building, 815 Pacific Hwy",Level 6,Chatswood,NSW,2067,Australia,APAC,Huxley,Adrian,Small,10139,Growth,S5,14,14,151570.98,46,80882.175,0.14445278660885533,0.08967658031400969,Bronze
10375,49,65.8,5,3224.2,2005-02-03,Shipped,1,2,2005,Vintage Cars,43,S50_1341,La Rochelle Gifts,40.67.8555,"67, rue des Cinquante Otages",,Nantes,,44000,France,EMEA,Labrune,Janine,Medium,10275,Recent,S5,15,15,180124.9,53,210049.803514377,1.0,0.1091008571092068,Bronze
10398,49,36.66,5,1796.34,2005-03-30,Shipped,1,3,2005,Vintage Cars,43,S50_1341,Reims Collectables,26.47.1555,59 rue de l'Abbaye,,Reims,,51100,France,EMEA,Henriot,Paul,Small,10121,Growth,S5,18,18,135042.94,41,71024.02463976944,1.0,0.07987576822974221,Bronze
10416,37,51.93,8,1921.41,2005-05-10,Shipped,2,5,2005,Vintage Cars,43,S50_1341,L'ordine Souveniers,0522-556555,Strada Provinciale 124,,Reggio Emilia,,42100,Italy,EMEA,Moroni,Maurizio,Small,10176,Scale,S5,14,14,142601.33,39,94292.54610507246,1.0,0.08012703678424364,Bronze
10104,33,100.0,7,3705.24,2003-01-31,Shipped,1,1,2003,Trucks and Buses,115,S50_1392,Euro Shopping Channel,(91) 555 94 44,"C/ Moralzarzal, 86",,Madrid,,28034,Spain,EMEA,Freyre,Diego,Medium,10104,Early,S5,13,13,912294.11,259,390830.2231807512,1.0,0.5152993396387399,Gold
10141,44,100.0,3,5500.44,2003-08-01,Shipped,3,8,2003,Trucks and Buses,115,S50_1392,Suominen Souveniers,+358 9 8045 555,"Software Engineering Center, SEC Oy",,Espoo,,FIN-02271,Finland,EMEA,Suominen,Kalle,Medium,10141,Growth,S5,9,9,113961.15,30,79230.13285714285,1.0,0.06283398058431945,Bronze
10151,26,100.0,1,3220.1,2003-09-21,Shipped,3,9,2003,Trucks and Buses,115,S50_1392,"Oulu Toy Supplies, Inc.",981-443655,Torikatu 38,,Oulu,,90110,Finland,EMEA,Koskitalo,Pirkko,Medium,10151,Scale,S5,10,10,104370.38,32,76343.06352705411,1.0,0.06293500544345523,Bronze
10165,48,94.92,10,4556.16,2003-10-22,Shipped,4,10,2003,Trucks and Buses,115,S50_1392,"Dragon Souveniers, Ltd.",+65 221 7555,"Bronz Sok., Bronz Apt. 3/6 Tesvikiye",,Singapore,,79903,Singapore,Japan,Natividad,Eric,Medium,10117,Growth,S5,18,18,172989.68,43,91908.63639010189,0.09121179679999217,0.09132888493134783,Bronze
10176,23,100.0,9,3114.89,2003-11-06,Shipped,4,11,2003,Trucks and Buses,115,S50_1392,L'ordine Souveniers,0522-556555,Strada Provinciale 124,,Reggio Emilia,,42100,Italy,EMEA,Moroni,Maurizio,Medium,10176,Scale,S5,10,10,142601.33,39,94292.54610507246,1.0,0.08012703678424364,Bronze
10184,45,100.0,4,4948.2,2003-11-14,Shipped,4,11,2003,Trucks and Buses,115,S50_1392,"Iberia Gift Imports, Corp.",(95) 555 82 82,"C/ Romero, 33",,Sevilla,,41101,Spain,EMEA,Roel,Jose Pedro,Medium,10184,Scale,S5,13,13,54723.62,15,60896.711280487805,1.0,0.031755289392518975,Bronze
10220,37,100.0,9,3983.05,2004-02-12,Shipped,1,2,2004,Trucks and Buses,115,S50_1392,"Clover Collections, Co.",+353 1862 1555,25 Maiden Lane,Floor No. 4,Dublin,,2,Ireland,EMEA,Cassidy,Dean,Medium,10220,Recent,S5,9,9,57756.43,16,96702.27958715596,1.0,0.03498010163810477,Bronze
10230,34,100.0,7,3974.94,2004-03-15,Shipped,1,3,2004,Trucks and Buses,115,S50_1392,"Blauer See Auto, Co.",+49 69 66 90 2555,Lyonerstr. 34,,Frankfurt,,60528,Germany,EMEA,Keitel,Roland,Medium,10101,Early,S5,8,8,85171.59,22,46608.14145427286,1.0,0.04597909459062931,Bronze
10246,22,100.0,3,2928.42,2004-05-05,Shipped,2,5,2004,Trucks and Buses,115,S50_1392,Euro Shopping Channel,(91) 555 94 44,"C/ Moralzarzal, 86",,Madrid,,28034,Spain,EMEA,Freyre,Diego,Small,10104,Early,S5,11,11,912294.11,259,390830.2231807512,1.0,0.5152993396387399,Gold
10259,29,100.0,2,3054.57,2004-06-15,Shipped,2,6,2004,Trucks and Buses,115,S50_1392,Handji Gifts& Co,+65 224 1555,Village Close - 106 Linden Road Sandown,2nd Floor,Singapore,,69045,Singapore,APAC,Victorino,Wendy,Medium,10217,Recent,S5,13,13,115498.73,36,94734.91337078653,0.14445278660885533,0.07072781358587162,Bronze
10314,28,100.0,12,3403.12,2004-10-22,Shipped,4,10,2004,Trucks and Buses,115,S50_1392,Heintze Collectables,86 21 3555,Smagsloget 45,,Aaarhus,,8200,Denmark,EMEA,Ibsen,Palle,Medium,10161,Scale,S5,15,15,100595.55,27,98702.62298387097,1.0,0.05719123450775858,Bronze
10325,38,100.0,4,5190.42,2004-11-05,Shipped,4,11,2004,Trucks and Buses,115,S50_1392,Baane Mini Imports,07-98 9555,Erling Skakkes gate 78,,Stavern,,4110,Norway,EMEA,Bergulfsen,Jonas,Medium,10103,Early,S5,9,9,116599.19,32,65778.52295208655,1.0,0.06520234066938801,Bronze
10336,23,100.0,8,3141.57,2004-11-20,Shipped,4,11,2004,Trucks and Buses,115,S50_1392,"La Corne D'abondance, Co.",(1) 42.34.2555,"265, boulevard Charonne",,Paris,,75012,France,EMEA,Bertrand,Marie,Medium,10114,Growth,S5,12,12,97203.68,23,59132.23866666666,1.0,0.0502654264226107,Bronze
10350,31,71.4,8,2213.4,2004-12-02,Shipped,4,12,2004,Trucks and Buses,115,S50_1392,Euro Shopping Channel,(91) 555 94 44,"C/ Moralzarzal, 86",,Madrid,,28034,Spain,EMEA,Freyre,Diego,Small,10104,Early,S5,17,17,912294.11,259,390830.2231807512,1.0,0.5152993396387399,Gold
10359,46,100.0,2,4896.7,2004-12-15,Shipped,4,12,2004,Trucks and Buses,115,S50_1392,Reims Collectables,26.47.1555,59 rue de l'Abbaye,,Reims,,51100,France,EMEA,Henriot,Paul,Medium,10121,Growth,S5,8,8,135042.94,41,71024.02463976944,1.0,0.07987576822974221,Bronze
10383,29,100.0,13,3087.05,2005-02-22,Shipped,1,2,2005,Trucks and Buses,115,S50_1392,Euro Shopping Channel,(91) 555 94 44,"C/ Moralzarzal, 86",,Madrid,,28034,Spain,EMEA,Freyre,Diego,Medium,10104,Early,S5,13,13,912294.11,259,390830.2231807512,1.0,0.5152993396387399,Gold
10395,46,100.0,4,5692.96,2005-03-17,Shipped,1,3,2005,Trucks and Buses,115,S50_1392,Lyon Souveniers,+33 1 46 62 7555,27 rue du Colonel Pierre Avia,,Paris,,75508,France,EMEA,Da Cunha,Daniel,Medium,10134,Growth,S5,4,4,78570.34,20,45811.77971246006,1.0,0.042184142256092155,Bronze
10412,26,100.0,3,3460.86,2005-05-03,Shipped,2,5,2005,Trucks and Buses,115,S50_1392,Euro Shopping Channel,(91) 555 94 44,"C/ Moralzarzal, 86",,Madrid,,28034,Spain,EMEA,Freyre,Diego,Medium,10104,Early,S5,11,11,912294.11,259,390830.2231807512,1.0,0.5152993396387399,Gold
10425,18,100.0,2,1895.94,2005-05-31,In Process,2,5,2005,Trucks and Buses,115,S50_1392,La Rochelle Gifts,40.67.8555,"67, rue des Cinquante Otages",,Nantes,,44000,France,EMEA,Labrune,Janine,Small,10275,Recent,S5,13,13,180124.9,53,210049.803514377,1.0,0.1091008571092068,Bronze
10104,32,53.31,2,1705.92,2003-01-31,Shipped,1,1,2003,Trains,58,S50_1514,Euro Shopping Channel,(91) 555 94 44,"C/ Moralzarzal, 86",,Madrid,,28034,Spain,EMEA,Freyre,Diego,Small,10104,Early,S5,13,13,912294.11,259,390830.2231807512,1.0,0.5152993396387399,Gold
10117,21,49.21,11,1033.41,2003-04-16,Shipped,2,4,2003,Trains,58,S50_1514,"Dragon Souveniers, Ltd.",+65 221 7555,"Bronz Sok., Bronz Apt. 3/6 Tesvikiye",,Singapore,,79903,Singapore,Japan,Natividad,Eric,Small,10117,Growth,S5,12,12,172989.68,43,91908.63639010189,0.09121179679999217,0.09132888493134783,Bronze
10153,31,57.41,13,1779.71,2003-09-28,Shipped,3,9,2003,Trains,58,S50_1514,Euro Shopping Channel,(91) 555 94 44,"C/ Moralzarzal, 86",,Madrid,,28034,Spain,EMEA,Freyre,Diego,Small,10104,Early,S5,13,13,912294.11,259,390830.2231807512,1.0,0.5152993396387399,Gold
10165,38,66.78,5,2537.64,2003-10-22,Shipped,4,10,2003,Trains,58,S50_1514,"Dragon Souveniers, Ltd.",+65 221 7555,"Bronz Sok., Bronz Apt. 3/6 Tesvikiye",,Singapore,,79903,Singapore,Japan,Natividad,Eric,Small,10117,Growth,S5,18,18,172989.68,43,91908.63639010189,0.09121179679999217,0.09132888493134783,Bronze
10176,38,64.44,4,2448.72,2003-11-06,Shipped,4,11,2003,Trains,58,S50_1514,L'ordine Souveniers,0522-556555,Strada Provinciale 124,,Reggio Emilia,,42100,Italy,EMEA,Moroni,Maurizio,Small,10176,Scale,S5,10,10,142601.33,39,94292.54610507246,1.0,0.08012703678424364,Bronze
10208,30,65.61,15,1968.3,2004-01-02,Shipped,1,1,2004,Trains,58,S50_1514,"Saveley & Henriot, Co.",78.32.5555,"2, rue du Commerce",,Lyon,,69004,France,EMEA,Saveley,Mary,Small,10194,Scale,S5,15,15,142874.25,41,526758.5984848485,1.0,0.09943267580879472,Bronze
10220,30,68.54,4,2056.2,2004-02-12,Shipped,1,2,2004,Trains,58,S50_1514,"Clover Collections, Co.",+353 1862 1555,25 Maiden Lane,Floor No. 4,Dublin,,2,Ireland,EMEA,Cassidy,Dean,Small,10220,Recent,S5,9,9,57756.43,16,96702.27958715596,1.0,0.03498010163810477,Bronze
10230,43,52.14,2,2242.02,2004-03-15,Shipped,1,3,2004,Trains,58,S50_1514,"Blauer See Auto, Co.",+49 69 66 90 2555,Lyonerstr. 34,,Frankfurt,,60528,Germany,EMEA,Keitel,Roland,Small,10101,Early,S5,8,8,85171.59,22,46608.14145427286,1.0,0.04597909459062931,Bronze
10247,49,63.85,4,3128.65,2004-05-05,Shipped,2,5,2004,Trains,58,S50_1514,Suominen Souveniers,+358 9 8045 555,"Software Engineering Center, SEC Oy",,Espoo,,FIN-02271,Finland,EMEA,Suominen,Kalle,Medium,10141,Growth,S5,6,6,113961.15,30,79230.13285714285,1.0,0.06283398058431945,Bronze
10306,34,60.34,15,2051.56,2004-10-14,Shipped,4,10,2004,Trains,58,S50_1514,"AV Stores, Co.",(171) 555-1555,Fauntleroy Circus,,Manchester,,EC2 5NT,UK,EMEA,Ashworth,Victoria,Small,10110,Early,S5,17,17,157807.81,51,94271.44132569559,1.0,0.09735950383251968,Bronze
10314,38,61.51,7,2337.38,2004-10-22,Shipped,4,10,2004,Trains,58,S50_1514,Heintze Collectables,86 21 3555,Smagsloget 45,,Aaarhus,,8200,Denmark,EMEA,Ibsen,Palle,Small,10161,Scale,S5,15,15,100595.55,27,98702.62298387097,1.0,0.05719123450775858,Bronze
10325,44,100.0,7,5932.96,2004-11-05,Shipped,4,11,2004,Trains,58,S50_1514,Baane Mini Imports,07-98 9555,Erling Skakkes gate 78,,Stavern,,4110,Norway,EMEA,Bergulfsen,Jonas,Medium,10103,Early,S5,9,9,116599.19,32,65778.52295208655,1.0,0.06520234066938801,Bronze
10350,44,100.0,17,6490.88,2004-12-02,Shipped,4,12,2004,Trains,58,S50_1514,Euro Shopping Channel,(91) 555 94 44,"C/ Moralzarzal, 86",,Madrid,,28034,Spain,EMEA,Freyre,Diego,Medium,10104,Early,S5,17,17,912294.11,259,390830.2231807512,1.0,0.5152993396387399,Gold
10359,25,64.93,4,1623.25,2004-12-15,Shipped,4,12,2004,Trains,58,S50_1514,Reims Collectables,26.47.1555,59 rue de l'Abbaye,,Reims,,51100,France,EMEA,Henriot,Paul,Small,10121,Growth,S5,8,8,135042.94,41,71024.02463976944,1.0,0.07987576822974221,Bronze
10372,24,58.58,9,1405.92,2005-01-26,Shipped,1,1,2005,Trains,58,S50_1514,"Tokyo Collectables, Ltd",+81 3 3584 0555,2-2-8 Roppongi,,Minato-ku,Tokyo,106-0032,Japan,Japan,Shimamura,Akiko,Small,10258,Recent,S5,9,9,120562.74,32,141042.94903846155,0.09121179679999217,0.06901754192631648,Bronze
10383,38,60.06,10,2282.28,2005-02-22,Shipped,1,2,2005,Trains,58,S50_1514,Euro Shopping Channel,(91) 555 94 44,"C/ Moralzarzal, 86",,Madrid,,28034,Spain,EMEA,Freyre,Diego,Small,10104,Early,S5,13,13,912294.11,259,390830.2231807512,1.0,0.5152993396387399,Gold
10395,45,100.0,3,8977.05,2005-03-17,Shipped,1,3,2005,Trains,58,S50_1514,Lyon Souveniers,+33 1 46 62 7555,27 rue du Colonel Pierre Avia,,Paris,,75508,France,EMEA,Da Cunha,Daniel,Large,10134,Growth,S5,4,4,78570.34,20,45811.77971246006,1.0,0.042184142256092155,Bronze
10108,34,82.99,14,2821.66,2003-03-03,Shipped,1,3,2003,Motorcycles,81,S50_4713,Cruz & Sons Co.,+63 2 555 3587,15 McCallum Street - NatWest Center #13-03,,Makati City,,1227 MM,Philippines,Japan,Cruz,Arnold,Small,10108,Early,S5,16,16,94015.73,26,54905.18631999999,0.09121179679999217,0.052875972332028814,Bronze
10121,44,74.85,1,3293.4,2003-05-07,Shipped,2,5,2003,Motorcycles,81,S50_4713,Reims Collectables,26.47.1555,59 rue de l'Abbaye,,Reims,,51100,France,EMEA,Henriot,Paul,Medium,10121,Growth,S5,5,5,135042.94,41,71024.02463976944,1.0,0.07987576822974221,Bronze
10169,48,80.55,10,3866.4,2003-11-04,Shipped,4,11,2003,Motorcycles,81,S50_4713,"Anna's Decorations, Ltd",02 9936 8555,201 Miller Street,Level 15,North Sydney,NSW,2060,Australia,APAC,O'Hara,Anna,Medium,10148,Scale,S5,13,13,153996.13,46,102946.13086080586,0.14445278660885533,0.09107194995497356,Bronze
10180,21,93.56,5,1964.76,2003-11-11,Shipped,4,11,2003,Motorcycles,81,S50_4713,Daedalus Designs Imports,20.16.1555,"184, chausse de Tournai",,Lille,,59000,France,EMEA,Rance,Martine,Small,10180,Scale,S5,14,14,69052.41,20,244700.2878640777,1.0,0.047883188318364044,Bronze
10190,40,66.72,2,2668.8,2003-11-19,Shipped,4,11,2003,Motorcycles,81,S50_4713,Euro Shopping Channel,(91) 555 94 44,"C/ Moralzarzal, 86",,Madrid,,28034,Spain,EMEA,Freyre,Diego,Small,10104,Early,S5,4,4,912294.11,259,390830.2231807512,1.0,0.5152993396387399,Gold
10211,40,80.55,10,3222.0,2004-01-15,Shipped,1,1,2004,Motorcycles,81,S50_4713,Auto Canal Petit,(1) 47.55.6555,"25, rue Lauriston",,Paris,,75016,France,EMEA,Perrier,Dominique,Medium,10211,Recent,S5,15,15,93170.66,27,75740.06881959911,1.0,0.054664607831659315,Bronze
10224,50,77.29,3,3864.5,2004-02-21,Shipped,1,2,2004,Motorcycles,81,S50_4713,Daedalus Designs Imports,20.16.1555,"184, chausse de Tournai",,Lille,,59000,France,EMEA,Rance,Martine,Medium,10180,Scale,S5,6,6,69052.41,20,244700.2878640777,1.0,0.047883188318364044,Bronze
10252,48,72.41,7,3475.68,2004-05-26,Shipped,2,5,2004,Motorcycles,81,S50_4713,Auto Canal Petit,(1) 47.55.6555,"25, rue Lauriston",,Paris,,75016,France,EMEA,Perrier,Dominique,Medium,10211,Recent,S5,9,9,93170.66,27,75740.06881959911,1.0,0.054664607831659315,Bronze
10299,44,80.55,5,3544.2,2004-09-30,Shipped,3,9,2004,Motorcycles,81,S50_4713,"Toys of Finland, Co.",90-224 8555,Keskuskatu 45,,Helsinki,,21240,Finland,EMEA,Karttunen,Matti,Medium,10155,Scale,S5,11,11,111250.38,30,82365.9,1.0,0.06236245706238509,Bronze
10309,28,88.68,1,2483.04,2004-10-15,Shipped,4,10,2004,Motorcycles,81,S50_4713,Baane Mini Imports,07-98 9555,Erling Skakkes gate 78,,Stavern,,4110,Norway,EMEA,Bergulfsen,Jonas,Small,10103,Early,S5,6,6,116599.19,32,65778.52295208655,1.0,0.06520234066938801,Bronze
10341,38,100.0,3,4682.36,2004-11-24,Shipped,4,11,2004,Motorcycles,81,S50_4713,Salzburg Collectables,6562-9555,Geislweg 14,,Salzburg,,5020,Austria,EMEA,Pipps,Georg,Medium,10119,Growth,S5,10,10,149798.63,40,72804.92669773634,1.0,0.08202203553143256,Bronze
10356,26,100.0,4,3937.7,2004-12-09,Shipped,4,12,2004,Motorcycles,81,S50_4713,Lyon Souveniers,+33 1 46 62 7555,27 rue du Colonel Pierre Avia,,Paris,,75508,France,EMEA,Da Cunha,Daniel,Medium,10134,Growth,S5,9,9,78570.34,20,45811.77971246006,1.0,0.042184142256092155,Bronze
10375,49,100.0,8,5406.66,2005-02-03,Shipped,1,2,2005,Motorcycles,81,S50_4713,La Rochelle Gifts,40.67.8555,"67, rue des Cinquante Otages",,Nantes,,44000,France,EMEA,Labrune,Janine,Medium,10275,Recent,S5,15,15,180124.9,53,210049.803514377,1.0,0.1091008571092068,Bronze
10403,31,68.34,3,2118.54,2005-04-08,Shipped,2,4,2005,Motorcycles,81,S50_4713,"UK Collectables, Ltd.",(171) 555-2282,Berkeley Gardens 12  Brewery,,Liverpool,,WX1 6LT,UK,EMEA,Devon,Elizabeth,Small,10253,Recent,S5,9,9,118008.27,29,78172.44745916517,1.0,0.06252151573536294,Bronze
10105,41,70.67,5,2897.47,2003-02-11,Shipped,1,2,2003,Ships,66,S700_1138,Danish Wholesale Imports,31 12 3555,Vinb'ltet 34,,Kobenhavn,,1734,Denmark,EMEA,Petersen,Jytte,Small,10105,Early,S7,15,15,145041.6,36,66591.42641509433,1.0,0.07610272679186011,Bronze
10119,25,76.67,14,1916.75,2003-04-28,Shipped,2,4,2003,Ships,66,S700_1138,Salzburg Collectables,6562-9555,Geislweg 14,,Salzburg,,5020,Austria,EMEA,Pipps,Georg,Small,10119,Growth,S7,14,14,149798.63,40,72804.92669773634,1.0,0.08202203553143256,Bronze
10129,31,60.0,5,1860.0,2003-06-12,Shipped,2,6,2003,Ships,66,S700_1138,"Stylish Desk Decors, Co.",(171) 555-0297,35 King George,,London,,WX3 6FW,UK,EMEA,Brown,Ann,Small,10129,Growth,S7,9,9,88804.5,26,59914.31146025878,1.0,0.05192961308909447,Bronze
10153,43,64.67,1,2780.81,2003-09-28,Shipped,3,9,2003,Ships,66,S700_1138,Euro Shopping Channel,(91) 555 94 44,"C/ Moralzarzal, 86",,Madrid,,28034,Spain,EMEA,Freyre,Diego,Small,10104,Early,S7,13,13,912294.11,259,390830.2231807512,1.0,0.5152993396387399,Gold
10167,43,75.34,12,3239.62,2003-10-23,Cancelled,4,10,2003,Ships,66,S700_1138,Scandinavian Gift Ideas,0695-34 6555,?kergatan 24,,Boras,,S-844 67,Sweden,EMEA,Larsson,Maria,Medium,10167,Scale,S7,16,16,134259.33,38,98402.92259036144,1.0,0.0773008431710182,Bronze
10177,24,76.0,3,1824.0,2003-11-07,Shipped,4,11,2003,Ships,66,S700_1138,CAF Imports,+34 913 728 555,"Merchants House, 27-30 Merchant's Quay",,Madrid,,28023,Spain,EMEA,Fernandez,Jesus,Small,10177,Scale,S7,11,11,49642.05,13,135219.0167910448,1.0,0.031234068851378527,Bronze
10197,23,64.67,9,1487.41,2003-11-26,Shipped,4,11,2003,Ships,66,S700_1138,Enaco Distributors,(93) 203 4555,"Rambla de Catalu¤a, 23",,Barcelona,,8022,Spain,EMEA,Saavedra,Eduardo,Small,10118,Growth,S7,14,14,78411.86,23,49007.4125,1.0,0.04574939797050226,Bronze
10208,38,74.67,3,2837.46,2004-01-02,Shipped,1,1,2004,Ships,66,S700_1138,"Saveley & Henriot, Co.",78.32.5555,"2, rue du Commerce",,Lyon,,69004,France,EMEA,Saveley,Mary,Small,10194,Scale,S7,15,15,142874.25,41,526758.5984848485,1.0,0.09943267580879472,Bronze
10273,21,65.34,7,1372.14,2004-07-21,Shipped,3,7,2004,Ships,66,S700_1138,Petit Auto,(02) 5554 67,Rue Joseph-Bens 532,,Bruxelles,,B-1180,Belgium,EMEA,Dewey,Catherine,Small,10221,Recent,S7,15,15,74972.52,25,58472.157692307694,1.0,0.04768250670201093,Bronze
10306,50,54.0,3,2700.0,2004-10-14,Shipped,4,10,2004,Ships,66,S700_1138,"AV Stores, Co.",(171) 555-1555,Fauntleroy Circus,,Manchester,,EC2 5NT,UK,EMEA,Ashworth,Victoria,Small,10110,Early,S7,17,17,157807.81,51,94271.44132569559,1.0,0.09735950383251968,Bronze
10315,41,62.0,2,2542.0,2004-10-29,Shipped,4,10,2004,Ships,66,S700_1138,La Rochelle Gifts,40.67.8555,"67, rue des Cinquante Otages",,Nantes,,44000,France,EMEA,Labrune,Janine,Small,10275,Recent,S7,7,7,180124.9,53,210049.803514377,1.0,0.1091008571092068,Bronze
10326,39,60.0,1,2340.0,2004-11-09,Shipped,4,11,2004,Ships,66,S700_1138,"Volvo Model Replicas, Co",0921-12 3555,Berguvsvgen  8,,Lule,,S-958 22,Sweden,EMEA,Berglund,Christina,Small,10112,Early,S7,6,6,75754.88,19,45552.76968698518,1.0,0.040398475567936076,Bronze
10339,22,100.0,5,2816.44,2004-11-23,Shipped,4,11,2004,Ships,66,S700_1138,"Tokyo Collectables, Ltd",+81 3 3584 0555,2-2-8 Roppongi,,Minato-ku,Tokyo,106-0032,Japan,Japan,Shimamura,Akiko,Small,10258,Recent,S7,16,16,120562.74,32,141042.94903846155,0.09121179679999217,0.06901754192631648,Bronze
10350,46,76.67,11,3526.82,2004-12-02,Shipped,4,12,2004,Ships,66,S700_1138,Euro Shopping Channel,(91) 555 94 44,"C/ Moralzarzal, 86",,Madrid,,28034,Spain,EMEA,Freyre,Diego,Medium,10104,Early,S7,17,17,912294.11,259,390830.2231807512,1.0,0.5152993396387399,Gold
10373,44,100.0,14,4627.92,2005-01-31,Shipped,1,1,2005,Ships,66,S700_1138,"Oulu Toy Supplies, Inc.",981-443655,Torikatu 38,,Oulu,,90110,Finland,EMEA,Koskitalo,Pirkko,Medium,10151,Scale,S7,17,17,104370.38,32,76343.06352705411,1.0,0.06293500544345523,Bronze
10106,31,100.0,7,3312.97,2003-02-17,Shipped,1,2,2003,Planes,91,S700_1691,Rovelli Gifts,035-640555,Via Ludovico il Moro 22,,Bergamo,,24100,Italy,EMEA,Rovelli,Giovanni,Medium,10106,Early,S7,18,18,137955.72,48,79297.38236220472,1.0,0.08894630469124336,Bronze
10120,47,82.21,13,3863.87,2003-04-29,Shipped,2,4,2003,Planes,91,S700_1691,"Australian Collectors, Co.",03 9520 4555,636 St Kilda Road,Level 3,Melbourne,Victoria,3004,Australia,APAC,Ferguson,Peter,Medium,10120,Growth,S7,15,15,200995.41,55,126270.78253012049,0.14445278660885533,0.11271325808083006,Bronze
10133,24,77.64,8,1863.36,2003-06-27,Shipped,2,6,2003,Planes,91,S700_1691,Euro Shopping Channel,(91) 555 94 44,"C/ Moralzarzal, 86",,Madrid,,28034,Spain,EMEA,Freyre,Diego,Small,10104,Early,S7,8,8,912294.11,259,390830.2231807512,1.0,0.5152993396387399,Gold
10156,48,100.0,2,4954.08,2003-10-08,Shipped,4,10,2003,Planes,91,S700_1691,Euro Shopping Channel,(91) 555 94 44,"C/ Moralzarzal, 86",,Madrid,,28034,Spain,EMEA,Freyre,Diego,Medium,10104,Early,S7,2,2,912294.11,259,390830.2231807512,1.0,0.5152993396387399,Gold
10210,21,78.55,12,1649.55,2004-01-12,Shipped,1,1,2004,Planes,91,S700_1691,Osaka Souveniers Co.,+81 06 6342 5555,"Dojima Avanza 4F, 1-6-20 Dojima, Kita-ku",,Osaka,Osaka,530-0003,Japan,Japan,Kentary,Mory,Small,10210,Recent,S7,17,17,67605.07,20,265331.72634408606,0.09121179679999217,0.048373524517489136,Bronze
10223,25,100.0,14,2534.75,2004-02-20,Shipped,1,2,2004,Planes,91,S700_1691,"Australian Collectors, Co.",03 9520 4555,636 St Kilda Road,Level 3,Melbourne,Victoria,3004,Australia,APAC,Ferguson,Peter,Small,10120,Growth,S7,15,15,200995.41,55,126270.78253012049,0.14445278660885533,0.11271325808083006,Bronze
10262,40,84.03,4,3361.2,2004-06-24,Cancelled,2,6,2004,Planes,91,S700_1691,Euro Shopping Channel,(91) 555 94 44,"C/ Moralzarzal, 86",,Madrid,,28034,Spain,EMEA,Freyre,Diego,Medium,10104,Early,S7,16,16,912294.11,259,390830.2231807512,1.0,0.5152993396387399,Gold
10275,32,89.51,14,2864.32,2004-07-23,Shipped,3,7,2004,Planes,91,S700_1691,La Rochelle Gifts,40.67.8555,"67, rue des Cinquante Otages",,Nantes,,44000,France,EMEA,Labrune,Janine,Small,10275,Recent,S7,18,18,180124.9,53,210049.803514377,1.0,0.1091008571092068,Bronze
10284,24,83.12,6,1994.88,2004-08-21,Shipped,3,8,2004,Planes,91,S700_1691,"Norway Gifts By Mail, Co.",+47 2212 1555,"Drammensveien 126 A, PB 744 Sentrum",,Oslo,,N 0106,Norway,EMEA,Klaeboe,Jan,Small,10284,Recent,S7,13,13,79224.23,24,89803.86319875775,1.0,0.04868280040290712,Bronze
10296,42,100.0,2,4296.6,2004-09-15,Shipped,3,9,2004,Planes,91,S700_1691,"Bavarian Collectables Imports, Co.",+49 89 61 08 9555,Hansastr. 15,,Munich,,80686,Germany,EMEA,Donnermeyer,Michael,Medium,10296,Recent,S7,14,14,34993.92,14,12772780.799999999,1.0,0.523887847462416,Gold
10316,34,82.21,4,2795.14,2004-11-01,Shipped,4,11,2004,Planes,91,S700_1691,giftsbymail.co.uk,(198) 555-8888,Garden House Crowther Way,,Cowes,Isle of Wight,PO31 7PJ,UK,EMEA,Bennett,Helen,Small,10232,Recent,S7,18,18,78240.84,26,125805.75594713655,1.0,0.052193137398217876,Bronze
10328,27,100.0,8,2762.1,2004-11-12,Shipped,4,11,2004,Planes,91,S700_1691,Rovelli Gifts,035-640555,Via Ludovico il Moro 22,,Bergamo,,24100,Italy,EMEA,Rovelli,Giovanni,Small,10106,Early,S7,14,14,137955.72,48,79297.38236220472,1.0,0.08894630469124336,Bronze
10340,30,88.6,5,2658.0,2004-11-24,Shipped,4,11,2004,Planes,91,S700_1691,Enaco Distributors,(93) 203 4555,"Rambla de Catalu¤a, 23",,Barcelona,,8022,Spain,EMEA,Saavedra,Eduardo,Small,10118,Growth,S7,8,8,78411.86,23,49007.4125,1.0,0.04574939797050226,Bronze
10361,20,60.54,4,1210.8,2004-12-17,Shipped,4,12,2004,Planes,91,S700_1691,Souveniers And Things Co.,+61 2 9495 8555,"Monitor Money Building, 815 Pacific Hwy",Level 6,Chatswood,NSW,2067,Australia,APAC,Huxley,Adrian,Small,10139,Growth,S7,14,14,151570.98,46,80882.175,0.14445278660885533,0.08967658031400969,Bronze
10375,37,81.87,6,3029.19,2005-02-03,Shipped,1,2,2005,Planes,91,S700_1691,La Rochelle Gifts,40.67.8555,"67, rue des Cinquante Otages",,Nantes,,44000,France,EMEA,Labrune,Janine,Medium,10275,Recent,S7,15,15,180124.9,53,210049.803514377,1.0,0.1091008571092068,Bronze
10398,47,87.69,6,4121.43,2005-03-30,Shipped,1,3,2005,Planes,91,S700_1691,Reims Collectables,26.47.1555,59 rue de l'Abbaye,,Reims,,51100,France,EMEA,Henriot,Paul,Medium,10121,Growth,S7,18,18,135042.94,41,71024.02463976944,1.0,0.07987576822974221,Bronze
10416,23,91.34,9,2100.82,2005-05-10,Shipped,2,5,2005,Planes,91,S700_1691,L'ordine Souveniers,0522-556555,Strada Provinciale 124,,Reggio Emilia,,42100,Italy,EMEA,Moroni,Maurizio,Small,10176,Scale,S7,14,14,142601.33,39,94292.54610507246,1.0,0.08012703678424364,Bronze
10105,29,70.15,12,2034.35,2003-02-11,Shipped,1,2,2003,Ships,86,S700_1938,Danish Wholesale Imports,31 12 3555,Vinb'ltet 34,,Kobenhavn,,1734,Denmark,EMEA,Petersen,Jytte,Small,10105,Early,S7,15,15,145041.6,36,66591.42641509433,1.0,0.07610272679186011,Bronze
10117,38,79.68,6,3027.84,2003-04-16,Shipped,2,4,2003,Ships,86,S700_1938,"Dragon Souveniers, Ltd.",+65 221 7555,"Bronz Sok., Bronz Apt. 3/6 Tesvikiye",,Singapore,,79903,Singapore,Japan,Natividad,Eric,Medium,10117,Growth,S7,12,12,172989.68,43,91908.63639010189,0.09121179679999217,0.09132888493134783,Bronze
10128,32,97.0,3,3104.0,2003-06-06,Shipped,2,6,2003,Ships,86,S700_1938,Euro Shopping Channel,(91) 555 94 44,"C/ Moralzarzal, 86",,Madrid,,28034,Spain,EMEA,Freyre,Diego,Medium,10104,Early,S7,4,4,912294.11,259,390830.2231807512,1.0,0.5152993396387399,Gold
10153,31,87.48,8,2711.88,2003-09-28,Shipped,3,9,2003,Ships,86,S700_1938,Euro Shopping Channel,(91) 555 94 44,"C/ Moralzarzal, 86",,Madrid,,28034,Spain,EMEA,Freyre,Diego,Small,10104,Early,S7,13,13,912294.11,259,390830.2231807512,1.0,0.5152993396387399,Gold
10177,31,88.34,10,2738.54,2003-11-07,Shipped,4,11,2003,Ships,86,S700_1938,CAF Imports,+34 913 728 555,"Merchants House, 27-30 Merchant's Quay",,Madrid,,28023,Spain,EMEA,Fernandez,Jesus,Small,10177,Scale,S7,11,11,49642.05,13,135219.0167910448,1.0,0.031234068851378527,Bronze
10208,40,80.55,10,3222.0,2004-01-02,Shipped,1,1,2004,Ships,86,S700_1938,"Saveley & Henriot, Co.",78.32.5555,"2, rue du Commerce",,Lyon,,69004,France,EMEA,Saveley,Mary,Medium,10194,Scale,S7,15,15,142874.25,41,526758.5984848485,1.0,0.09943267580879472,Bronze
10221,23,97.0,4,2231.0,2004-02-18,Shipped,1,2,2004,Ships,86,S700_1938,Petit Auto,(02) 5554 67,Rue Joseph-Bens 532,,Bruxelles,,B-1180,Belgium,EMEA,Dewey,Catherine,Small,10221,Recent,S7,5,5,74972.52,25,58472.157692307694,1.0,0.04768250670201093,Bronze
10232,26,88.34,7,2296.84,2004-03-20,Shipped,1,3,2004,Ships,86,S700_1938,giftsbymail.co.uk,(198) 555-8888,Garden House Crowther Way,,Cowes,Isle of Wight,PO31 7PJ,UK,EMEA,Bennett,Helen,Small,10232,Recent,S7,8,8,78240.84,26,125805.75594713655,1.0,0.052193137398217876,Bronze
10273,21,100.0,14,2146.2,2004-07-21,Shipped,3,7,2004,Ships,86,S700_1938,Petit Auto,(02) 5554 67,Rue Joseph-Bens 532,,Bruxelles,,B-1180,Belgium,EMEA,Dewey,Catherine,Small,10221,Recent,S7,15,15,74972.52,25,58472.157692307694,1.0,0.04768250670201093,Bronze
10293,29,71.89,5,2084.81,2004-09-09,Shipped,3,9,2004,Ships,86,S700_1938,Amica Models & Co.,011-4988555,Via Monte Bianco 34,,Torino,,10100,Italy,EMEA,Accorti,Paolo,Small,10280,Recent,S7,9,9,94117.26,26,1431366.6624999999,1.0,0.10678083828361203,Bronze
10306,38,91.81,10,3488.78,2004-10-14,Shipped,4,10,2004,Ships,86,S700_1938,"AV Stores, Co.",(171) 555-1555,Fauntleroy Circus,,Manchester,,EC2 5NT,UK,EMEA,Ashworth,Victoria,Medium,10110,Early,S7,17,17,157807.81,51,94271.44132569559,1.0,0.09735950383251968,Bronze
10314,23,76.22,2,1753.06,2004-10-22,Shipped,4,10,2004,Ships,86,S700_1938,Heintze Collectables,86 21 3555,Smagsloget 45,,Aaarhus,,8200,Denmark,EMEA,Ibsen,Palle,Small,10161,Scale,S7,15,15,100595.55,27,98702.62298387097,1.0,0.05719123450775858,Bronze
10327,20,100.0,7,3469.2,2004-11-10,Resolved,4,11,2004,Ships,86,S700_1938,Danish Wholesale Imports,31 12 3555,Vinb'ltet 34,,Kobenhavn,,1734,Denmark,EMEA,Petersen,Jytte,Medium,10105,Early,S7,8,8,145041.6,36,66591.42641509433,1.0,0.07610272679186011,Bronze
10350,28,100.0,4,2924.32,2004-12-02,Shipped,4,12,2004,Ships,86,S700_1938,Euro Shopping Channel,(91) 555 94 44,"C/ Moralzarzal, 86",,Madrid,,28034,Spain,EMEA,Freyre,Diego,Small,10104,Early,S7,17,17,912294.11,259,390830.2231807512,1.0,0.5152993396387399,Gold
10372,44,100.0,2,4496.8,2005-01-26,Shipped,1,1,2005,Ships,86,S700_1938,"Tokyo Collectables, Ltd",+81 3 3584 0555,2-2-8 Roppongi,,Minato-ku,Tokyo,106-0032,Japan,Japan,Shimamura,Akiko,Medium,10258,Recent,S7,9,9,120562.74,32,141042.94903846155,0.09121179679999217,0.06901754192631648,Bronze
10397,32,80.55,5,2577.6,2005-03-28,Shipped,1,3,2005,Ships,86,S700_1938,Alpha Cognac,61.77.6555,1 rue Alsace-Lorraine,,Toulouse,,31000,France,EMEA,Roulet,Annette,Small,10136,Growth,S7,5,5,70488.44,20,40580.88422712934,1.0,0.040207599850367405,Bronze
10106,30,100.0,16,3177.3,2003-02-17,Shipped,1,2,2003,Ships,90,S700_2047,Rovelli Gifts,035-640555,Via Ludovico il Moro 22,,Bergamo,,24100,Italy,EMEA,Rovelli,Giovanni,Medium,10106,Early,S7,18,18,137955.72,48,79297.38236220472,1.0,0.08894630469124336,Bronze
10119,29,94.14,7,2730.06,2003-04-28,Shipped,2,4,2003,Ships,90,S700_2047,Salzburg Collectables,6562-9555,Geislweg 14,,Salzburg,,5020,Austria,EMEA,Pipps,Georg,Small,10119,Growth,S7,14,14,149798.63,40,72804.92669773634,1.0,0.08202203553143256,Bronze
10155,32,91.43,9,2925.76,2003-10-06,Shipped,4,10,2003,Ships,90,S700_2047,"Toys of Finland, Co.",90-224 8555,Keskuskatu 45,,Helsinki,,21240,Finland,EMEA,Karttunen,Matti,Small,10155,Scale,S7,13,13,111250.38,30,82365.9,1.0,0.06236245706238509,Bronze
10167,29,100.0,5,2940.02,2003-10-23,Cancelled,4,10,2003,Ships,90,S700_2047,Scandinavian Gift Ideas,0695-34 6555,?kergatan 24,,Boras,,S-844 67,Sweden,EMEA,Larsson,Maria,Small,10167,Scale,S7,16,16,134259.33,38,98402.92259036144,1.0,0.0773008431710182,Bronze
10178,34,96.86,8,3293.24,2003-11-08,Shipped,4,11,2003,Ships,90,S700_2047,Alpha Cognac,61.77.6555,1 rue Alsace-Lorraine,,Toulouse,,31000,France,EMEA,Roulet,Annette,Medium,10136,Growth,S7,12,12,70488.44,20,40580.88422712934,1.0,0.040207599850367405,Bronze
10186,24,99.57,5,2389.68,2003-11-14,Shipped,4,11,2003,Ships,90,S700_2047,"Double Decker Gift Stores, Ltd",(171) 555-7555,120 Hanover Sq.,,London,,WA1 1DP,UK,EMEA,Hardy,Thomas,Small,10186,Scale,S7,9,9,36019.04,12,187813.5657142857,1.0,0.02914808134381495,Bronze
10197,24,90.52,2,2172.48,2003-11-26,Shipped,4,11,2003,Ships,90,S700_2047,Enaco Distributors,(93) 203 4555,"Rambla de Catalu¤a, 23",,Barcelona,,8022,Spain,EMEA,Saavedra,Eduardo,Small,10118,Growth,S7,14,14,78411.86,23,49007.4125,1.0,0.04574939797050226,Bronze
10262,44,94.14,13,4142.16,2004-06-24,Cancelled,2,6,2004,Ships,90,S700_2047,Euro Shopping Channel,(91) 555 94 44,"C/ Moralzarzal, 86",,Madrid,,28034,Spain,EMEA,Freyre,Diego,Medium,10104,Early,S7,16,16,912294.11,259,390830.2231807512,1.0,0.5152993396387399,Gold
10296,34,100.0,11,3477.86,2004-09-15,Shipped,3,9,2004,Ships,90,S700_2047,"Bavarian Collectables Imports, Co.",+49 89 61 08 9555,Hansastr. 15,,Munich,,80686,Germany,EMEA,Donnermeyer,Michael,Medium,10296,Recent,S7,14,14,34993.92,14,12772780.799999999,1.0,0.523887847462416,Gold
10316,45,93.24,13,4195.8,2004-11-01,Shipped,4,11,2004,Ships,90,S700_2047,giftsbymail.co.uk,(198) 555-8888,Garden House Crowther Way,,Cowes,Isle of Wight,PO31 7PJ,UK,EMEA,Bennett,Helen,Medium,10232,Recent,S7,18,18,78240.84,26,125805.75594713655,1.0,0.052193137398217876,Bronze
10328,41,100.0,9,4156.58,2004-11-12,Shipped,4,11,2004,Ships,90,S700_2047,Rovelli Gifts,035-640555,Via Ludovico il Moro 22,,Bergamo,,24100,Italy,EMEA,Rovelli,Giovanni,Medium,10106,Early,S7,14,14,137955.72,48,79297.38236220472,1.0,0.08894630469124336,Bronze
10339,55,71.25,15,3918.75,2004-11-23,Shipped,4,11,2004,Ships,90,S700_2047,"Tokyo Collectables, Ltd",+81 3 3584 0555,2-2-8 Roppongi,,Minato-ku,Tokyo,106-0032,Japan,Japan,Shimamura,Akiko,Medium,10258,Recent,S7,16,16,120562.74,32,141042.94903846155,0.09121179679999217,0.06901754192631648,Bronze
10361,24,45.39,14,1089.36,2004-12-17,Shipped,4,12,2004,Ships,90,S700_2047,Souveniers And Things Co.,+61 2 9495 8555,"Monitor Money Building, 815 Pacific Hwy",Level 6,Chatswood,NSW,2067,Australia,APAC,Huxley,Adrian,Small,10139,Growth,S7,14,14,151570.98,46,80882.175,0.14445278660885533,0.08967658031400969,Bronze
10373,32,84.41,15,2701.12,2005-01-31,Shipped,1,1,2005,Ships,90,S700_2047,"Oulu Toy Supplies, Inc.",981-443655,Torikatu 38,,Oulu,,90110,Finland,EMEA,Koskitalo,Pirkko,Small,10151,Scale,S7,17,17,104370.38,32,76343.06352705411,1.0,0.06293500544345523,Bronze
10386,29,85.76,13,2487.04,2005-03-01,Resolved,1,3,2005,Ships,90,S700_2047,Euro Shopping Channel,(91) 555 94 44,"C/ Moralzarzal, 86",,Madrid,,28034,Spain,EMEA,Freyre,Diego,Small,10104,Early,S7,18,18,912294.11,259,390830.2231807512,1.0,0.5152993396387399,Gold
10398,36,100.0,7,3910.32,2005-03-30,Shipped,1,3,2005,Ships,90,S700_2047,Reims Collectables,26.47.1555,59 rue de l'Abbaye,,Reims,,51100,France,EMEA,Henriot,Paul,Medium,10121,Growth,S7,18,18,135042.94,41,71024.02463976944,1.0,0.07987576822974221,Bronze
10415,32,95.95,4,3070.4,2005-05-09,Disputed,2,5,2005,Ships,90,S700_2047,"Australian Collectables, Ltd",61-9-3844-6555,7 Allen Street,,Glen Waverly,Victoria,3150,Australia,APAC,Connery,Sean,Medium,10193,Scale,S7,5,5,64591.46,23,43984.856156716414,0.14445278660885533,0.042522973876149284,Bronze
10106,34,100.0,9,3763.46,2003-02-17,Shipped,1,2,2003,Planes,99,S700_2466,Rovelli Gifts,035-640555,Via Ludovico il Moro 22,,Bergamo,,24100,Italy,EMEA,Rovelli,Giovanni,Medium,10106,Early,S7,18,18,137955.72,48,79297.38236220472,1.0,0.08894630469124336,Bronze
10120,24,100.0,15,2584.8,2003-04-29,Shipped,2,4,2003,Planes,99,S700_2466,"Australian Collectors, Co.",03 9520 4555,636 St Kilda Road,Level 3,Melbourne,Victoria,3004,Australia,APAC,Ferguson,Peter,Small,10120,Growth,S7,15,15,200995.41,55,126270.78253012049,0.14445278660885533,0.11271325808083006,Bronze
10155,20,100.0,2,2353.4,2003-10-06,Shipped,4,10,2003,Planes,99,S700_2466,"Toys of Finland, Co.",90-224 8555,Keskuskatu 45,,Helsinki,,21240,Finland,EMEA,Karttunen,Matti,Small,10155,Scale,S7,13,13,111250.38,30,82365.9,1.0,0.06236245706238509,Bronze
10178,22,87.75,1,1930.5,2003-11-08,Shipped,4,11,2003,Planes,99,S700_2466,Alpha Cognac,61.77.6555,1 rue Alsace-Lorraine,,Toulouse,,31000,France,EMEA,Roulet,Annette,Small,10136,Growth,S7,12,12,70488.44,20,40580.88422712934,1.0,0.040207599850367405,Bronze
10198,42,100.0,1,4774.56,2003-11-27,Shipped,4,11,2003,Planes,99,S700_2466,Cruz & Sons Co.,+63 2 555 3587,15 McCallum Street - NatWest Center #13-03,,Makati City,,1227 MM,Philippines,Japan,Cruz,Arnold,Medium,10108,Early,S7,6,6,94015.73,26,54905.18631999999,0.09121179679999217,0.052875972332028814,Bronze
10210,26,99.72,14,2592.72,2004-01-12,Shipped,1,1,2004,Planes,99,S700_2466,Osaka Souveniers Co.,+81 06 6342 5555,"Dojima Avanza 4F, 1-6-20 Dojima, Kita-ku",,Osaka,Osaka,530-0003,Japan,Japan,Kentary,Mory,Small,10210,Recent,S7,17,17,67605.07,20,265331.72634408606,0.09121179679999217,0.048373524517489136,Bronze
10262,33,90.75,6,2994.75,2004-06-24,Cancelled,2,6,2004,Planes,99,S700_2466,Euro Shopping Channel,(91) 555 94 44,"C/ Moralzarzal, 86",,Madrid,,28034,Spain,EMEA,Freyre,Diego,Small,10104,Early,S7,16,16,912294.11,259,390830.2231807512,1.0,0.5152993396387399,Gold
10275,39,100.0,16,4472.52,2004-07-23,Shipped,3,7,2004,Planes,99,S700_2466,La Rochelle Gifts,40.67.8555,"67, rue des Cinquante Otages",,Nantes,,44000,France,EMEA,Labrune,Janine,Medium,10275,Recent,S7,18,18,180124.9,53,210049.803514377,1.0,0.1091008571092068,Bronze
10284,45,100.0,8,4576.95,2004-08-21,Shipped,3,8,2004,Planes,99,S700_2466,"Norway Gifts By Mail, Co.",+47 2212 1555,"Drammensveien 126 A, PB 744 Sentrum",,Oslo,,N 0106,Norway,EMEA,Klaeboe,Jan,Medium,10284,Recent,S7,13,13,79224.23,24,89803.86319875775,1.0,0.04868280040290712,Bronze
10296,24,100.0,4,2441.04,2004-09-15,Shipped,3,9,2004,Planes,99,S700_2466,"Bavarian Collectables Imports, Co.",+49 89 61 08 9555,Hansastr. 15,,Munich,,80686,Germany,EMEA,Donnermeyer,Michael,Small,10296,Recent,S7,14,14,34993.92,14,12772780.799999999,1.0,0.523887847462416,Gold
10316,23,100.0,6,2706.41,2004-11-01,Shipped,4,11,2004,Planes,99,S700_2466,giftsbymail.co.uk,(198) 555-8888,Garden House Crowther Way,,Cowes,Isle of Wight,PO31 7PJ,UK,EMEA,Bennett,Helen,Small,10232,Recent,S7,18,18,78240.84,26,125805.75594713655,1.0,0.052193137398217876,Bronze
10328,37,100.0,10,4021.53,2004-11-12,Shipped,4,11,2004,Planes,99,S700_2466,Rovelli Gifts,035-640555,Via Ludovico il Moro 22,,Bergamo,,24100,Italy,EMEA,Rovelli,Giovanni,Medium,10106,Early,S7,14,14,137955.72,48,79297.38236220472,1.0,0.08894630469124336,Bronze
10340,55,87.75,7,4826.25,2004-11-24,Shipped,4,11,2004,Planes,99,S700_2466,Enaco Distributors,(93) 203 4555,"Rambla de Catalu¤a, 23",,Barcelona,,8022,Spain,EMEA,Saavedra,Eduardo,Medium,10118,Growth,S7,8,8,78411.86,23,49007.4125,1.0,0.04574939797050226,Bronze
10361,26,100.0,9,2754.7,2004-12-17,Shipped,4,12,2004,Planes,99,S700_2466,Souveniers And Things Co.,+61 2 9495 8555,"Monitor Money Building, 815 Pacific Hwy",Level 6,Chatswood,NSW,2067,Australia,APAC,Huxley,Adrian,Small,10139,Growth,S7,14,14,151570.98,46,80882.175,0.14445278660885533,0.08967658031400969,Bronze
10375,33,100.0,1,3856.71,2005-02-03,Shipped,1,2,2005,Planes,99,S700_2466,La Rochelle Gifts,40.67.8555,"67, rue des Cinquante Otages",,Nantes,,44000,France,EMEA,Labrune,Janine,Medium,10275,Recent,S7,15,15,180124.9,53,210049.803514377,1.0,0.1091008571092068,Bronze
10386,37,83.84,14,3102.08,2005-03-01,Resolved,1,3,2005,Planes,99,S700_2466,Euro Shopping Channel,(91) 555 94 44,"C/ Moralzarzal, 86",,Madrid,,28034,Spain,EMEA,Freyre,Diego,Medium,10104,Early,S7,18,18,912294.11,259,390830.2231807512,1.0,0.5152993396387399,Gold
10398,22,86.76,8,1908.72,2005-03-30,Shipped,1,3,2005,Planes,99,S700_2466,Reims Collectables,26.47.1555,59 rue de l'Abbaye,,Reims,,51100,France,EMEA,Henriot,Paul,Small,10121,Growth,S7,18,18,135042.94,41,71024.02463976944,1.0,0.07987576822974221,Bronze
10416,22,100.0,11,2457.18,2005-05-10,Shipped,2,5,2005,Planes,99,S700_2466,L'ordine Souveniers,0522-556555,Strada Provinciale 124,,Reggio Emilia,,42100,Italy,EMEA,Moroni,Maurizio,Small,10176,Scale,S7,14,14,142601.33,39,94292.54610507246,1.0,0.08012703678424364,Bronze
10105,31,65.77,3,2038.87,2003-02-11,Shipped,1,2,2003,Ships,72,S700_2610,Danish Wholesale Imports,31 12 3555,Vinb'ltet 34,,Kobenhavn,,1734,Denmark,EMEA,Petersen,Jytte,Small,10105,Early,S7,15,15,145041.6,36,66591.42641509433,1.0,0.07610272679186011,Bronze
10119,38,65.77,12,2499.26,2003-04-28,Shipped,2,4,2003,Ships,72,S700_2610,Salzburg Collectables,6562-9555,Geislweg 14,,Salzburg,,5020,Austria,EMEA,Pipps,Georg,Small,10119,Growth,S7,14,14,149798.63,40,72804.92669773634,1.0,0.08202203553143256,Bronze
10129,45,85.29,3,3838.05,2003-06-12,Shipped,2,6,2003,Ships,72,S700_2610,"Stylish Desk Decors, Co.",(171) 555-0297,35 King George,,London,,WX3 6FW,UK,EMEA,Brown,Ann,Medium,10129,Growth,S7,9,9,88804.5,26,59914.31146025878,1.0,0.05192961308909447,Bronze
10167,46,70.11,10,3225.06,2003-10-23,Cancelled,4,10,2003,Ships,72,S700_2610,Scandinavian Gift Ideas,0695-34 6555,?kergatan 24,,Boras,,S-844 67,Sweden,EMEA,Larsson,Maria,Medium,10167,Scale,S7,16,16,134259.33,38,98402.92259036144,1.0,0.0773008431710182,Bronze
10177,32,76.62,1,2451.84,2003-11-07,Shipped,4,11,2003,Ships,72,S700_2610,CAF Imports,+34 913 728 555,"Merchants House, 27-30 Merchant's Quay",,Madrid,,28023,Spain,EMEA,Fernandez,Jesus,Small,10177,Scale,S7,11,11,49642.05,13,135219.0167910448,1.0,0.031234068851378527,Bronze
10197,50,78.79,7,3939.5,2003-11-26,Shipped,4,11,2003,Ships,72,S700_2610,Enaco Distributors,(93) 203 4555,"Rambla de Catalu¤a, 23",,Barcelona,,8022,Spain,EMEA,Saavedra,Eduardo,Medium,10118,Growth,S7,14,14,78411.86,23,49007.4125,1.0,0.04574939797050226,Bronze
10208,46,74.45,1,3424.7,2004-01-02,Shipped,1,1,2004,Ships,72,S700_2610,"Saveley & Henriot, Co.",78.32.5555,"2, rue du Commerce",,Lyon,,69004,France,EMEA,Saveley,Mary,Medium,10194,Scale,S7,15,15,142874.25,41,526758.5984848485,1.0,0.09943267580879472,Bronze
10273,42,62.16,5,2610.72,2004-07-21,Shipped,3,7,2004,Ships,72,S700_2610,Petit Auto,(02) 5554 67,Rue Joseph-Bens 532,,Bruxelles,,B-1180,Belgium,EMEA,Dewey,Catherine,Small,10221,Recent,S7,15,15,74972.52,25,58472.157692307694,1.0,0.04768250670201093,Bronze
10306,43,75.17,1,3232.31,2004-10-14,Shipped,4,10,2004,Ships,72,S700_2610,"AV Stores, Co.",(171) 555-1555,Fauntleroy Circus,,Manchester,,EC2 5NT,UK,EMEA,Ashworth,Victoria,Medium,10110,Early,S7,17,17,157807.81,51,94271.44132569559,1.0,0.09735950383251968,Bronze
10316,48,74.45,18,3573.6,2004-11-01,Shipped,4,11,2004,Ships,72,S700_2610,giftsbymail.co.uk,(198) 555-8888,Garden House Crowther Way,,Cowes,Isle of Wight,PO31 7PJ,UK,EMEA,Bennett,Helen,Medium,10232,Recent,S7,18,18,78240.84,26,125805.75594713655,1.0,0.052193137398217876,Bronze
10327,21,96.31,1,2022.51,2004-11-10,Resolved,4,11,2004,Ships,72,S700_2610,Danish Wholesale Imports,31 12 3555,Vinb'ltet 34,,Kobenhavn,,1734,Denmark,EMEA,Petersen,Jytte,Small,10105,Early,S7,8,8,145041.6,36,66591.42641509433,1.0,0.07610272679186011,Bronze
10339,50,74.35,9,3717.5,2004-11-23,Shipped,4,11,2004,Ships,72,S700_2610,"Tokyo Collectables, Ltd",+81 3 3584 0555,2-2-8 Roppongi,,Minato-ku,Tokyo,106-0032,Japan,Japan,Shimamura,Akiko,Medium,10258,Recent,S7,16,16,120562.74,32,141042.94903846155,0.09121179679999217,0.06901754192631648,Bronze
10350,29,75.35,12,2185.15,2004-12-02,Shipped,4,12,2004,Ships,72,S700_2610,Euro Shopping Channel,(91) 555 94 44,"C/ Moralzarzal, 86",,Madrid,,28034,Spain,EMEA,Freyre,Diego,Small,10104,Early,S7,17,17,912294.11,259,390830.2231807512,1.0,0.5152993396387399,Gold
10373,41,70.33,16,2883.53,2005-01-31,Shipped,1,1,2005,Ships,72,S700_2610,"Oulu Toy Supplies, Inc.",981-443655,Torikatu 38,,Oulu,,90110,Finland,EMEA,Koskitalo,Pirkko,Small,10151,Scale,S7,17,17,104370.38,32,76343.06352705411,1.0,0.06293500544345523,Bronze
10386,37,100.0,10,5017.57,2005-03-01,Resolved,1,3,2005,Ships,72,S700_2610,Euro Shopping Channel,(91) 555 94 44,"C/ Moralzarzal, 86",,Madrid,,28034,Spain,EMEA,Freyre,Diego,Medium,10104,Early,S7,18,18,912294.11,259,390830.2231807512,1.0,0.5152993396387399,Gold
10397,22,66.5,4,1463.0,2005-03-28,Shipped,1,3,2005,Ships,72,S700_2610,Alpha Cognac,61.77.6555,1 rue Alsace-Lorraine,,Toulouse,,31000,France,EMEA,Roulet,Annette,Small,10136,Growth,S7,5,5,70488.44,20,40580.88422712934,1.0,0.040207599850367405,Bronze
10103,42,100.0,6,4460.82,2003-01-29,Shipped,1,1,2003,Classic Cars,101,S700_2824,Baane Mini Imports,07-98 9555,Erling Skakkes gate 78,,Stavern,,4110,Norway,EMEA,Bergulfsen,Jonas,Medium,10103,Early,S7,16,16,116599.19,32,65778.52295208655,1.0,0.06520234066938801,Bronze
10114,42,100.0,10,4758.18,2003-04-01,Shipped,2,4,2003,Classic Cars,101,S700_2824,"La Corne D'abondance, Co.",(1) 42.34.2555,"265, boulevard Charonne",,Paris,,75012,France,EMEA,Bertrand,Marie,Medium,10114,Growth,S7,10,10,97203.68,23,59132.23866666666,1.0,0.0502654264226107,Bronze
10126,45,100.0,6,4597.2,2003-05-28,Shipped,2,5,2003,Classic Cars,101,S700_2824,"Corrida Auto Replicas, Ltd",(91) 555 22 82,"C/ Araquil, 67",,Madrid,,28023,Spain,EMEA,Sommer,Mart¡n,Medium,10126,Growth,S7,17,17,120615.28,32,84016.36870229007,1.0,0.0667967122594898,Bronze
10150,20,100.0,3,2104.0,2003-09-19,Shipped,3,9,2003,Classic Cars,101,S700_2824,"Dragon Souveniers, Ltd.",+65 221 7555,"Bronz Sok., Bronz Apt. 3/6 Tesvikiye",,Singapore,,79903,Singapore,Japan,Natividad,Eric,Small,10117,Growth,S7,11,11,172989.68,43,91908.63639010189,0.09121179679999217,0.09132888493134783,Bronze
10164,39,81.93,4,3195.27,2003-10-21,Resolved,4,10,2003,Classic Cars,101,S700_2824,Mini Auto Werke,7675-3555,Kirchgasse 6,,Graz,,8010,Austria,EMEA,Mendel,Roland,Medium,10164,Scale,S7,8,8,52263.9,15,37625.88461538462,1.0,0.030305097200400477,Bronze
10175,42,85.98,11,3611.16,2003-11-06,Shipped,4,11,2003,Classic Cars,101,S700_2824,"Stylish Desk Decors, Co.",(171) 555-0297,35 King George,,London,,WX3 6FW,UK,EMEA,Brown,Ann,Medium,10129,Growth,S7,12,12,88804.5,26,59914.31146025878,1.0,0.05192961308909447,Bronze
10194,26,89.01,6,2314.26,2003-11-25,Shipped,4,11,2003,Classic Cars,101,S700_2824,"Saveley & Henriot, Co.",78.32.5555,"2, rue du Commerce",,Lyon,,69004,France,EMEA,Saveley,Mary,Small,10194,Scale,S7,11,11,142874.25,41,526758.5984848485,1.0,0.09943267580879472,Bronze
10217,31,88.0,6,2728.0,2004-02-04,Shipped,1,2,2004,Classic Cars,101,S700_2824,Handji Gifts& Co,+65 224 1555,Village Close - 106 Linden Road Sandown,2nd Floor,Singapore,,69045,Singapore,APAC,Victorino,Wendy,Small,10217,Recent,S7,7,7,115498.73,36,94734.91337078653,0.14445278660885533,0.07072781358587162,Bronze
10258,45,80.92,1,3641.4,2004-06-15,Shipped,2,6,2004,Classic Cars,101,S700_2824,"Tokyo Collectables, Ltd",+81 3 3584 0555,2-2-8 Roppongi,,Minato-ku,Tokyo,106-0032,Japan,Japan,Shimamura,Akiko,Medium,10258,Recent,S7,6,6,120562.74,32,141042.94903846155,0.09121179679999217,0.06901754192631648,Bronze
10270,46,88.0,4,4048.0,2004-07-19,Shipped,3,7,2004,Classic Cars,101,S700_2824,Souveniers And Things Co.,+61 2 9495 8555,"Monitor Money Building, 815 Pacific Hwy",Level 6,Chatswood,NSW,2067,Australia,APAC,Huxley,Adrian,Medium,10139,Growth,S7,11,11,151570.98,46,80882.175,0.14445278660885533,0.08967658031400969,Bronze
10291,28,100.0,6,3256.96,2004-09-08,Shipped,3,9,2004,Classic Cars,101,S700_2824,Scandinavian Gift Ideas,0695-34 6555,?kergatan 24,,Boras,,S-844 67,Sweden,EMEA,Larsson,Maria,Medium,10167,Scale,S7,14,14,134259.33,38,98402.92259036144,1.0,0.0773008431710182,Bronze
10304,40,100.0,1,4208.0,2004-10-11,Shipped,4,10,2004,Classic Cars,101,S700_2824,Auto Assoc. & Cie.,30.59.8555,"67, avenue de l'Europe",,Versailles,,78000,France,EMEA,Tonini,Daniel,Medium,10216,Recent,S7,17,17,64834.32,18,93535.67905138338,1.0,0.03872441348619289,Bronze
10336,46,100.0,2,9558.8,2004-11-20,Shipped,4,11,2004,Classic Cars,101,S700_2824,"La Corne D'abondance, Co.",(1) 42.34.2555,"265, boulevard Charonne",,Paris,,75012,France,EMEA,Bertrand,Marie,Large,10114,Growth,S7,12,12,97203.68,23,59132.23866666666,1.0,0.0502654264226107,Bronze
10348,32,82.83,7,2650.56,2004-11-01,Shipped,4,11,2004,Classic Cars,101,S700_2824,"Corrida Auto Replicas, Ltd",(91) 555 22 82,"C/ Araquil, 67",,Madrid,,28023,Spain,EMEA,Sommer,Mart¡n,Small,10126,Growth,S7,8,8,120615.28,32,84016.36870229007,1.0,0.0667967122594898,Bronze
10358,27,100.0,3,3761.37,2004-12-10,Shipped,4,12,2004,Classic Cars,101,S700_2824,Euro Shopping Channel,(91) 555 94 44,"C/ Moralzarzal, 86",,Madrid,,28034,Spain,EMEA,Freyre,Diego,Medium,10104,Early,S7,14,14,912294.11,259,390830.2231807512,1.0,0.5152993396387399,Gold
10424,46,80.92,1,3722.32,2005-05-31,In Process,2,5,2005,Classic Cars,101,S700_2824,Euro Shopping Channel,(91) 555 94 44,"C/ Moralzarzal, 86",,Madrid,,28034,Spain,EMEA,Freyre,Diego,Medium,10104,Early,S7,6,6,912294.11,259,390830.2231807512,1.0,0.5152993396387399,Gold
10106,32,100.0,1,3986.56,2003-02-17,Shipped,1,2,2003,Planes,118,S700_2834,Rovelli Gifts,035-640555,Via Ludovico il Moro 22,,Bergamo,,24100,Italy,EMEA,Rovelli,Giovanni,Medium,10106,Early,S7,18,18,137955.72,48,79297.38236220472,1.0,0.08894630469124336,Bronze
10120,24,100.0,7,3417.12,2003-04-29,Shipped,2,4,2003,Planes,118,S700_2834,"Australian Collectors, Co.",03 9520 4555,636 St Kilda Road,Level 3,Melbourne,Victoria,3004,Australia,APAC,Ferguson,Peter,Medium,10120,Growth,S7,15,15,200995.41,55,126270.78253012049,0.14445278660885533,0.11271325808083006,Bronze
10133,27,99.67,2,2691.09,2003-06-27,Shipped,2,6,2003,Planes,118,S700_2834,Euro Shopping Channel,(91) 555 94 44,"C/ Moralzarzal, 86",,Madrid,,28034,Spain,EMEA,Freyre,Diego,Small,10104,Early,S7,8,8,912294.11,259,390830.2231807512,1.0,0.5152993396387399,Gold
10188,29,100.0,8,3957.05,2003-11-18,Shipped,4,11,2003,Planes,118,S700_2834,Herkku Gifts,+47 2267 3215,"Drammen 121, PR 744 Sentrum",,Bergen,,N 5804,Norway,EMEA,Oeztan,Veysel,Medium,10181,Scale,S7,8,8,111640.28,29,137201.01750841748,1.0,0.06343619416528738,Bronze
10210,25,100.0,6,2818.0,2004-01-12,Shipped,1,1,2004,Planes,118,S700_2834,Osaka Souveniers Co.,+81 06 6342 5555,"Dojima Avanza 4F, 1-6-20 Dojima, Kita-ku",,Osaka,Osaka,530-0003,Japan,Japan,Kentary,Mory,Small,10210,Recent,S7,17,17,67605.07,20,265331.72634408606,0.09121179679999217,0.048373524517489136,Bronze
10223,29,100.0,8,3199.86,2004-02-20,Shipped,1,2,2004,Planes,118,S700_2834,"Australian Collectors, Co.",03 9520 4555,636 St Kilda Road,Level 3,Melbourne,Victoria,3004,Australia,APAC,Ferguson,Peter,Medium,10120,Growth,S7,15,15,200995.41,55,126270.78253012049,0.14445278660885533,0.11271325808083006,Bronze
10275,48,100.0,8,6378.72,2004-07-23,Shipped,3,7,2004,Planes,118,S700_2834,La Rochelle Gifts,40.67.8555,"67, rue des Cinquante Otages",,Nantes,,44000,France,EMEA,Labrune,Janine,Medium,10275,Recent,S7,18,18,180124.9,53,210049.803514377,1.0,0.1091008571092068,Bronze
10297,35,100.0,3,3986.5,2004-09-16,Shipped,3,9,2004,Planes,118,S700_2834,"Clover Collections, Co.",+353 1862 1555,25 Maiden Lane,Floor No. 4,Dublin,,2,Ireland,EMEA,Cassidy,Dean,Medium,10220,Recent,S7,7,7,57756.43,16,96702.27958715596,1.0,0.03498010163810477,Bronze
10328,33,100.0,11,4072.2,2004-11-12,Shipped,4,11,2004,Planes,118,S700_2834,Rovelli Gifts,035-640555,Via Ludovico il Moro 22,,Bergamo,,24100,Italy,EMEA,Rovelli,Giovanni,Medium,10106,Early,S7,14,14,137955.72,48,79297.38236220472,1.0,0.08894630469124336,Bronze
10340,29,100.0,6,4094.51,2004-11-24,Shipped,4,11,2004,Planes,118,S700_2834,Enaco Distributors,(93) 203 4555,"Rambla de Catalu¤a, 23",,Barcelona,,8022,Spain,EMEA,Saavedra,Eduardo,Medium,10118,Growth,S7,8,8,78411.86,23,49007.4125,1.0,0.04574939797050226,Bronze
10361,44,72.42,5,3186.48,2004-12-17,Shipped,4,12,2004,Planes,118,S700_2834,Souveniers And Things Co.,+61 2 9495 8555,"Monitor Money Building, 815 Pacific Hwy",Level 6,Chatswood,NSW,2067,Australia,APAC,Huxley,Adrian,Medium,10139,Growth,S7,14,14,151570.98,46,80882.175,0.14445278660885533,0.08967658031400969,Bronze
10375,25,66.73,10,1668.25,2005-02-03,Shipped,1,2,2005,Planes,118,S700_2834,La Rochelle Gifts,40.67.8555,"67, rue des Cinquante Otages",,Nantes,,44000,France,EMEA,Labrune,Janine,Small,10275,Recent,S7,15,15,180124.9,53,210049.803514377,1.0,0.1091008571092068,Bronze
10398,23,100.0,9,2810.83,2005-03-30,Shipped,1,3,2005,Planes,118,S700_2834,Reims Collectables,26.47.1555,59 rue de l'Abbaye,,Reims,,51100,France,EMEA,Henriot,Paul,Small,10121,Growth,S7,18,18,135042.94,41,71024.02463976944,1.0,0.07987576822974221,Bronze
10416,41,100.0,3,5642.83,2005-05-10,Shipped,2,5,2005,Planes,118,S700_2834,L'ordine Souveniers,0522-556555,Strada Provinciale 124,,Reggio Emilia,,42100,Italy,EMEA,Moroni,Maurizio,Medium,10176,Scale,S7,14,14,142601.33,39,94292.54610507246,1.0,0.08012703678424364,Bronze
10106,44,74.4,8,3273.6,2003-02-17,Shipped,1,2,2003,Planes,80,S700_3167,Rovelli Gifts,035-640555,Via Ludovico il Moro 22,,Bergamo,,24100,Italy,EMEA,Rovelli,Giovanni,Medium,10106,Early,S7,18,18,137955.72,48,79297.38236220472,1.0,0.08894630469124336,Bronze
10120,43,76.0,14,3268.0,2003-04-29,Shipped,2,4,2003,Planes,80,S700_3167,"Australian Collectors, Co.",03 9520 4555,636 St Kilda Road,Level 3,Melbourne,Victoria,3004,Australia,APAC,Ferguson,Peter,Medium,10120,Growth,S7,15,15,200995.41,55,126270.78253012049,0.14445278660885533,0.11271325808083006,Bronze
10155,43,86.4,1,3715.2,2003-10-06,Shipped,4,10,2003,Planes,80,S700_3167,"Toys of Finland, Co.",90-224 8555,Keskuskatu 45,,Helsinki,,21240,Finland,EMEA,Karttunen,Matti,Medium,10155,Scale,S7,13,13,111250.38,30,82365.9,1.0,0.06236245706238509,Bronze
10210,31,86.4,13,2678.4,2004-01-12,Shipped,1,1,2004,Planes,80,S700_3167,Osaka Souveniers Co.,+81 06 6342 5555,"Dojima Avanza 4F, 1-6-20 Dojima, Kita-ku",,Osaka,Osaka,530-0003,Japan,Japan,Kentary,Mory,Small,10210,Recent,S7,17,17,67605.07,20,265331.72634408606,0.09121179679999217,0.048373524517489136,Bronze
10223,26,67.2,15,1747.2,2004-02-20,Shipped,1,2,2004,Planes,80,S700_3167,"Australian Collectors, Co.",03 9520 4555,636 St Kilda Road,Level 3,Melbourne,Victoria,3004,Australia,APAC,Ferguson,Peter,Small,10120,Growth,S7,15,15,200995.41,55,126270.78253012049,0.14445278660885533,0.11271325808083006,Bronze
10262,27,76.0,5,2052.0,2004-06-24,Cancelled,2,6,2004,Planes,80,S700_3167,Euro Shopping Channel,(91) 555 94 44,"C/ Moralzarzal, 86",,Madrid,,28034,Spain,EMEA,Freyre,Diego,Small,10104,Early,S7,16,16,912294.11,259,390830.2231807512,1.0,0.5152993396387399,Gold
10275,43,73.6,15,3164.8,2004-07-23,Shipped,3,7,2004,Planes,80,S700_3167,La Rochelle Gifts,40.67.8555,"67, rue des Cinquante Otages",,Nantes,,44000,France,EMEA,Labrune,Janine,Medium,10275,Recent,S7,18,18,180124.9,53,210049.803514377,1.0,0.1091008571092068,Bronze
10284,25,69.6,7,1740.0,2004-08-21,Shipped,3,8,2004,Planes,80,S700_3167,"Norway Gifts By Mail, Co.",+47 2212 1555,"Drammensveien 126 A, PB 744 Sentrum",,Oslo,,N 0106,Norway,EMEA,Klaeboe,Jan,Small,10284,Recent,S7,13,13,79224.23,24,89803.86319875775,1.0,0.04868280040290712,Bronze
10296,22,80.8,3,1777.6,2004-09-15,Shipped,3,9,2004,Planes,80,S700_3167,"Bavarian Collectables Imports, Co.",+49 89 61 08 9555,Hansastr. 15,,Munich,,80686,Germany,EMEA,Donnermeyer,Michael,Small,10296,Recent,S7,14,14,34993.92,14,12772780.799999999,1.0,0.523887847462416,Gold
10316,48,75.2,5,3609.6,2004-11-01,Shipped,4,11,2004,Planes,80,S700_3167,giftsbymail.co.uk,(198) 555-8888,Garden House Crowther Way,,Cowes,Isle of Wight,PO31 7PJ,UK,EMEA,Bennett,Helen,Medium,10232,Recent,S7,18,18,78240.84,26,125805.75594713655,1.0,0.052193137398217876,Bronze
10328,33,64.0,13,2112.0,2004-11-12,Shipped,4,11,2004,Planes,80,S700_3167,Rovelli Gifts,035-640555,Via Ludovico il Moro 22,,Bergamo,,24100,Italy,EMEA,Rovelli,Giovanni,Small,10106,Early,S7,14,14,137955.72,48,79297.38236220472,1.0,0.08894630469124336,Bronze
10341,34,100.0,5,3644.12,2004-11-24,Shipped,4,11,2004,Planes,80,S700_3167,Salzburg Collectables,6562-9555,Geislweg 14,,Salzburg,,5020,Austria,EMEA,Pipps,Georg,Medium,10119,Growth,S7,10,10,149798.63,40,72804.92669773634,1.0,0.08202203553143256,Bronze
10361,44,100.0,10,5001.92,2004-12-17,Shipped,4,12,2004,Planes,80,S700_3167,Souveniers And Things Co.,+61 2 9495 8555,"Monitor Money Building, 815 Pacific Hwy",Level 6,Chatswood,NSW,2067,Australia,APAC,Huxley,Adrian,Medium,10139,Growth,S7,14,14,151570.98,46,80882.175,0.14445278660885533,0.08967658031400969,Bronze
10375,44,100.0,11,5208.72,2005-02-03,Shipped,1,2,2005,Planes,80,S700_3167,La Rochelle Gifts,40.67.8555,"67, rue des Cinquante Otages",,Nantes,,44000,France,EMEA,Labrune,Janine,Medium,10275,Recent,S7,15,15,180124.9,53,210049.803514377,1.0,0.1091008571092068,Bronze
10386,32,94.34,17,3018.88,2005-03-01,Resolved,1,3,2005,Planes,80,S700_3167,Euro Shopping Channel,(91) 555 94 44,"C/ Moralzarzal, 86",,Madrid,,28034,Spain,EMEA,Freyre,Diego,Medium,10104,Early,S7,18,18,912294.11,259,390830.2231807512,1.0,0.5152993396387399,Gold
10398,29,65.6,10,1902.4,2005-03-30,Shipped,1,3,2005,Planes,80,S700_3167,Reims Collectables,26.47.1555,59 rue de l'Abbaye,,Reims,,51100,France,EMEA,Henriot,Paul,Small,10121,Growth,S7,18,18,135042.94,41,71024.02463976944,1.0,0.07987576822974221,Bronze
10416,39,67.2,10,2620.8,2005-05-10,Shipped,2,5,2005,Planes,80,S700_3167,L'ordine Souveniers,0522-556555,Strada Provinciale 124,,Reggio Emilia,,42100,Italy,EMEA,Moroni,Maurizio,Small,10176,Scale,S7,14,14,142601.33,39,94292.54610507246,1.0,0.08012703678424364,Bronze
10105,39,81.14,6,3164.46,2003-02-11,Shipped,1,2,2003,Ships,100,S700_3505,Danish Wholesale Imports,31 12 3555,Vinb'ltet 34,,Kobenhavn,,1734,Denmark,EMEA,Petersen,Jytte,Medium,10105,Early,S7,15,15,145041.6,36,66591.42641509433,1.0,0.07610272679186011,Bronze
10118,36,100.0,1,4219.2,2003-04-21,Shipped,2,4,2003,Ships,100,S700_3505,Enaco Distributors,(93) 203 4555,"Rambla de Catalu¤a, 23",,Barcelona,,8022,Spain,EMEA,Saavedra,Eduardo,Medium,10118,Growth,S7,1,1,78411.86,23,49007.4125,1.0,0.04574939797050226,Bronze
10129,42,91.15,6,3828.3,2003-06-12,Shipped,2,6,2003,Ships,100,S700_3505,"Stylish Desk Decors, Co.",(171) 555-0297,35 King George,,London,,WX3 6FW,UK,EMEA,Brown,Ann,Medium,10129,Growth,S7,9,9,88804.5,26,59914.31146025878,1.0,0.05192961308909447,Bronze
10153,50,88.15,2,4407.5,2003-09-28,Shipped,3,9,2003,Ships,100,S700_3505,Euro Shopping Channel,(91) 555 94 44,"C/ Moralzarzal, 86",,Madrid,,28034,Spain,EMEA,Freyre,Diego,Medium,10104,Early,S7,13,13,912294.11,259,390830.2231807512,1.0,0.5152993396387399,Gold
10167,24,100.0,13,2812.8,2003-10-23,Cancelled,4,10,2003,Ships,100,S700_3505,Scandinavian Gift Ideas,0695-34 6555,?kergatan 24,,Boras,,S-844 67,Sweden,EMEA,Larsson,Maria,Small,10167,Scale,S7,16,16,134259.33,38,98402.92259036144,1.0,0.0773008431710182,Bronze
10177,44,92.16,4,4055.04,2003-11-07,Shipped,4,11,2003,Ships,100,S700_3505,CAF Imports,+34 913 728 555,"Merchants House, 27-30 Merchant's Quay",,Madrid,,28023,Spain,EMEA,Fernandez,Jesus,Medium,10177,Scale,S7,11,11,49642.05,13,135219.0167910448,1.0,0.031234068851378527,Bronze
10197,27,92.16,10,2488.32,2003-11-26,Shipped,4,11,2003,Ships,100,S700_3505,Enaco Distributors,(93) 203 4555,"Rambla de Catalu¤a, 23",,Barcelona,,8022,Spain,EMEA,Saavedra,Eduardo,Small,10118,Growth,S7,14,14,78411.86,23,49007.4125,1.0,0.04574939797050226,Bronze
10208,37,100.0,4,4447.4,2004-01-02,Shipped,1,1,2004,Ships,100,S700_3505,"Saveley & Henriot, Co.",78.32.5555,"2, rue du Commerce",,Lyon,,69004,France,EMEA,Saveley,Mary,Medium,10194,Scale,S7,15,15,142874.25,41,526758.5984848485,1.0,0.09943267580879472,Bronze
10232,48,96.16,1,4615.68,2004-03-20,Shipped,1,3,2004,Ships,100,S700_3505,giftsbymail.co.uk,(198) 555-8888,Garden House Crowther Way,,Cowes,Isle of Wight,PO31 7PJ,UK,EMEA,Bennett,Helen,Medium,10232,Recent,S7,8,8,78240.84,26,125805.75594713655,1.0,0.052193137398217876,Bronze
10273,40,86.15,8,3446.0,2004-07-21,Shipped,3,7,2004,Ships,100,S700_3505,Petit Auto,(02) 5554 67,Rue Joseph-Bens 532,,Bruxelles,,B-1180,Belgium,EMEA,Dewey,Catherine,Medium,10221,Recent,S7,15,15,74972.52,25,58472.157692307694,1.0,0.04768250670201093,Bronze
10306,32,90.15,4,2884.8,2004-10-14,Shipped,4,10,2004,Ships,100,S700_3505,"AV Stores, Co.",(171) 555-1555,Fauntleroy Circus,,Manchester,,EC2 5NT,UK,EMEA,Ashworth,Victoria,Small,10110,Early,S7,17,17,157807.81,51,94271.44132569559,1.0,0.09735950383251968,Bronze
10315,31,86.15,3,2670.65,2004-10-29,Shipped,4,10,2004,Ships,100,S700_3505,La Rochelle Gifts,40.67.8555,"67, rue des Cinquante Otages",,Nantes,,44000,France,EMEA,Labrune,Janine,Small,10275,Recent,S7,7,7,180124.9,53,210049.803514377,1.0,0.1091008571092068,Bronze
10327,43,80.0,2,3440.0,2004-11-10,Resolved,4,11,2004,Ships,100,S700_3505,Danish Wholesale Imports,31 12 3555,Vinb'ltet 34,,Kobenhavn,,1734,Denmark,EMEA,Petersen,Jytte,Medium,10105,Early,S7,8,8,145041.6,36,66591.42641509433,1.0,0.07610272679186011,Bronze
10350,31,77.34,13,2397.54,2004-12-02,Shipped,4,12,2004,Ships,100,S700_3505,Euro Shopping Channel,(91) 555 94 44,"C/ Moralzarzal, 86",,Madrid,,28034,Spain,EMEA,Freyre,Diego,Small,10104,Early,S7,17,17,912294.11,259,390830.2231807512,1.0,0.5152993396387399,Gold
10373,34,96.34,2,3275.56,2005-01-31,Shipped,1,1,2005,Ships,100,S700_3505,"Oulu Toy Supplies, Inc.",981-443655,Torikatu 38,,Oulu,,90110,Finland,EMEA,Koskitalo,Pirkko,Medium,10151,Scale,S7,17,17,104370.38,32,76343.06352705411,1.0,0.06293500544345523,Bronze
10386,45,92.08,2,4143.6,2005-03-01,Resolved,1,3,2005,Ships,100,S700_3505,Euro Shopping Channel,(91) 555 94 44,"C/ Moralzarzal, 86",,Madrid,,28034,Spain,EMEA,Freyre,Diego,Medium,10104,Early,S7,18,18,912294.11,259,390830.2231807512,1.0,0.5152993396387399,Gold
10397,48,100.0,3,5192.64,2005-03-28,Shipped,1,3,2005,Ships,100,S700_3505,Alpha Cognac,61.77.6555,1 rue Alsace-Lorraine,,Toulouse,,31000,France,EMEA,Roulet,Annette,Medium,10136,Growth,S7,5,5,70488.44,20,40580.88422712934,1.0,0.040207599850367405,Bronze
10105,22,100.0,7,2556.18,2003-02-11,Shipped,1,2,2003,Ships,99,S700_3962,Danish Wholesale Imports,31 12 3555,Vinb'ltet 34,,Kobenhavn,,1734,Denmark,EMEA,Petersen,Jytte,Small,10105,Early,S7,15,15,145041.6,36,66591.42641509433,1.0,0.07610272679186011,Bronze
10117,45,83.42,1,3753.9,2003-04-16,Shipped,2,4,2003,Ships,99,S700_3962,"Dragon Souveniers, Ltd.",+65 221 7555,"Bronz Sok., Bronz Apt. 3/6 Tesvikiye",,Singapore,,79903,Singapore,Japan,Natividad,Eric,Medium,10117,Growth,S7,12,12,172989.68,43,91908.63639010189,0.09121179679999217,0.09132888493134783,Bronze
10129,30,85.41,7,2562.3,2003-06-12,Shipped,2,6,2003,Ships,99,S700_3962,"Stylish Desk Decors, Co.",(171) 555-0297,35 King George,,London,,WX3 6FW,UK,EMEA,Brown,Ann,Small,10129,Growth,S7,9,9,88804.5,26,59914.31146025878,1.0,0.05192961308909447,Bronze
10153,20,100.0,3,2204.6,2003-09-28,Shipped,3,9,2003,Ships,99,S700_3962,Euro Shopping Channel,(91) 555 94 44,"C/ Moralzarzal, 86",,Madrid,,28034,Spain,EMEA,Freyre,Diego,Small,10104,Early,S7,13,13,912294.11,259,390830.2231807512,1.0,0.5152993396387399,Gold
10167,28,100.0,14,3003.0,2003-10-23,Cancelled,4,10,2003,Ships,99,S700_3962,Scandinavian Gift Ideas,0695-34 6555,?kergatan 24,,Boras,,S-844 67,Sweden,EMEA,Larsson,Maria,Medium,10167,Scale,S7,16,16,134259.33,38,98402.92259036144,1.0,0.0773008431710182,Bronze
10177,24,100.0,5,2526.48,2003-11-07,Shipped,4,11,2003,Ships,99,S700_3962,CAF Imports,+34 913 728 555,"Merchants House, 27-30 Merchant's Quay",,Madrid,,28023,Spain,EMEA,Fernandez,Jesus,Small,10177,Scale,S7,11,11,49642.05,13,135219.0167910448,1.0,0.031234068851378527,Bronze
10197,35,93.35,11,3267.25,2003-11-26,Shipped,4,11,2003,Ships,99,S700_3962,Enaco Distributors,(93) 203 4555,"Rambla de Catalu¤a, 23",,Barcelona,,8022,Spain,EMEA,Saavedra,Eduardo,Medium,10118,Growth,S7,14,14,78411.86,23,49007.4125,1.0,0.04574939797050226,Bronze
10208,33,85.41,5,2818.53,2004-01-02,Shipped,1,1,2004,Ships,99,S700_3962,"Saveley & Henriot, Co.",78.32.5555,"2, rue du Commerce",,Lyon,,69004,France,EMEA,Saveley,Mary,Small,10194,Scale,S7,15,15,142874.25,41,526758.5984848485,1.0,0.09943267580879472,Bronze
10232,35,82.43,2,2885.05,2004-03-20,Shipped,1,3,2004,Ships,99,S700_3962,giftsbymail.co.uk,(198) 555-8888,Garden House Crowther Way,,Cowes,Isle of Wight,PO31 7PJ,UK,EMEA,Bennett,Helen,Small,10232,Recent,S7,8,8,78240.84,26,125805.75594713655,1.0,0.052193137398217876,Bronze
10273,26,100.0,9,2969.46,2004-07-21,Shipped,3,7,2004,Ships,99,S700_3962,Petit Auto,(02) 5554 67,Rue Joseph-Bens 532,,Bruxelles,,B-1180,Belgium,EMEA,Dewey,Catherine,Small,10221,Recent,S7,15,15,74972.52,25,58472.157692307694,1.0,0.04768250670201093,Bronze
10306,30,100.0,5,3515.7,2004-10-14,Shipped,4,10,2004,Ships,99,S700_3962,"AV Stores, Co.",(171) 555-1555,Fauntleroy Circus,,Manchester,,EC2 5NT,UK,EMEA,Ashworth,Victoria,Medium,10110,Early,S7,17,17,157807.81,51,94271.44132569559,1.0,0.09735950383251968,Bronze
10315,37,91.37,4,3380.69,2004-10-29,Shipped,4,10,2004,Ships,99,S700_3962,La Rochelle Gifts,40.67.8555,"67, rue des Cinquante Otages",,Nantes,,44000,France,EMEA,Labrune,Janine,Medium,10275,Recent,S7,7,7,180124.9,53,210049.803514377,1.0,0.1091008571092068,Bronze
10327,37,86.61,3,3204.57,2004-11-10,Resolved,4,11,2004,Ships,99,S700_3962,Danish Wholesale Imports,31 12 3555,Vinb'ltet 34,,Kobenhavn,,1734,Denmark,EMEA,Petersen,Jytte,Medium,10105,Early,S7,8,8,145041.6,36,66591.42641509433,1.0,0.07610272679186011,Bronze
10350,25,100.0,16,2854.75,2004-12-02,Shipped,4,12,2004,Ships,99,S700_3962,Euro Shopping Channel,(91) 555 94 44,"C/ Moralzarzal, 86",,Madrid,,28034,Spain,EMEA,Freyre,Diego,Small,10104,Early,S7,17,17,912294.11,259,390830.2231807512,1.0,0.5152993396387399,Gold
10373,37,100.0,8,4025.6,2005-01-31,Shipped,1,1,2005,Ships,99,S700_3962,"Oulu Toy Supplies, Inc.",981-443655,Torikatu 38,,Oulu,,90110,Finland,EMEA,Koskitalo,Pirkko,Medium,10151,Scale,S7,17,17,104370.38,32,76343.06352705411,1.0,0.06293500544345523,Bronze
10386,30,95.48,3,2864.4,2005-03-01,Resolved,1,3,2005,Ships,99,S700_3962,Euro Shopping Channel,(91) 555 94 44,"C/ Moralzarzal, 86",,Madrid,,28034,Spain,EMEA,Freyre,Diego,Small,10104,Early,S7,18,18,912294.11,259,390830.2231807512,1.0,0.5152993396387399,Gold
10397,36,100.0,2,3789.72,2005-03-28,Shipped,1,3,2005,Ships,99,S700_3962,Alpha Cognac,61.77.6555,1 rue Alsace-Lorraine,,Toulouse,,31000,France,EMEA,Roulet,Annette,Medium,10136,Growth,S7,5,5,70488.44,20,40580.88422712934,1.0,0.040207599850367405,Bronze
10106,48,61.44,10,2949.12,2003-02-17,Shipped,1,2,2003,Planes,74,S700_4002,Rovelli Gifts,035-640555,Via Ludovico il Moro 22,,Bergamo,,24100,Italy,EMEA,Rovelli,Giovanni,Small,10106,Early,S7,18,18,137955.72,48,79297.38236220472,1.0,0.08894630469124336,Bronze
10119,26,59.22,1,1539.72,2003-04-28,Shipped,2,4,2003,Planes,74,S700_4002,Salzburg Collectables,6562-9555,Geislweg 14,,Salzburg,,5020,Austria,EMEA,Pipps,Georg,Small,10119,Growth,S7,14,14,149798.63,40,72804.92669773634,1.0,0.08202203553143256,Bronze
10155,44,85.87,3,3778.28,2003-10-06,Shipped,4,10,2003,Planes,74,S700_4002,"Toys of Finland, Co.",90-224 8555,Keskuskatu 45,,Helsinki,,21240,Finland,EMEA,Karttunen,Matti,Medium,10155,Scale,S7,13,13,111250.38,30,82365.9,1.0,0.06236245706238509,Bronze
10178,45,76.25,2,3431.25,2003-11-08,Shipped,4,11,2003,Planes,74,S700_4002,Alpha Cognac,61.77.6555,1 rue Alsace-Lorraine,,Toulouse,,31000,France,EMEA,Roulet,Annette,Medium,10136,Growth,S7,12,12,70488.44,20,40580.88422712934,1.0,0.040207599850367405,Bronze
10198,40,63.67,2,2546.8,2003-11-27,Shipped,4,11,2003,Planes,74,S700_4002,Cruz & Sons Co.,+63 2 555 3587,15 McCallum Street - NatWest Center #13-03,,Makati City,,1227 MM,Philippines,Japan,Cruz,Arnold,Small,10108,Early,S7,6,6,94015.73,26,54905.18631999999,0.09121179679999217,0.052875972332028814,Bronze
10210,42,70.33,15,2953.86,2004-01-12,Shipped,1,1,2004,Planes,74,S700_4002,Osaka Souveniers Co.,+81 06 6342 5555,"Dojima Avanza 4F, 1-6-20 Dojima, Kita-ku",,Osaka,Osaka,530-0003,Japan,Japan,Kentary,Mory,Small,10210,Recent,S7,17,17,67605.07,20,265331.72634408606,0.09121179679999217,0.048373524517489136,Bronze
10262,35,71.07,7,2487.45,2004-06-24,Cancelled,2,6,2004,Planes,74,S700_4002,Euro Shopping Channel,(91) 555 94 44,"C/ Moralzarzal, 86",,Madrid,,28034,Spain,EMEA,Freyre,Diego,Small,10104,Early,S7,16,16,912294.11,259,390830.2231807512,1.0,0.5152993396387399,Gold
10275,31,72.55,17,2249.05,2004-07-23,Shipped,3,7,2004,Planes,74,S700_4002,La Rochelle Gifts,40.67.8555,"67, rue des Cinquante Otages",,Nantes,,44000,France,EMEA,Labrune,Janine,Small,10275,Recent,S7,18,18,180124.9,53,210049.803514377,1.0,0.1091008571092068,Bronze
10284,32,64.41,9,2061.12,2004-08-21,Shipped,3,8,2004,Planes,74,S700_4002,"Norway Gifts By Mail, Co.",+47 2212 1555,"Drammensveien 126 A, PB 744 Sentrum",,Oslo,,N 0106,Norway,EMEA,Klaeboe,Jan,Small,10284,Recent,S7,13,13,79224.23,24,89803.86319875775,1.0,0.04868280040290712,Bronze
10296,47,86.62,5,4071.14,2004-09-15,Shipped,3,9,2004,Planes,74,S700_4002,"Bavarian Collectables Imports, Co.",+49 89 61 08 9555,Hansastr. 15,,Munich,,80686,Germany,EMEA,Donnermeyer,Michael,Medium,10296,Recent,S7,14,14,34993.92,14,12772780.799999999,1.0,0.523887847462416,Gold
10316,44,62.19,7,2736.36,2004-11-01,Shipped,4,11,2004,Planes,74,S700_4002,giftsbymail.co.uk,(198) 555-8888,Garden House Crowther Way,,Cowes,Isle of Wight,PO31 7PJ,UK,EMEA,Bennett,Helen,Small,10232,Recent,S7,18,18,78240.84,26,125805.75594713655,1.0,0.052193137398217876,Bronze
10328,39,85.87,12,3348.93,2004-11-12,Shipped,4,11,2004,Planes,74,S700_4002,Rovelli Gifts,035-640555,Via Ludovico il Moro 22,,Bergamo,,24100,Italy,EMEA,Rovelli,Giovanni,Medium,10106,Early,S7,14,14,137955.72,48,79297.38236220472,1.0,0.08894630469124336,Bronze
10339,50,57.86,8,2893.0,2004-11-23,Shipped,4,11,2004,Planes,74,S700_4002,"Tokyo Collectables, Ltd",+81 3 3584 0555,2-2-8 Roppongi,,Minato-ku,Tokyo,106-0032,Japan,Japan,Shimamura,Akiko,Small,10258,Recent,S7,16,16,120562.74,32,141042.94903846155,0.09121179679999217,0.06901754192631648,Bronze
10361,35,100.0,11,4277.35,2004-12-17,Shipped,4,12,2004,Planes,74,S700_4002,Souveniers And Things Co.,+61 2 9495 8555,"Monitor Money Building, 815 Pacific Hwy",Level 6,Chatswood,NSW,2067,Australia,APAC,Huxley,Adrian,Medium,10139,Growth,S7,14,14,151570.98,46,80882.175,0.14445278660885533,0.08967658031400969,Bronze
10373,45,55.62,17,2502.9,2005-01-31,Shipped,1,1,2005,Planes,74,S700_4002,"Oulu Toy Supplies, Inc.",981-443655,Torikatu 38,,Oulu,,90110,Finland,EMEA,Koskitalo,Pirkko,Small,10151,Scale,S7,17,17,104370.38,32,76343.06352705411,1.0,0.06293500544345523,Bronze
10386,44,86.4,15,3801.6,2005-03-01,Resolved,1,3,2005,Planes,74,S700_4002,Euro Shopping Channel,(91) 555 94 44,"C/ Moralzarzal, 86",,Madrid,,28034,Spain,EMEA,Freyre,Diego,Medium,10104,Early,S7,18,18,912294.11,259,390830.2231807512,1.0,0.5152993396387399,Gold
10398,36,87.36,12,3144.96,2005-03-30,Shipped,1,3,2005,Planes,74,S700_4002,Reims Collectables,26.47.1555,59 rue de l'Abbaye,,Reims,,51100,France,EMEA,Henriot,Paul,Medium,10121,Growth,S7,18,18,135042.94,41,71024.02463976944,1.0,0.07987576822974221,Bronze
10416,43,62.19,12,2674.17,2005-05-10,Shipped,2,5,2005,Planes,74,S700_4002,L'ordine Souveniers,0522-556555,Strada Provinciale 124,,Reggio Emilia,,42100,Italy,EMEA,Moroni,Maurizio,Small,10176,Scale,S7,14,14,142601.33,39,94292.54610507246,1.0,0.08012703678424364,Bronze
10106,48,52.64,15,2526.72,2003-02-17,Shipped,1,2,2003,Planes,49,S72_1253,Rovelli Gifts,035-640555,Via Ludovico il Moro 22,,Bergamo,,24100,Italy,EMEA,Rovelli,Giovanni,Small,10106,Early,S7,18,18,137955.72,48,79297.38236220472,1.0,0.08894630469124336,Bronze
10119,28,48.17,6,1348.76,2003-04-28,Shipped,2,4,2003,Planes,49,S72_1253,Salzburg Collectables,6562-9555,Geislweg 14,,Salzburg,,5020,Austria,EMEA,Pipps,Georg,Small,10119,Growth,S7,14,14,149798.63,40,72804.92669773634,1.0,0.08202203553143256,Bronze
10155,34,49.16,8,1671.44,2003-10-06,Shipped,4,10,2003,Planes,49,S72_1253,"Toys of Finland, Co.",90-224 8555,Keskuskatu 45,,Helsinki,,21240,Finland,EMEA,Karttunen,Matti,Small,10155,Scale,S7,13,13,111250.38,30,82365.9,1.0,0.06236245706238509,Bronze
10167,40,41.71,4,1668.4,2003-10-23,Cancelled,4,10,2003,Planes,49,S72_1253,Scandinavian Gift Ideas,0695-34 6555,?kergatan 24,,Boras,,S-844 67,Sweden,EMEA,Larsson,Maria,Small,10167,Scale,S7,16,16,134259.33,38,98402.92259036144,1.0,0.0773008431710182,Bronze
10178,45,51.15,7,2301.75,2003-11-08,Shipped,4,11,2003,Planes,49,S72_1253,Alpha Cognac,61.77.6555,1 rue Alsace-Lorraine,,Toulouse,,31000,France,EMEA,Roulet,Annette,Small,10136,Growth,S7,12,12,70488.44,20,40580.88422712934,1.0,0.040207599850367405,Bronze
10186,28,52.14,4,1459.92,2003-11-14,Shipped,4,11,2003,Planes,49,S72_1253,"Double Decker Gift Stores, Ltd",(171) 555-7555,120 Hanover Sq.,,London,,WA1 1DP,UK,EMEA,Hardy,Thomas,Small,10186,Scale,S7,9,9,36019.04,12,187813.5657142857,1.0,0.02914808134381495,Bronze
10197,29,41.71,1,1209.59,2003-11-26,Shipped,4,11,2003,Planes,49,S72_1253,Enaco Distributors,(93) 203 4555,"Rambla de Catalu¤a, 23",,Barcelona,,8022,Spain,EMEA,Saavedra,Eduardo,Small,10118,Growth,S7,14,14,78411.86,23,49007.4125,1.0,0.04574939797050226,Bronze
10262,21,57.11,12,1199.31,2004-06-24,Cancelled,2,6,2004,Planes,49,S72_1253,Euro Shopping Channel,(91) 555 94 44,"C/ Moralzarzal, 86",,Madrid,,28034,Spain,EMEA,Freyre,Diego,Small,10104,Early,S7,16,16,912294.11,259,390830.2231807512,1.0,0.5152993396387399,Gold
10296,21,45.19,10,948.99,2004-09-15,Shipped,3,9,2004,Planes,49,S72_1253,"Bavarian Collectables Imports, Co.",+49 89 61 08 9555,Hansastr. 15,,Munich,,80686,Germany,EMEA,Donnermeyer,Michael,Small,10296,Recent,S7,14,14,34993.92,14,12772780.799999999,1.0,0.523887847462416,Gold
10316,34,43.7,12,1485.8,2004-11-01,Shipped,4,11,2004,Planes,49,S72_1253,giftsbymail.co.uk,(198) 555-8888,Garden House Crowther Way,,Cowes,Isle of Wight,PO31 7PJ,UK,EMEA,Bennett,Helen,Small,10232,Recent,S7,18,18,78240.84,26,125805.75594713655,1.0,0.052193137398217876,Bronze
10339,27,76.31,6,2060.37,2004-11-23,Shipped,4,11,2004,Planes,49,S72_1253,"Tokyo Collectables, Ltd",+81 3 3584 0555,2-2-8 Roppongi,,Minato-ku,Tokyo,106-0032,Japan,Japan,Shimamura,Akiko,Small,10258,Recent,S7,16,16,120562.74,32,141042.94903846155,0.09121179679999217,0.06901754192631648,Bronze
10361,23,95.2,12,2189.6,2004-12-17,Shipped,4,12,2004,Planes,49,S72_1253,Souveniers And Things Co.,+61 2 9495 8555,"Monitor Money Building, 815 Pacific Hwy",Level 6,Chatswood,NSW,2067,Australia,APAC,Huxley,Adrian,Small,10139,Growth,S7,14,14,151570.98,46,80882.175,0.14445278660885533,0.08967658031400969,Bronze
10373,25,64.97,9,1624.25,2005-01-31,Shipped,1,1,2005,Planes,49,S72_1253,"Oulu Toy Supplies, Inc.",981-443655,Torikatu 38,,Oulu,,90110,Finland,EMEA,Koskitalo,Pirkko,Small,10151,Scale,S7,17,17,104370.38,32,76343.06352705411,1.0,0.06293500544345523,Bronze
10386,50,87.15,16,4357.5,2005-03-01,Resolved,1,3,2005,Planes,49,S72_1253,Euro Shopping Channel,(91) 555 94 44,"C/ Moralzarzal, 86",,Madrid,,28034,Spain,EMEA,Freyre,Diego,Medium,10104,Early,S7,18,18,912294.11,259,390830.2231807512,1.0,0.5152993396387399,Gold
10398,34,40.22,1,1367.48,2005-03-30,Shipped,1,3,2005,Planes,49,S72_1253,Reims Collectables,26.47.1555,59 rue de l'Abbaye,,Reims,,51100,France,EMEA,Henriot,Paul,Small,10121,Growth,S7,18,18,135042.94,41,71024.02463976944,1.0,0.07987576822974221,Bronze
10415,42,57.61,3,2419.62,2005-05-09,Disputed,2,5,2005,Planes,49,S72_1253,"Australian Collectables, Ltd",61-9-3844-6555,7 Allen Street,,Glen Waverly,Victoria,3150,Australia,APAC,Connery,Sean,Small,10193,Scale,S7,5,5,64591.46,23,43984.856156716414,0.14445278660885533,0.042522973876149284,Bronze
10105,25,56.78,8,1419.5,2003-02-11,Shipped,1,2,2003,Ships,54,S72_3212,Danish Wholesale Imports,31 12 3555,Vinb'ltet 34,,Kobenhavn,,1734,Denmark,EMEA,Petersen,Jytte,Small,10105,Early,S7,15,15,145041.6,36,66591.42641509433,1.0,0.07610272679186011,Bronze
10117,50,43.68,2,2184.0,2003-04-16,Shipped,2,4,2003,Ships,54,S72_3212,"Dragon Souveniers, Ltd.",+65 221 7555,"Bronz Sok., Bronz Apt. 3/6 Tesvikiye",,Singapore,,79903,Singapore,Japan,Natividad,Eric,Small,10117,Growth,S7,12,12,172989.68,43,91908.63639010189,0.09121179679999217,0.09132888493134783,Bronze
10129,32,64.97,8,2079.04,2003-06-12,Shipped,2,6,2003,Ships,54,S72_3212,"Stylish Desk Decors, Co.",(171) 555-0297,35 King George,,London,,WX3 6FW,UK,EMEA,Brown,Ann,Small,10129,Growth,S7,9,9,88804.5,26,59914.31146025878,1.0,0.05192961308909447,Bronze
10153,50,60.06,4,3003.0,2003-09-28,Shipped,3,9,2003,Ships,54,S72_3212,Euro Shopping Channel,(91) 555 94 44,"C/ Moralzarzal, 86",,Madrid,,28034,Spain,EMEA,Freyre,Diego,Medium,10104,Early,S7,13,13,912294.11,259,390830.2231807512,1.0,0.5152993396387399,Gold
10167,38,48.59,15,1846.42,2003-10-23,Cancelled,4,10,2003,Ships,54,S72_3212,Scandinavian Gift Ideas,0695-34 6555,?kergatan 24,,Boras,,S-844 67,Sweden,EMEA,Larsson,Maria,Small,10167,Scale,S7,16,16,134259.33,38,98402.92259036144,1.0,0.0773008431710182,Bronze
10177,40,50.23,6,2009.2,2003-11-07,Shipped,4,11,2003,Ships,54,S72_3212,CAF Imports,+34 913 728 555,"Merchants House, 27-30 Merchant's Quay",,Madrid,,28023,Spain,EMEA,Fernandez,Jesus,Small,10177,Scale,S7,11,11,49642.05,13,135219.0167910448,1.0,0.031234068851378527,Bronze
10197,42,50.23,12,2109.66,2003-11-26,Shipped,4,11,2003,Ships,54,S72_3212,Enaco Distributors,(93) 203 4555,"Rambla de Catalu¤a, 23",,Barcelona,,8022,Spain,EMEA,Saavedra,Eduardo,Small,10118,Growth,S7,14,14,78411.86,23,49007.4125,1.0,0.04574939797050226,Bronze
10208,42,63.88,6,2682.96,2004-01-02,Shipped,1,1,2004,Ships,54,S72_3212,"Saveley & Henriot, Co.",78.32.5555,"2, rue du Commerce",,Lyon,,69004,France,EMEA,Saveley,Mary,Small,10194,Scale,S7,15,15,142874.25,41,526758.5984848485,1.0,0.09943267580879472,Bronze
10232,24,49.69,3,1192.56,2004-03-20,Shipped,1,3,2004,Ships,54,S72_3212,giftsbymail.co.uk,(198) 555-8888,Garden House Crowther Way,,Cowes,Isle of Wight,PO31 7PJ,UK,EMEA,Bennett,Helen,Small,10232,Recent,S7,8,8,78240.84,26,125805.75594713655,1.0,0.052193137398217876,Bronze
10273,37,45.86,10,1696.82,2004-07-21,Shipped,3,7,2004,Ships,54,S72_3212,Petit Auto,(02) 5554 67,Rue Joseph-Bens 532,,Bruxelles,,B-1180,Belgium,EMEA,Dewey,Catherine,Small,10221,Recent,S7,15,15,74972.52,25,58472.157692307694,1.0,0.04768250670201093,Bronze
10293,32,60.06,1,1921.92,2004-09-09,Shipped,3,9,2004,Ships,54,S72_3212,Amica Models & Co.,011-4988555,Via Monte Bianco 34,,Torino,,10100,Italy,EMEA,Accorti,Paolo,Small,10280,Recent,S7,9,9,94117.26,26,1431366.6624999999,1.0,0.10678083828361203,Bronze
10306,35,59.51,6,2082.85,2004-10-14,Shipped,4,10,2004,Ships,54,S72_3212,"AV Stores, Co.",(171) 555-1555,Fauntleroy Circus,,Manchester,,EC2 5NT,UK,EMEA,Ashworth,Victoria,Small,10110,Early,S7,17,17,157807.81,51,94271.44132569559,1.0,0.09735950383251968,Bronze
10315,40,55.69,5,2227.6,2004-10-29,Shipped,4,10,2004,Ships,54,S72_3212,La Rochelle Gifts,40.67.8555,"67, rue des Cinquante Otages",,Nantes,,44000,France,EMEA,Labrune,Janine,Small,10275,Recent,S7,7,7,180124.9,53,210049.803514377,1.0,0.1091008571092068,Bronze
10327,37,86.74,4,3209.38,2004-11-10,Resolved,4,11,2004,Ships,54,S72_3212,Danish Wholesale Imports,31 12 3555,Vinb'ltet 34,,Kobenhavn,,1734,Denmark,EMEA,Petersen,Jytte,Medium,10105,Early,S7,8,8,145041.6,36,66591.42641509433,1.0,0.07610272679186011,Bronze
10350,20,100.0,15,2244.4,2004-12-02,Shipped,4,12,2004,Ships,54,S72_3212,Euro Shopping Channel,(91) 555 94 44,"C/ Moralzarzal, 86",,Madrid,,28034,Spain,EMEA,Freyre,Diego,Small,10104,Early,S7,17,17,912294.11,259,390830.2231807512,1.0,0.5152993396387399,Gold
10373,29,100.0,1,3978.51,2005-01-31,Shipped,1,1,2005,Ships,54,S72_3212,"Oulu Toy Supplies, Inc.",981-443655,Torikatu 38,,Oulu,,90110,Finland,EMEA,Koskitalo,Pirkko,Medium,10151,Scale,S7,17,17,104370.38,32,76343.06352705411,1.0,0.06293500544345523,Bronze
10386,43,100.0,4,5417.57,2005-03-01,Resolved,1,3,2005,Ships,54,S72_3212,Euro Shopping Channel,(91) 555 94 44,"C/ Moralzarzal, 86",,Madrid,,28034,Spain,EMEA,Freyre,Diego,Medium,10104,Early,S7,18,18,912294.11,259,390830.2231807512,1.0,0.5152993396387399,Gold
10397,34,62.24,1,2116.16,2005-03-28,Shipped,1,3,2005,Ships,54,S72_3212,Alpha Cognac,61.77.6555,1 rue Alsace-Lorraine,,Toulouse,,31000,France,EMEA,Roulet,Annette,Small,10136,Growth,S7,5,5,70488.44,20,40580.88422712934,1.0,0.040207599850367405,Bronze
